tree
version=v4
num_class=1
num_tree_per_iteration=1
label_index=0
max_feature_idx=16
objective=binary sigmoid:1
feature_names=F010101A F010201A F010401A F010601A F010701B F010801B F010901B F011201A F011401A F011601A F040202B F040502B F041202B F041702B F080601A F081001B F081601B
feature_infos=[0.0059179999999999996:143.995249] [0.0053169999999999997:97.089158999999995] [9.9999999999999995e-07:43.802681999999997] [-278440747209:458120184150.79999] [-96524.833079000004:401556.700809] [-57.036200000000001:22.812028000000002] [-64627.771968000001:407075.23657499999] [0.005927:178.345473] [0.0060889999999999998:178.345473] [-3635.4115999999999:1557.429429] [-0.26475799999999999:49435345.701636001] [0.00017100000000000001:3929086.9310690002] [-0.051964000000000003:21.527812000000001] [-0.047856999999999997:12.372862] [-0.97247399999999995:72.521435999999994] [-7925.6629510000002:10963.22262] [-48.417257999999997:59411.548891999999]
tree_sizes=3025 3454 3465 3463 3458 3461 3464 3468 3469 3469 3455 3468 3477 3467 3458 3462 3473 3478 3455 3470 3474 3460 3472 3466 3469 3467 3459 3458 3478 3478 3475 3453 3466 3466 3465 3471 3480 3454 3469 3488 3461 3479 3451 3466 3471 3448 3482 3457 3461 3471 3470 3490 3491 3480 3480 3446 3472 3465 3479 3469 3467 3470 3456 3453 3479 3469 3473 3460 3479 3484 3452 3483 3476 3458 3460 3483 3464 3477 3483 3461 3489 3460 3454 3468 3471 3475 3471 3481 3458 3436 3491 3478 3436 3455 3473 3479 3454 3488 3453 3484 3479 3472 3489

Tree=0
num_leaves=31
num_cat=0
split_feature=14 4 4 9 16 16 4 14 3 1 4 9 3 16 8 3 13 14 10 0 3 3 15 10 3 9 15 8 8 10
split_gain=15557.6 4356.65 1576.22 1280.33 1069.44 718.273 682.734 489.108 380.67 352.508 349.398 314.938 440.443 287.715 271.231 218.957 209.992 209.967 161.653 159.325 156.701 139.778 136.628 130.223 148.209 127.429 124.672 118.793 106.919 101.156
threshold=0.0028343131417539881 6.3299480000000008 6.3299480000000008 4.893503882638683 2.4722261766370397 0.88260585310000095 6.3299980000000007 -0.084114254375927164 758458295.61039031 1.3050830000000002 1.0079748951842518 2.4088505000000002 221745548.12056804 0.12643412599034834 0.84257345917128679 771048133.23000014 0.39511760209642627 -0.067507688676797531 5.709371824630419 2.3655275429507818 387835406.70000005 758458295.61039031 0.93430146637378997 2.5003367933045273 2867818415.9630742 0.85774762693530382 4.627055239010109 0.65626700000000016 0.58616584641963465 1.9190133623401653
decision_type=2 2 2 2 2 2 2 2 2 2 2 2 2 2 2 2 2 2 2 2 2 2 2 2 2 2 2 2 2 2
left_child=2 3 7 5 11 9 25 20 -5 10 -2 16 13 -13 19 29 18 -8 -3 21 -1 -9 -11 -6 -25 -4 -18 -19 -14 -7
right_child=1 4 6 8 23 15 17 14 -10 22 -12 12 28 -15 -16 -17 26 27 -20 -21 -22 -23 -24 24 -26 -27 -28 -29 -30 -31
leaf_value=0.08528938225574105 0.0096563011456628489 -0.076101321585903089 0.092307692307692313 0.078691423519009734 -0.040886699507389164 -0.02030075187969925 0.063473053892215567 0.035319949811794225 -0.076470588235294124 -0.0045084193373166759 -0.050228880565959227 -0.041388174807197947 0.10000000000000001 0.053932584269662923 0.0795053003533569 -0.020096852300242132 -0.087476596629914707 -0.002735042735042735 -0.029240710823909534 0.069497716894977177 0.057687675632276197 -0.01349095966620306 0.055696202531645568 0.063636363636363644 -0.080000000000000016 -0.037815126050420172 -0.032710280373831772 0.067892976588628765 -0.084664948453608252 0.07133907595927956
leaf_weight=2950.25 305.5 454 19.5 565.5 50.75 33.25 417.5 797 42.5 460.25 1201.5 194.5 7.9999999999999991 133.5 495.25 103.25 3605.25 292.5 309.5 273.75 622.75 179.75 118.5 176 20 535.5 107 74.75 388 319.25
leaf_count=11801 1222 1816 78 2262 203 133 1670 3188 170 1841 4806 778 32 534 1981 413 14421 1170 1238 1095 2491 719 474 704 80 2142 428 299 1552 1277
internal_value=0.000298273 -0.0441426 0.0576706 0.00266709 -0.0712109 -0.0129254 0.00919948 0.0698801 0.0678454 -0.0253506 -0.0380889 -0.0760373 -0.045442 -0.00259146 0.0481885 0.0439386 -0.0809864 0.0392163 -0.0571054 0.0357857 0.0804786 0.0263373 0.00781857 0.0304965 0.0489796 -0.0332432 -0.085898 0.0116406 -0.0809343 0.062695
internal_weight=15254.5 8596 6658.5 3149.5 5446.5 2541.5 1339.75 5318.75 608 2085.75 1507 5199.75 724 328 1745.75 455.75 4475.75 784.75 763.5 1250.5 3573 976.75 578.75 246.75 196 555 3712.25 367.25 396 352.5
internal_count=61018 34384 26634 12598 21786 10166 5359 21275 2432 8343 6028 20799 2896 1312 6983 1823 17903 3139 3054 5002 14292 3907 2315 987 784 2220 14849 1469 1584 1410
is_linear=0
shrinkage=0.05


Tree=1
num_leaves=31
num_cat=0
split_feature=14 4 6 9 16 3 16 3 6 14 0 7 14 9 3 3 3 16 7 13 9 10 3 9 6 0 9 10 3 16
split_gain=14058.9 3940.5 1760.07 1157.18 967.378 703.581 648.682 346.641 328.39 309.274 307.989 350.013 293.007 237.132 315.502 210.62 197.906 186.209 172.115 165.472 143.737 128.876 135.088 122.065 115.962 102.232 118.624 91.4623 89.1921 87.1821
threshold=0.0028343131417539881 6.3299480000000008 5.2033459752417643 4.893503882638683 2.3344130000000001 410449409.00514257 0.88260585310000095 452587330.02000004 -64.279283088684807 -0.043367350308445046 2.6140940000000001 0.80211424515362462 -0.096115576195650018 2.4088505000000002 221745548.12056804 112635448.15069546 771048133.23000014 6.8210312316801618 0.80722913632078108 0.39511760209642627 3.7024410953455331 2.5003367933045273 2867818415.9630742 1.7385661677502706 5.2039180000000007 2.6466087928159268 5.1322991230332091 1.9190133623401653 1888983120.9407077 28.503928620325652
decision_type=2 2 2 2 2 2 2 2 2 2 2 2 2 2 2 2 2 2 2 2 2 2 2 2 2 2 2 2 2 2
left_child=2 3 12 6 8 9 10 -5 15 24 11 -2 -1 19 -15 -3 27 23 25 -10 -11 29 -23 28 -4 26 -14 -8 -7 -6
right_child=1 4 5 7 21 17 16 -9 13 20 -12 -13 18 14 -16 -17 -18 -19 -20 -21 -22 22 -24 -25 -26 -27 -28 -29 -30 -31
leaf_value=0.079671707975039543 -0.034596553094966211 0.086209622732989585 0.012777725957115661 0.075987486062031095 -0.074683012253877898 -0.033696570077282779 -0.019287734544503041 -0.060304739740217272 -0.056894709800282967 -0.024784412630630959 0.033372901254930996 0.083944104821223817 0.033960432154073641 -0.0088933571642363565 -0.076836017689286606 -0.070947166887868618 -0.019093973464005053 0.077124091747978851 0.080854939205950105 -0.082803227713570252 0.086758231491744858 0.058310011875473966 -0.074931026814775328 -0.00093362968614737411 0.06639681043514796 0.073353535625915053 0.094905799234297136 0.067859900150277944 -0.091149738946961309 0.080338483851244494
leaf_weight=3072.2450505942106 1810.6952465027571 52.94577856361866 121.43533980846405 556.13859832286835 42.979690417647362 414.05730514228344 33.246575355529785 50.924783796072006 741.29406523704529 201.42971296608448 209.70652928948402 64.489380121231079 1013.9740329384804 304.83230639994144 388.79735253751278 35.690493240952492 103.23957481980324 44.21696050465107 459.27668778598309 3654.4206785708666 33.716375231742859 184.06291446089745 21.215766444802284 263.36544083058834 594.43541675806046 264.9746021181345 86.666482523083687 318.84415411949158 80.721493229269981 11.49519497156143
leaf_count=12309 7246 212 486 2228 172 1657 133 204 2968 806 839 258 4058 1220 1558 143 413 177 1840 14645 135 737 85 1054 2381 1061 347 1277 323 46
internal_value=0.000283675 -0.0419904 0.0548544 0.00253584 -0.0677615 0.011867 -0.0122854 0.0645543 -0.072485 0.0409595 -0.0240932 -0.0305198 0.0702457 -0.0741467 -0.046977 0.0229285 0.0417812 -0.0226154 0.0543768 -0.078434 -0.00879089 0.0263967 0.0445394 -0.0284325 0.0573012 0.0454718 0.0387594 0.0596309 -0.0430699 -0.0419706
internal_weight=15235.5 8585.02 6650.51 3147.28 5437.73 1753.38 2540.22 607.063 5177.98 951.017 2084.89 1875.18 4897.14 5089.34 693.63 88.6363 455.33 802.361 1824.89 4395.71 235.146 259.754 205.279 758.144 715.871 1365.62 1100.64 352.091 494.779 54.4749
internal_count=61018 34384 26634 12598 21786 7019 10166 2432 20746 3808 8343 7504 19615 20391 2778 355 1823 3211 7306 17613 941 1040 822 3034 2867 5466 4405 1410 1980 218
is_linear=0
shrinkage=0.05


Tree=2
num_leaves=31
num_cat=0
split_feature=14 4 6 9 16 14 16 5 6 1 7 14 6 6 9 9 7 15 16 0 7 9 4 16 16 2 9 15 9 5
split_gain=12733.1 3578.05 1599.29 1048.58 878.931 598.452 587.916 348.203 317.213 278.232 332.529 268.837 232.675 215.168 189.786 157.936 157.536 119.08 114.005 110.514 128.523 113.933 108.388 106.823 98.9617 96.4942 110.967 94.4024 82.6777 87.5935
threshold=0.0028343131417539881 6.3299480000000008 5.2033459752417643 4.893503882638683 2.4722261766370397 -0.051928704937812591 0.67956071736291435 0.0015009840355846081 5.2039180000000007 1.4220250000000003 0.80211424515362462 -0.096115576195650018 0.058215180481547425 5.2039180000000007 2.3005042829131224 3.2003294673042331 0.80722913632078108 -0.57796849999999989 3.1598912072800451 0.91394437011214769 0.79224900000000009 10.005309203934717 1.0079748951842518 0.31176991492694361 6.8210312316801618 0.49584926999601181 5.1322991230332091 0.93430146637378997 2.9164533527842011 0.082372349931876268
decision_type=2 2 2 2 2 2 2 2 2 2 2 2 2 2 2 2 2 2 2 2 2 2 2 2 2 2 2 2 2 2
left_child=2 3 11 6 7 8 9 13 23 10 -2 -1 -9 14 -3 -7 25 -14 22 -5 -21 -22 -8 -4 -6 26 -13 -11 29 -10
right_child=1 4 5 19 24 15 18 12 28 27 -12 16 17 -15 -16 -17 -18 -19 -20 20 21 -23 -24 -25 -26 -27 -28 -29 -30 -31
leaf_value=0.076058303807881492 -0.039378260449121107 -0.057272905372821349 -0.037295131209947797 0.076067952952794504 -0.0049671278588405135 -0.035716929894556736 0.06034470865677382 0.097949552432607723 0.080027560538466588 -0.0011642895579765066 0.07916211419502206 0.030634456984512504 -0.053762894330724426 0.10524355288690115 0.00078178877280489284 0.042242508819267582 0.07719200755184101 -0.078539110763665945 0.069518120264809496 0.093875180644192743 -0.029706649704125274 0.067353097236515239 0.0028628700218703311 0.024766726919013167 0.058506719701669922 0.066262046611342551 0.090542809531131807 0.056573825126115841 0.076182709343755678 0.030963945647032073
leaf_weight=3057.6329841911793 1469.6491934210062 587.74899490177631 167.81490616500378 414.51567935943604 119.28922824561596 573.72571462392807 115.14250753819942 19.449899166822433 111.62760806083679 359.38485339283943 61.642693638801575 937.15115156769753 556.02212478220463 25.148987263441086 185.11452330648899 73.261155068874359 457.06823638081551 3794.7903666943312 158.41555161774158 55.690168172121048 88.29723559319973 45.979664102196693 284.98928785324097 118.15242280066013 126.55328731238842 341.95001688599586 84.244625821709633 88.160728171467781 214.56411823630333 491.54194252192974
leaf_count=12309 5887 2365 672 1668 479 2297 462 78 448 1438 247 3755 2237 101 743 294 1840 15275 636 224 355 185 1143 473 508 1372 339 353 862 1973
internal_value=0.000270383 -0.0400304 0.0522883 0.00241472 -0.0646618 0.0112927 -0.0116838 -0.0690556 0.0336749 -0.0244706 -0.0346064 0.0670013 -0.0746014 -0.0386844 -0.0433678 -0.0268892 0.0517889 -0.0753728 0.0336173 0.061595 0.0300146 0.00352896 0.0194039 -0.0116532 0.0277075 0.0432723 0.0355757 0.0102094 0.0495264 0.0400441
internal_weight=15184.7 8555.98 6628.73 3141.87 5414.12 1750.69 2537.38 5168.27 1103.7 1978.84 1531.29 4878.05 4370.26 798.013 772.864 646.987 1820.41 4350.81 558.547 604.483 189.967 134.277 400.132 285.967 245.843 1363.35 1021.4 447.546 817.734 603.17
internal_count=61018 34384 26634 12598 21786 7019 10166 20799 4428 7925 6134 19615 17590 3209 3108 2591 7306 17512 2241 2432 764 540 1605 1145 987 5466 4094 1791 3283 2421
is_linear=0
shrinkage=0.05


Tree=3
num_leaves=31
num_cat=0
split_feature=14 4 9 6 6 3 4 1 3 14 3 6 15 5 11 14 8 13 6 3 9 7 3 14 1 15 9 4 11 15
split_gain=11561.6 3807.29 1049.16 900.902 556.415 529.323 441.637 533.052 329.339 287.072 275.962 250.347 212.096 209.957 229.401 195.524 181.715 162.076 160.079 155.401 141.123 139.293 136.615 122.195 105.416 90.5351 87.7722 173.65 78.5252 76.3299
threshold=-0.020219151229573597 6.3299480000000008 5.0022693113444703 5.2033459752417643 5.2033459752417643 584830839.45233357 1.0079748951842518 1.4464389838576659 118515038.62113485 0.054368500000000007 452587330.02000004 5.2039180000000007 -0.15355049999999998 0.14468895576394872 14.750082716971077 0.073609500000000008 0.86694300000000013 0.34848631349319498 -8.5024382133587739 43816995.111916468 2.7949455000000003 0.73071144379664432 758458295.61039031 -0.089096451031183035 2.6388984650149792 -99.589762426766825 2.3516822103040878 6.3299980000000007 1.6763310000000002 1.1359320000000002
decision_type=2 2 2 2 2 2 2 2 2 2 2 2 2 2 2 2 2 2 2 2 2 2 2 2 2 2 2 2 2 2
left_child=3 2 6 16 8 11 12 15 18 -10 -4 -5 22 14 19 -8 23 -11 -3 -6 -7 -20 -2 25 -9 -1 29 -28 -25 -15
right_child=1 4 10 5 13 20 7 24 9 17 -12 -13 -14 26 -16 -17 -18 -19 21 -21 -22 -23 -24 28 -26 -27 27 -29 -30 -31
leaf_value=-0.10038065381266666 0.025683666774928261 0.068765573897616769 0.070856136028820724 -0.0092319645076862061 0.0040746281293687148 -0.036393704296207113 -0.011358334515547656 0.01100566047204924 0.024539003551045789 -0.0011703702111524536 -0.051551854848240257 0.054242147329931517 0.091572574469552984 -0.078576405096385443 0.0059062928831548327 -0.045746955648715046 0.078945082294056543 -0.068460003901651453 -0.043749955556506237 -0.063818681398209773 0.040141884620216887 0.076737162946887649 -0.043752333684193304 0.0093782584209011477 0.059370603212263395 0.066707885241126377 -0.085146947021862485 -0.015417401782716717 0.049699241776819704 -0.051640261505984032
leaf_weight=8.1449796408414823 494.84634935855865 112.18690164387226 626.98356007039547 194.26138739287853 92.471542909741402 376.87180453538895 702.1421210616827 372.29047785699368 132.6581576615572 108.70966605842113 49.692905604839325 775.3799961656332 109.7376915961504 2830.2109124660492 163.38512583076954 1004.9422664642334 1771.9273142516613 506.09100835025311 94.692385613918304 951.78268679976463 71.686395898461342 32.12586635351181 82.673167392611504 143.9669439047575 161.55341991782188 1741.4587622880936 176.6714241206646 180.51241338253021 748.76110093295574 289.9493406265974
leaf_count=33 1987 450 2540 778 372 1511 2818 1492 535 438 200 3124 441 11476 659 4035 7189 2049 382 3851 288 129 331 578 649 7058 715 727 3010 1173
internal_value=0.000258352 -0.0344235 0.00575494 0.0554185 -0.0599615 0.0207494 -0.00721201 -0.0179655 -0.0258315 -0.0421681 0.0618669 0.0415255 0.0278517 -0.0671479 -0.0491866 -0.0316025 0.0665569 -0.0565618 0.0252591 -0.0578065 -0.0241622 -0.0132279 0.0157438 0.0582495 0.025642 0.06593 -0.0733856 -0.0499073 0.0431968 -0.0760733
internal_weight=15108.8 9276.31 3604.86 5832.46 5671.45 1418.2 2928.19 2240.93 986.464 747.459 676.676 969.641 687.257 4684.98 1207.64 1707.08 4414.26 614.801 239.005 1044.25 448.558 126.818 577.52 2642.33 533.844 1749.6 3477.34 357.184 892.728 3120.16
internal_count=61018 37449 14493 23569 22956 5701 11753 8994 3983 3022 2740 3902 2759 18973 4882 6853 17868 2487 961 4223 1799 511 2318 10679 2141 7091 14091 1442 3588 12649
is_linear=0
shrinkage=0.05


Tree=4
num_leaves=31
num_cat=0
split_feature=14 4 6 9 16 14 16 5 1 7 10 7 9 14 6 6 10 15 10 16 0 7 9 9 1 5 15 9 16 16
split_gain=10536 2975.54 1332.84 870.64 787.578 518.251 506.689 305.197 255.29 313.253 250.278 232.81 201.299 194.966 169.403 167.994 165.812 143.536 124.925 122.96 120.992 145.662 106.758 98.3159 97.0126 92.7998 91.0011 85.6718 83.4404 78.0962
threshold=0.0028343131417539881 6.3299480000000008 5.2033459752417643 4.3476423220714731 3.4271025532330035 -0.084114254375927164 0.67956071736291435 0.12553094724003119 1.1451194053393503 0.77094809425588018 10.180232339759348 0.84165548111521959 3.6464821645361867 -0.076763751547061651 -183.1342332471655 5.2039180000000007 2.5954164476192525 0.93430146637378997 10.675257000000002 0.13313750000000005 0.91394437011214769 0.76627559622159203 0.85774762693530382 10.005309203934717 2.4771963424021837 0.23816245508538272 -99.589762426766825 6.1394955000000007 0.30084500000000008 0.14353900000000003
decision_type=2 2 2 2 2 2 2 2 2 2 2 2 2 2 2 2 2 2 2 2 2 2 2 2 2 2 2 2 2 2
left_child=2 3 11 6 7 15 8 10 9 -2 14 13 22 26 -3 28 -8 -10 -9 -20 -5 -22 -7 -23 27 -24 -1 -15 -4 -12
right_child=1 4 5 20 -6 12 16 18 17 -11 29 -13 -14 24 -16 -17 -18 -19 19 -21 21 23 25 -25 -26 -27 -28 -29 -30 -31
leaf_value=-0.096001185735811012 -0.043405025470813756 0.048066207992831053 -0.031947837480119132 0.067401684419124933 0.039319721808437763 0.094267970489143371 -0.020000773736867816 -0.078527022143505029 -0.010973482729741427 0.074706236743443455 -0.031430413386760177 0.077257391323519192 0.053976804664272029 0.027396139514536962 -0.059409899598798749 0.051759324847444332 0.046593998221628574 0.046027090355646394 -0.068926428020837913 -0.033985282055636591 0.091556656356848634 -0.020961661177763234 -0.010581460200113064 0.062818430989390758 0.071410553763171208 -0.044621610022195168 0.063721059204286737 0.084331472425374268 0.034201065662431744 0.013125395724541248
leaf_weight=8.9565627425909025 1156.1213721334934 37.768512278795242 104.14890640974045 444.80537575483322 195.05103696882725 18.880955129861832 121.12678247690201 2245.9759442061186 557.14766195416451 59.002344131469727 212.4999123364687 1565.3819505721331 93.943563804030418 926.84415902197361 1253.4545049071312 628.828597843647 409.38189458847046 137.75090634822845 851.27144211530685 357.5361583083868 58.985083535313606 133.19625541567802 441.84286558628082 47.506750583648682 179.19680300354958 366.12630128860474 2058.2486294060946 71.143058016896248 87.91476272046566 183.07675509154797
leaf_count=36 4649 152 418 1817 784 76 486 9199 2233 238 862 6421 380 3730 5104 2547 1649 554 3486 1459 240 538 1775 194 727 1471 8410 291 352 740
internal_value=0.000247001 -0.0366094 0.0478496 0.00213704 -0.0592986 0.0103723 -0.0118397 -0.0630397 -0.0238464 -0.0376699 -0.045606 0.0614207 -0.01538 0.0537796 -0.0562662 0.0392587 0.0313889 0.000325836 -0.0715518 -0.0585917 0.0519704 0.0233335 -0.0232601 0.00106409 0.0375371 -0.0260065 0.063029 0.0314549 -0.001669 -0.0108095
internal_weight=15013.1 8461.66 6551.46 3125.02 5336.63 1741.69 2440.53 5141.58 1910.02 1215.12 1686.8 4809.77 920.794 3244.39 1291.22 820.892 530.509 694.899 3454.78 1208.81 684.493 239.688 826.85 180.703 1177.18 807.969 2067.21 997.987 192.064 395.577
internal_count=61018 34384 26634 12598 21786 7019 9809 21002 7674 4887 6858 19615 3702 13194 5256 3317 2135 2787 14144 4945 2789 972 3322 732 4748 3246 8446 4021 770 1602
is_linear=0
shrinkage=0.05


Tree=5
num_leaves=31
num_cat=0
split_feature=14 4 9 6 16 3 16 5 3 3 7 0 6 3 3 14 6 0 16 7 4 16 16 3 5 2 14 15 14 16
split_gain=9625.9 3010.33 837.118 823.716 765.349 481.755 463.728 369.646 448.538 364.216 302.662 336.898 209.983 196.64 184.265 177.232 168.345 165.342 138.521 120.584 118.909 104.163 87.6672 84.7634 83.8366 72.6233 70.332 69.0437 68.2638 64.637
threshold=-0.016637999999999997 6.3299480000000008 4.1789669891585293 5.2033459752417643 4.1931887143493514 483463106.21955508 0.67956071736291435 0.0043684435471005615 132306190.61500001 758458295.61039031 0.76205997033871686 1.7903150000000003 0.11886115563988107 771048133.23000014 832347534.31500018 0.064718275776419323 5.2039180000000007 1.3959929881925082 9.5929229698601279 0.73071144379664432 6.3299980000000007 0.11364250000000002 9.5929229698601279 -2128508895.617614 0.11201556119498775 0.48902971637922144 -0.14115217975056113 -77.031426951190781 -0.043367350308445046 -0.016522097543994318
decision_type=2 2 2 2 2 2 2 2 2 2 2 2 2 2 2 2 2 2 2 2 2 2 2 2 2 2 2 2 2 2
left_child=3 2 6 14 7 16 10 8 21 -4 11 -2 -9 25 19 -10 26 -16 24 23 -14 -3 -15 -1 29 -8 -5 -25 -18 -7
right_child=1 4 9 5 -6 18 13 12 15 -11 -12 -13 20 22 17 -17 28 -19 -20 -21 -22 -23 -24 27 -26 -27 -28 -29 -30 -31
leaf_value=-0.012020921906652849 -0.035602460922342816 -0.0020132298509192839 0.060282831190585986 0.042224559481013946 0.047399668406659795 -0.056146924923437661 0.032481310049106031 0.092997783335005635 -0.006259736308309634 -0.058027568664742395 0.076712251553157598 0.010150897084833138 -0.073963464304514809 -0.03754875091216614 -0.046447770317547675 -0.063515905562180369 0.05723746878484906 0.042525873166805582 0.078275187185686032 0.072852269800833799 -0.057523650424189991 0.069435952630491959 0.075111259896438784 -0.050628747312793626 -0.040375298066448094 0.075283772093916235 -0.028160649267160082 0.057899176629983534 0.013020817403444239 0.015264179603842479
leaf_weight=45.478789031505585 1504.2835400849581 96.025487080216408 718.62946927547455 52.414643093943596 176.78529180586338 39.714104026556015 288.20031483471394 21.135399475693703 184.14017361402512 71.525519266724586 78.433988988399506 549.24095837771893 2012.2757915854454 118.36365000903606 60.200452253222466 508.08066131174564 614.43907688558102 393.67223763465881 34.556275948882103 2036.1554697006941 2425.948721498251 108.81485369801521 20.217279091477394 14.769925832748411 331.95491071045399 151.0368639677763 109.92958231270313 1880.8976631611586 101.7426815032959 156.7869238704443
leaf_count=186 6062 388 2955 210 712 160 1164 85 747 289 319 2207 8325 474 245 2082 2506 1609 140 8451 10013 438 81 60 1335 612 441 7721 409 630
internal_value=0.000394473 -0.0320031 0.00428934 0.0502269 -0.0549592 0.0173958 -0.00891519 -0.0583375 -0.0290521 0.0495733 -0.0196833 -0.0233651 -0.0642287 0.0308157 0.0609075 -0.048285 0.0405352 0.0307246 -0.0187109 0.0643518 -0.0649774 0.0359419 -0.021113 0.0554353 -0.0250529 0.0471994 -0.005436 0.0570536 0.0509559 0.000831542
internal_weight=14905.9 9033.14 3499.93 5872.71 5533.21 1441.54 2709.78 5356.42 897.061 790.155 2131.96 2053.52 4459.36 577.818 4431.17 692.221 878.526 453.873 563.012 3977.3 4438.22 204.84 138.581 1941.15 528.456 439.237 162.344 1895.67 716.182 196.501
internal_count=61056 36953 14163 24103 22790 5831 10919 22078 3655 3244 8588 8269 18423 2331 18272 2829 3566 1854 2265 16418 18338 826 555 7967 2125 1776 651 7781 2915 790
is_linear=0
shrinkage=0.05


Tree=6
num_leaves=31
num_cat=0
split_feature=14 4 9 6 16 16 6 6 14 7 1 7 10 16 0 14 11 11 14 10 9 16 7 9 15 9 10 11 10 13
split_gain=8773.33 2757.74 762.484 761.031 699.274 419.904 362.649 322.907 305.277 275.181 308.039 173.957 165.721 205.157 159.101 151.251 149.337 133.101 118.968 107.33 100.702 99.7172 85.5894 149.733 85.3556 84.8324 79.4538 75.1777 69.9455 60.8722
threshold=-0.016637999999999997 6.3299480000000008 4.1789669891585293 5.2033459752417643 4.1931887143493514 0.67956071736291435 5.2039180000000007 5.2033459752417643 0.075356761861594554 0.76205997033871686 1.3050830000000002 0.84165548111521959 10.180232339759348 0.14005809378718145 0.73519465079947 -0.084114254375927164 2.3554538813002681 0.35318872195448742 -0.089096451031183035 1.9534889621680924 0.85774762693530382 0.42252493175126171 0.76205997033871686 5.0022693113444703 -99.589762426766825 4.0320005689159837 2.561752336102264 1.3396260000000002 2.1658809361532909 0.39809721402865289
decision_type=2 2 2 2 2 2 2 2 2 2 2 2 2 2 2 2 2 2 2 2 2 2 2 2 2 2 2 2 2 2
left_child=3 2 5 11 7 9 20 8 26 10 -2 18 29 -14 -10 -8 -7 -4 24 -18 -5 -22 -19 -24 -1 -17 -3 -20 -23 -9
right_child=1 4 17 6 -6 16 15 12 14 -11 -12 -13 13 -15 -16 25 19 22 27 -21 21 28 23 -25 -26 -27 -28 -29 -30 -31
leaf_value=-0.087094044289512743 -0.034832844884014967 -0.048750651684904667 -0.060515469231776003 0.089885090042060009 0.045186708905572665 -0.011028001382892755 0.048516005725827434 -0.055195801945421633 0.06328989061958197 0.07367464114283509 0.0076075509793509842 0.072443774469504105 -0.060707762608615358 -0.020826433418023788 -0.049795708061327 -0.00054619479869204269 -0.027834175276207358 0.085997007594377894 -0.00027634865848586332 0.054330046924738779 -0.045495927121049683 -0.061609432437335049 -0.016935903042828535 0.053461181866804965 0.059567596952876403 0.065597119083139907 0.038693365648271486 0.042449446626876219 0.024422433075870928 -0.072467772121162066
leaf_weight=9.9732647985219938 1441.4442075788975 30.621315091848373 27.494527414441109 19.184949263930321 176.18583670258522 163.55101963877678 612.44254618883133 659.247040823102 32.64463022351265 77.605080783367157 607.84417307376862 1487.972421169281 1016.5268405079842 472.29264798760414 658.51370894908905 340.06874631345272 44.567034512758255 145.0976382791996 116.48263245820999 367.43648821115494 264.63112370669842 29.895654007792473 88.316051572561264 521.93608306348324 1879.4279120862484 56.535377115011215 171.28873692452908 886.54410727322102 112.6449258774519 2255.1644878536463
leaf_count=40 5827 125 112 77 712 659 2513 2739 132 319 2442 6284 4251 1948 2721 1370 179 600 472 1493 1067 120 357 2175 7853 232 696 3623 452 9466
internal_value=0.000378511 -0.0306681 0.00409509 0.048198 -0.0528079 -0.00849199 0.0166017 -0.0560678 -0.0286542 -0.0187446 -0.0222445 0.0585517 -0.0616278 -0.0480564 -0.0444545 0.0329381 0.0293955 0.0475468 0.0514051 0.0454422 -0.0220613 -0.027336 0.0514802 0.0432733 0.0587934 0.00888244 0.0254318 0.0374877 0.0063786 -0.0685608
internal_weight=14773.6 8957.78 3485.29 5815.8 5472.49 2702.45 1435.4 5296.3 893.068 2126.89 2049.29 4380.4 4403.23 1488.82 691.158 1009.05 575.555 782.844 2892.43 412.004 426.357 407.172 755.35 610.252 1889.4 396.604 201.91 1003.03 142.541 2914.41
internal_count=61056 36953 14163 24103 22790 10919 5831 22078 3674 8588 8269 18272 18404 6199 2853 4115 2331 3244 11988 1672 1716 1639 3132 2532 7893 1602 821 4095 572 12205
is_linear=0
shrinkage=0.05


Tree=7
num_leaves=31
num_cat=0
split_feature=14 4 4 9 16 4 16 7 14 9 12 7 12 12 13 10 9 0 11 9 10 11 15 9 16 15 10 16 10 14
split_gain=8032.55 2167.64 913.566 641.156 626.637 397.473 394.213 319.673 249.637 249.075 242.496 239.504 192.823 189.149 162.821 149.302 143.84 163.164 141.439 136.65 136.179 115.417 110.911 100.659 91.6225 85.975 82.4458 79.4831 82.0318 79.0339
threshold=0.0062006223412620189 6.3299480000000008 6.3299480000000008 5.0022693113444703 3.4271025532330035 6.3299980000000007 0.88260585310000095 0.76205997033871686 -0.089096451031183035 2.4468305000000004 0.9042432216078311 0.58984468742234875 0.94596650000000004 0.94596650000000004 0.39511760209642627 2.5003367933045273 4.1789669891585293 2.5236741597124781 1.8600368731306378 1.7657472095745601 4.8802585171133073 0.35318872195448742 1.1359320000000002 0.85774762693530382 0.40710056084213792 -26.563697518630935 1.9534889621680924 0.42964907678703518 2.1658809361532909 -0.19800834328166397
decision_type=2 2 2 2 2 2 2 2 2 2 2 2 2 2 2 2 2 2 2 2 2 2 2 2 2 2 2 2 2 2
left_child=2 3 7 6 9 23 10 8 25 14 15 -11 -13 -12 20 -2 17 -10 -8 24 -3 -5 -16 -4 29 -1 -20 -25 -29 -7
right_child=1 4 5 21 -6 19 18 -9 16 11 13 12 -14 -15 22 -17 -18 -19 26 -21 -22 -23 -24 27 -26 -27 -28 28 -30 -31
leaf_value=0.005483745695211077 -0.02605863359799733 -0.059647371501871063 0.08597809853873209 -0.083087900039300194 0.036269120108992768 0.053854671291613802 -0.01984033258465526 0.066983603881617768 0.011197914553527484 0.10878056630611842 -0.074547593066461457 -0.054590447089857365 0.0019587744219731816 -0.023650205032999777 -0.067983603958265776 0.020586498703025584 0.082217582110775192 0.057101667660607897 -0.022060802547543262 0.049164260375466229 -0.016937521628560298 0.054200345395705521 -0.038275832804090137 -0.044150307818423898 0.040467612043736924 0.0560805138685503 0.056047856520467544 -0.066754078504953601 0.01532246737364759 -0.022137456519959471
leaf_weight=88.298274055123329 270.06743523478508 392.07507845759392 19.056924402713776 15.76838782429695 191.31279914081097 40.623158395290375 100.18526323139668 2018.9294753968716 982.39135207235813 30.563727006316185 220.02297449111938 422.32510875165462 234.42108918726444 1071.4237354844809 3145.62339861691 470.28122636675835 101.38483725488186 241.09078465402126 37.901799097657204 389.83806158602238 356.18544311821461 525.28154012560844 349.03965908288956 366.94381070137024 136.94062672555447 1708.3848547637463 310.95608881115913 39.289580211043358 135.19967512786388 216.89781267940998
leaf_count=368 1091 1647 77 65 776 170 404 8634 3981 124 892 1762 964 4344 13405 1900 422 995 152 1605 1476 2216 1468 1493 563 7199 1275 159 544 885
internal_value=0.000363343 -0.0327006 0.0418811 0.000882603 -0.0525158 0.00519084 -0.00987293 0.0514795 0.041452 -0.055961 -0.0192429 -0.0280383 -0.0344056 -0.0323216 -0.0604842 0.0035711 0.0249859 0.0202434 0.0325238 0.0281703 -0.0393167 0.0501992 -0.0650165 -0.0269645 0.00742237 0.0535939 0.0475617 -0.0309398 -0.00315863 -0.0101499
internal_weight=14628.7 8143.43 6485.27 3021.89 5121.55 1344.79 2480.84 5140.48 3121.55 4930.23 2031.8 687.31 656.746 1291.45 4242.92 740.349 1324.87 1223.48 449.043 784.3 748.261 541.05 3494.66 560.49 394.462 1796.68 348.858 541.433 174.489 257.521
internal_count=61056 33961 27095 12339 21622 5496 10058 21599 12965 20846 8227 2850 2726 5236 17996 2991 5398 4976 1831 3223 3123 2281 14873 2273 1618 7567 1427 2196 703 1055
is_linear=0
shrinkage=0.05


Tree=8
num_leaves=31
num_cat=0
split_feature=14 4 9 6 16 16 5 11 6 9 0 14 7 10 10 11 14 16 11 14 16 7 9 6 5 13 9 11 10 2
split_gain=7337.21 2388.49 655.839 617.352 594.002 363.637 343.044 302.334 281.122 274.215 219.379 159.166 149.131 127.768 124.697 117.37 116.436 106.203 101.259 95.5687 86.1575 83.4701 132.365 73.1008 70.575 69.977 68.0176 66.3156 64.6113 61.3487
threshold=-0.020219151229573597 6.3299480000000008 4.1789669891585293 5.2033459752417643 4.1931887143493514 0.67956071736291435 0.10498700000000001 15.502867373456853 5.2039180000000007 1.3481564127082368 2.6784395000000001 0.075356761861594554 0.87352362826642238 2.8300714925105148 10.675257000000002 0.35318872195448742 -0.084114254375927164 0.60901480723798584 1.3396260000000002 -0.089096451031183035 0.21172770683714001 0.76205997033871686 5.0022693113444703 2.2250668453095939 0.13256895203956559 0.51893600000000017 3.7024410953455331 1.3396260000000002 2.1658809361532909 0.20573350000000004
decision_type=2 2 2 2 2 2 2 2 2 2 2 2 2 2 2 2 2 2 2 2 2 2 2 2 2 2 2 2 2 2
left_child=3 2 5 12 6 9 7 11 20 -2 -11 -3 19 -7 23 -4 -10 -16 -15 -1 -5 -17 -23 -8 -18 -9 -26 -21 -22 -6
right_child=1 4 15 8 29 13 14 25 16 10 -12 -13 -14 18 17 21 24 -19 -20 27 28 22 -24 -25 26 -27 -28 -29 -30 -31
leaf_value=0.055021082531942281 0.039094117708519616 -0.01353742364131485 -0.055590868909764446 -0.040864612978468016 -0.083227535219172671 -0.012120409665484624 0.077206689787859786 0.061509813333957844 0.044429117520346811 -0.027036978637996308 0.039215282157638101 -0.051643246257711932 0.068981777084766854 -0.015186039053221018 -0.051951960409545264 0.081757711959759921 0.043800550866647511 0.0025255836045690147 0.051857347284776992 1.7347762271839435e-06 -0.056805366238242831 -0.016427665177591862 0.049512785171052266 -0.067826660556924323 -0.015543769677162301 0.0017809388936165947 0.055044466144015314 0.040556632821090746 0.018800840867525592 0.04819092104242978
leaf_weight=1928.3640348911285 198.92586369812489 376.03242346644402 28.327750831842422 210.80045394599438 9.3766289204359037 149.54028412699699 8.7206908762454969 73.633734613656998 602.00677159428596 1829.456137791276 134.10846672952175 1010.3014337569475 1297.1859299838543 66.598182991147041 1158.0868069678545 148.00858031213284 103.48532745242119 96.952159598469734 364.91622000932693 114.27701476216316 34.369651287794113 89.070700690150261 522.78051972389221 2326.7602232843637 225.64473421871662 146.80157479643822 40.207988768815994 854.86201399564743 158.89635518193245 167.80224603414536
leaf_count=8281 814 1557 117 858 38 604 36 301 2513 7422 541 4277 5683 268 4963 628 422 402 1502 466 139 361 2230 10078 909 609 168 3545 640 684
internal_value=0.000348648 -0.0278022 0.00413958 0.0453599 -0.0487922 -0.00740914 -0.0518613 -0.0326588 0.0162903 -0.0168449 -0.0225121 -0.0413073 0.0548916 0.0277078 -0.0604545 0.0443387 0.0308698 -0.0477436 0.0415101 0.0485836 -0.0187575 0.048064 0.0399135 -0.0672851 0.00876858 0.0217326 -0.00486789 0.0357746 0.00535534 0.041236
internal_weight=14476.3 8906.2 3531.73 5570.1 5374.47 2743.55 5197.29 1606.77 1375.41 2162.49 1963.56 1386.33 4194.69 581.055 3590.52 788.188 971.345 1255.04 431.514 2897.5 404.066 759.86 611.851 2335.48 369.338 220.435 265.853 969.139 193.266 177.179
internal_count=61056 37432 14487 23624 22945 11151 22223 6744 5649 8777 7963 5834 17975 2374 15479 3336 4012 5365 1770 12292 1637 3219 2591 10114 1499 910 1077 4011 779 722
is_linear=0
shrinkage=0.05


Tree=9
num_leaves=31
num_cat=0
split_feature=14 4 3 9 16 16 5 7 3 5 3 14 7 3 16 9 3 14 14 2 3 16 3 10 10 8 3 16 14 14
split_gain=6734.41 1832.59 863.922 536.733 530.202 320.768 280.072 275.718 267.152 266.121 373.42 223.358 194.22 180.755 163.188 150.556 168.767 147.31 131.618 127.754 125.058 124.504 106.08 96.7347 91.9024 82.7847 82.109 80.6403 69.7879 66.5399
threshold=0.0062006223412620189 6.3299480000000008 410449409.00514257 4.5472872515198643 3.4271025532330035 0.34883496922447738 0.025733500000000003 0.73071144379664432 758458295.61039031 0.0043684435471005615 118515038.62113485 -0.093979384983474815 0.78698810992670221 771048133.23000014 5.2032189418324819 3.7024410953455331 -252036473.00043306 0.075356761861594554 0.064718275776419323 0.59799550000000012 34806899.995000012 0.27364950000000005 728111510.38926899 4.0907218593005004 157.04495081613626 0.38387660634573689 2867818415.9630742 0.11364250000000002 -0.10950604340221747 -0.051928704937812591
decision_type=2 2 2 2 2 2 2 2 2 2 2 2 2 2 2 2 2 2 2 2 2 2 2 2 2 2 2 2 2 2
left_child=2 3 7 5 9 12 28 11 -5 10 27 -1 17 19 22 16 -13 -2 -12 -7 21 -11 29 -24 -22 -15 -6 -3 -4 -8
right_child=1 4 6 8 26 13 14 -9 -10 20 18 15 -14 25 -16 -17 -18 -19 -20 -21 24 -23 23 -25 -26 -27 -28 -29 -30 -31
leaf_value=0.052983812497266802 -0.0056622069957861379 0.0030379084589661604 0.048000880817562597 0.053270811447867265 0.043147648760313712 0.016497260666458978 0.026410820424248166 0.063721702501910157 -0.0660876155197377 -0.044116365052838946 0.0008522666859051214 -0.023178124646553288 0.068941485922254117 0.046377575060146163 0.068907705842441838 0.081184262420041634 0.027147870549511673 -0.038073948560493308 -0.055936048431611957 0.069872454815103568 -0.061607544626802818 0.029121479226208238 -0.054180101809478055 -0.011507742289524777 -0.019206661752276588 -0.035610018426744564 -0.075449762659762748 0.07061036300949973 0.018711474248207478 -0.018071285181173024
leaf_weight=1291.4943199008703 547.35601937770844 84.368206173181534 362.82108534872532 546.90999233722687 173.6447634100914 439.09656973183155 213.62963229417801 2118.9851842224598 51.275781854987144 278.1566960811615 129.14550773799419 212.00966975092888 55.33308008313179 36.723016381263733 65.189931213855743 98.503506153821945 777.5629830956459 975.05537538230419 485.9947365373373 150.54343098402023 3514.5699958950281 73.327872708439827 198.80652762949467 400.06925854086876 132.61823724210262 190.5354206264019 15.933336660265921 92.625980839133263 462.78547984361649 138.62778390944004
leaf_count=5579 2222 345 1556 2361 712 1801 890 9378 210 1191 532 864 230 148 274 418 3187 3974 2082 624 15444 303 818 1649 575 769 64 374 1912 570
internal_value=0.000335187 -0.0302484 0.0387943 0.000674219 -0.0488305 -0.00990871 0.00995093 0.0506042 0.0430395 -0.0520758 -0.0255991 0.0389232 -0.0230764 0.0155232 -0.0076218 0.0222339 0.0163658 -0.0264209 -0.0440136 0.0301247 -0.0573208 -0.0288372 -0.0128671 -0.0256735 -0.0600658 -0.0223615 0.03318 0.0384005 0.031583 0.00890528
internal_weight=14313.7 7973.21 6340.49 2992.83 4980.39 2394.64 1841.93 4498.56 598.186 4790.81 792.134 2379.57 1577.74 816.898 1016.32 1088.08 989.573 1522.41 615.14 589.64 3998.67 351.485 951.133 598.876 3647.19 227.258 189.578 176.994 825.607 352.257
internal_count=61056 33961 27095 12339 21622 9768 7669 19426 2571 20846 3333 10048 6426 3342 4201 4469 4051 6196 2614 2425 17513 1494 3927 2467 16019 917 776 719 3468 1460
is_linear=0
shrinkage=0.05


Tree=10
num_leaves=31
num_cat=0
split_feature=14 4 9 3 5 3 4 0 6 15 3 10 11 14 7 3 6 14 6 3 9 14 9 0 6 15 4 14 14 11
split_gain=6219.4 2095.01 640.61 482.612 434.844 473.744 354.092 407.67 311.745 209.269 206.4 171.325 167.43 158.428 154.049 134.073 131.772 122.787 120.231 119.266 104.896 94.6044 90.4618 86.9473 75.5247 72.8212 70.0638 67.0223 64.4535 59.5515
threshold=-0.030627946666309434 6.3299480000000008 5.0022693113444703 410449409.00514257 0.12553094724003119 118515038.62113485 1.0079748951842518 2.8571014465908378 5.2033459752417643 -0.15355049999999998 452587330.02000004 10.675257000000002 11.829453000000003 0.073609500000000008 0.68910450000000012 758458295.61039031 5.2033459752417643 0.041116122357155539 -8.5024382133587739 -2128508895.617614 3.1604915005879062 0.075356761861594554 3.2003294673042331 1.6686868220799587 2.2250668453095939 -0.51389999684543508 -114.18928760014482 -0.14115217975056113 -0.093979384983474815 0.24289500000000006
decision_type=2 2 2 2 2 2 2 2 2 2 2 2 2 2 2 2 2 2 2 2 2 2 2 2 2 2 2 2 2 2
left_child=3 2 6 14 5 18 9 13 23 15 -4 24 17 -8 19 -2 -13 -7 -3 -1 -20 -18 28 -5 -6 -14 -25 -10 -21 -28
right_child=1 4 10 8 11 12 7 -9 27 -11 -12 16 25 -15 -16 -17 21 -19 20 22 -22 -23 -24 26 -26 -27 29 -29 -30 -31
leaf_value=-0.06380684876160779 0.022575578431082863 0.067354967322049125 0.056390105896819621 0.013937274070304234 0.077467425037344093 -0.015010723608081353 -0.0065598922313446599 0.046436358573578043 0.015713270699334165 0.085909851299089957 -0.046906351413718232 0.048616783013330951 0.05392987626164885 -0.034507665780241302 0.062312175371854128 -0.04282794994399642 -0.019356099550462757 -0.053172538672682401 -0.01534966892996765 0.047000304917519768 0.051695806381793677 -0.051748835022979903 0.077036042510708586 -0.12768171807480716 -0.064547019967151856 -0.0139633796925147 -0.041497485843132481 -0.022927361426105866 0.025126024420036648 0.053633560084771263
leaf_weight=26.210135892033577 525.28458984196186 112.59102308750153 614.37013775110245 261.40473732352257 9.4019561856985074 265.58467181026936 884.69409295916557 238.60602156817913 160.07407397031784 116.39461067318916 52.490817368030548 39.913986757397652 51.050441220402718 1188.0221681892872 2058.202952876687 92.095350816845894 299.68806470930576 1021.5166555345058 184.54760694503784 1004.8302417397499 85.306409910321236 909.31235465407372 181.41246598958969 5.5606491863727561 2197.5685179829597 174.48805457353592 16.975064978003502 375.38309696316719 506.51088173687458 532.68931689858437
leaf_count=109 2158 457 2722 1110 39 1102 3600 982 658 483 217 168 213 4872 9284 372 1285 4462 773 4396 350 4017 795 24 9876 739 72 1527 2088 2292
internal_value=-8.93328e-05 -0.0249901 0.00387307 0.0439081 -0.0450124 -0.0257644 -0.0058473 -0.0154541 0.0182737 0.0244132 0.0482593 -0.0555673 -0.0383347 -0.0225788 0.0530842 0.0128193 -0.0407683 -0.0452981 0.0239533 0.0420351 0.00584479 -0.0437193 0.0436739 0.0377146 -0.063942 0.0014042 0.0489092 -0.0113758 0.0396694 0.0506957
internal_weight=14192.2 9062.93 3711.96 5129.25 5350.97 1895.08 3045.1 2311.32 1352.09 733.775 666.861 3455.88 1512.64 2072.72 3777.17 617.38 1248.91 1287.1 382.445 1718.96 269.854 1209 1692.75 816.63 2206.97 225.538 555.225 535.457 1511.34 549.664
internal_count=61242 38887 15406 22355 23481 8096 12467 9454 5683 3013 2939 15385 6516 8472 16672 2530 5470 5564 1580 7388 1123 5302 7279 3498 9915 952 2388 2185 6484 2364
is_linear=0
shrinkage=0.05


Tree=11
num_leaves=31
num_cat=0
split_feature=14 4 9 6 5 4 2 11 6 15 14 13 10 10 10 6 8 6 8 0 1 14 9 5 15 11 6 13 9 13
split_gain=5691.81 1928.97 588.315 437.807 409.268 320.62 386.173 285.539 219.045 192.663 174.354 173.491 164.384 158.758 125.47 120.322 118.935 98.6871 97.7433 93.7071 98.038 88.7508 81.9416 92.7031 80.6846 76.6851 69.5321 68.4495 61.7951 55.6606
threshold=-0.030627946666309434 6.3299480000000008 5.0022693113444703 5.2033459752417643 0.12553094724003119 1.0079748951842518 0.59799550000000012 15.502867373456853 5.2039180000000007 -0.15355049999999998 0.073609500000000008 0.51893600000000017 10.675257000000002 3.9740945000000005 16.903092764832994 5.2033459752417643 0.90406642307855811 7.1585794609177524 0.89772625459618094 0.92410268501990833 0.72149351833537778 0.075356761861594554 2.9164533527842011 0.012301752818770464 -99.589762426766825 1.2003141821956584 2.2250668453095939 0.51895246327195366 0.85774762693530382 0.51893600000000017
decision_type=2 2 2 2 2 2 2 2 2 2 2 2 2 2 2 2 2 2 2 2 2 2 2 2 2 2 2 2 2 2
left_child=3 2 5 16 7 9 10 11 28 18 -7 13 26 -3 -13 -14 24 -8 -2 -4 -21 -17 23 -10 -1 -26 -6 -25 -5 -9
right_child=1 4 19 8 12 6 17 29 22 -11 -12 14 15 -15 -16 21 -18 -19 -20 20 -22 -23 -24 27 25 -27 -28 -29 -30 -31
leaf_value=-0.080056540571351406 0.0038018398709894772 -0.035955422319313729 0.05842408132752195 0.079430422254853916 0.073383829609708781 -0.0074703285440217652 0.035835321889142083 0.054807816635029066 0.080675454755371648 0.082729111072496461 -0.038313068747164586 -0.054031490324913591 0.045955782397209821 0.012065169901876741 -0.00097896520507377831 -0.018472113086645616 0.062601462148622611 -0.036153254118955008 0.059413179706363284 -0.038807623283413258 0.040591020989938775 -0.049960507379447447 0.056492621729557546 0.02900813894428338 0.018216105163392102 0.04780705779623215 -0.062698231545569708 -0.005247741302612529 -0.020366664191611001 0.0065866493097679326
leaf_weight=13.0019513964653 523.3468229174614 368.7466853260994 472.53775978088379 16.235097318887711 9.4280884116888029 818.35910347104073 391.48163428902626 93.717735290527344 60.056744709610939 114.86432939767838 1041.1928330808878 798.43048168718815 40.108562737703323 322.77268424630165 129.52641901373863 298.36272898316383 1365.4950022250414 54.198191821575165 93.063855797052383 56.030753090977669 127.00207351148129 895.13155581057072 221.01894317567348 371.93695393204689 243.41339240968227 2177.9798895269632 2150.4502146989107 239.87852151691914 348.10858288407326 165.56035013496876
leaf_count=53 2133 1596 2139 67 39 3332 1611 385 257 483 4291 3521 168 1352 548 1285 6365 220 397 240 560 4017 966 1564 1055 9617 9876 996 1415 694
internal_value=-8.54155e-05 -0.0240126 0.00370376 0.0423282 -0.0434221 -0.00557013 -0.014721 -0.0246995 0.016752 0.0232765 -0.0247397 -0.032499 -0.0537875 -0.0135414 -0.0466263 -0.0392261 0.0507904 0.0270809 0.0121979 0.0466591 0.0162852 -0.0420887 0.0300836 0.0213962 0.0441654 0.0448324 -0.0621042 0.0155772 -0.0159197 0.0240165
internal_weight=14021.4 8964.31 3692.08 5057.13 5272.24 3036.51 2305.23 1878.75 1257.23 731.275 1859.55 1619.48 3393.48 691.519 927.957 1233.6 3799.89 445.68 616.411 655.571 183.033 1193.49 892.891 671.872 2434.4 2421.39 2159.88 611.815 364.344 259.278
internal_count=61242 38887 15406 22355 23481 12467 9454 8096 5265 3013 7623 7017 15385 2948 4069 5470 17090 1831 2530 2939 800 5302 3783 2817 10725 10672 9915 2560 1482 1079
is_linear=0
shrinkage=0.05


Tree=12
num_leaves=31
num_cat=0
split_feature=14 4 6 16 3 16 8 5 3 6 8 0 16 3 3 6 6 3 14 15 16 14 2 11 3 10 16 11 15 5
split_gain=5217.73 1396.99 840.268 487.532 399.991 365.193 256.201 235.246 316.131 211.865 202.225 168.173 156.231 153.194 148.697 147.535 139.821 139.031 133.672 113.976 110.203 104.975 101.177 96.7942 87.9698 91.0742 84.8414 75.8964 66.6189 64.1615
threshold=0.009373745225975701 6.3299480000000008 5.2033459752417643 2.3344130000000001 592066909.54628015 1.2339437610811819 0.86694300000000013 0.019747618494616391 118515038.62113485 5.2039180000000007 0.89772625459618094 1.8034314674096696 9.5929229698601279 771048133.23000014 673017178.50000012 0.62732583073910464 5.2039180000000007 452587330.02000004 -0.089096451031183035 -0.57796849999999989 0.15808000000000003 -0.043367350308445046 0.44274450000000004 4.129261500000001 2867818415.9630742 2.4409235000000007 0.11364250000000002 8.1024320000000021 -30.336928167116362 0.11201556119498775
decision_type=2 2 2 2 2 2 2 2 2 2 2 2 2 2 2 2 2 2 2 2 2 2 2 2 2 2 2 2 2 2
left_child=2 5 10 7 9 6 11 8 26 27 18 14 29 -7 -2 -9 -10 -8 28 -17 -13 -11 23 -20 25 -5 -3 -4 -1 -6
right_child=1 3 4 24 12 13 17 15 16 21 -12 20 -14 -15 -16 19 -18 -19 22 -21 -22 -23 -24 -25 -26 -27 -28 -29 -30 -31
leaf_value=-0.0047613813709465212 -0.014714748760370322 -0.00080755680328343377 -0.035351832365507645 -0.029993289732153833 -0.011494269538896387 0.055945116536532613 0.038081777476982076 0.089011667193442709 -0.04509020663702433 0.04524998351481703 0.060578681354678969 -0.013338138142978302 0.070107273263192257 -0.01944285130542095 -0.051557595270148561 -0.031407404124667609 0.079011279262859238 -0.076483441048837586 -0.0015105330508404851 -0.057782535562602315 0.032058839786091857 0.0066347091898050995 0.047863473915597907 0.03119563698868303 -0.068297191759462736 0.049846855323709416 0.067182151418908528 0.025536060492716811 0.049380993791762022 -0.045396622322961058
leaf_weight=58.921706482768059 1192.9527950584888 90.406903699040413 177.76043523848057 44.702365398406982 219.88987895846367 354.99657022953033 356.44808673858643 18.028311654925346 626.98585157096386 627.50570033490658 1493.6143092215061 267.48194329440594 39.118287980556488 83.176392138004303 355.46823234856129 470.34651093184948 23.548847883939743 28.607001394033432 397.97596219182014 3171.5860958099365 267.25337862968445 244.60195358097553 375.68034243583679 524.17167355120182 23.308520779013634 177.72898548841476 93.170746237039566 71.873221814632416 1589.048254430294 382.00744964182377
leaf_count=258 4969 373 730 187 899 1541 1577 74 2764 2725 7099 1084 166 339 1466 2139 100 118 1653 14735 1090 1008 1594 2219 96 732 379 293 7248 1587
internal_value=-8.19976e-05 -0.0277234 0.0339951 -0.044459 0.004789 -0.000430643 -0.00789833 -0.0482088 -0.024246 0.0227937 0.045592 -0.0148241 -0.0267183 0.0416346 -0.0231727 -0.0536699 -0.0405978 0.0295704 0.0379932 -0.0543763 0.00935065 0.0344195 0.0259912 0.0170805 0.0241172 0.0338013 0.0336991 -0.0178213 0.0474452 -0.0330111
internal_weight=13848.4 7646.2 6202.17 4739.81 1762.76 2906.38 2468.21 4494.07 834.112 1121.74 4439.41 2083.16 641.016 438.173 1548.42 3659.96 650.535 385.055 2945.8 3641.93 534.735 872.108 1297.83 922.148 245.74 222.431 183.578 249.634 1647.97 601.897
internal_count=61242 33763 27479 21579 7408 12184 10304 20564 3616 4756 20071 8609 2652 1880 6435 16948 2864 1695 12972 16874 2174 3733 5466 3872 1015 919 752 1023 7506 2486
is_linear=0
shrinkage=0.05


Tree=13
num_leaves=31
num_cat=0
split_feature=14 6 9 9 14 14 6 16 7 12 13 6 5 12 15 16 9 10 9 6 7 15 9 5 16 13 16 9 5 7
split_gain=4793.83 1648.64 497.412 388.233 382.878 419.879 382.703 322.538 279.027 258.284 209.448 181.302 161.3 160.424 154.7 152.076 147.55 140.801 122.846 122.156 115.782 78.1743 76.158 86.9988 73.1938 73.075 70.3502 67.9574 67.6697 65.666
threshold=-0.030627946666309434 5.2033459752417643 5.1322991230332091 2.4657295647232109 0.075356761861594554 0.075600500000000015 5.2033459752417643 2.3344130000000001 0.59305722871388611 0.94596650000000004 0.39511760209642627 5.2039180000000007 -0.083373360640752334 0.94400269028935813 0.82639950000000006 3.4271025532330035 3.1604915005879062 2.0246605000000004 1.2171512348992259 5.2039180000000007 0.84165548111521959 -99.589762426766825 2.9164533527842011 0.06023976850563726 0.32286550000000008 0.53316950000000007 0.13313750000000005 6.3577694315709499 -0.083373360640752334 0.80722913632078108
decision_type=2 2 2 2 2 2 2 2 2 2 2 2 2 2 2 2 2 2 2 2 2 2 2 2 2 2 2 2 2 2
left_child=6 2 4 10 12 -6 20 -7 -5 13 17 24 -2 -10 15 -12 -11 -3 -14 -19 21 -1 23 -13 -8 -25 -16 28 -23 -4
right_child=1 3 29 8 5 7 11 -9 9 16 14 22 18 -15 26 -17 -18 19 -20 -21 -22 27 -24 25 -26 -27 -28 -29 -30 -31
leaf_value=-0.081599823883124298 0.046652273922511638 -0.068766970856773135 0.074173920637027949 0.10182421939039595 -0.079913833149003646 -0.018414516489160131 -0.033363129934671665 0.0502860550700647 -0.011815153303616108 -0.020204449854869112 -0.05930249535337602 0.063533905610446736 0.063978745298531939 -0.074479744739257225 0.016020560972264935 0.047346872107410669 0.044703149342509019 -0.037764588059691545 0.00057387395244668578 0.0032452254468421579 0.060112307065325658 0.052077443828068705 0.053630225771323307 0.025770506300329066 0.012181994560811175 -0.011325779202781522 -0.035542976065036667 0.07164610495951422 0.03355955535866708 0.035287442244444737
leaf_weight=12.872354298830031 312.3492409735918 159.83466467261314 145.44403304159641 52.247341528534889 250.70876379311085 1496.7316178232431 210.56777197122574 192.85769040882587 195.16084007918835 166.92727737128735 2747.584110558033 95.477520316839218 83.055049732327461 214.26191590726376 82.453592583537102 33.837711468338966 184.1418117582798 357.47027190029621 952.48593299090862 369.05392800271511 1229.1314410120249 731.3732920140028 214.77045458555222 356.31161937117577 151.80993516743183 211.58665660023689 334.50680120289326 178.41600695252419 1515.871276602149 428.13503523170948
leaf_count=52 1293 716 670 217 1096 6343 867 812 845 708 12943 415 363 992 369 140 796 1596 3919 1590 6036 3333 966 1519 615 883 1518 847 6822 1961
internal_value=-7.90963e-05 -0.0222455 0.0021828 -0.0415077 -0.00531188 -0.0195324 0.0394795 -0.0105727 -0.00994776 -0.0176267 -0.0477872 0.0154728 0.0151586 -0.0446092 -0.0537475 -0.058005 0.0138407 -0.0262799 0.00565923 -0.0169328 0.0475993 0.0412922 0.0277519 0.0193736 -0.014283 0.0119492 -0.0253463 0.0419444 0.0395863 0.045148
internal_weight=13667.4 8759.25 3861.77 4897.48 3288.19 1940.3 4908.19 1689.59 812.739 760.492 4084.74 1240.52 1347.89 409.423 3198.38 2781.42 351.069 886.359 1035.54 726.524 3667.66 2438.53 878.146 663.376 362.378 567.898 416.96 2425.66 2247.24 573.579
internal_count=61242 38887 16457 22430 13826 8251 22355 7155 3558 3341 18872 5265 5575 1837 14970 13083 1504 3902 4282 3186 17090 11054 3783 2817 1482 2402 1887 11002 10155 2631
is_linear=0
shrinkage=0.05


Tree=14
num_leaves=31
num_cat=0
split_feature=14 4 9 16 3 5 3 4 1 7 15 3 15 6 6 3 10 9 3 3 6 10 16 16 15 7 13 11 16 5
split_gain=4392.65 1523.99 476.534 453.231 419.512 286.271 321.619 270.96 336.65 189.024 175.094 172.368 171.368 162.292 152.042 143.557 140.843 117.433 126.987 113.362 105.019 99.0612 89.989 75.1144 58.4813 51.4517 50.0955 63.4328 49.8523 55.6608
threshold=-0.030627946666309434 6.3299480000000008 5.0022693113444703 4.1931887143493514 832347534.31500018 0.021222717074790221 138923845.61005628 1.0079748951842518 1.6013405000000003 0.68910450000000012 -0.15355049999999998 452587330.02000004 -1.2840961010264709 0.77160765599956382 5.2039180000000007 293491977.98000008 10.347117000000003 3.2003294673042331 -823352822.41731453 758458295.61039031 10.066179481337363 2.0592775000000003 0.11364250000000002 0.25312800000000008 3.7503581736176277 0.79705122031904763 0.77332900000000004 6.2470840652726283 9.5929229698601279 0.12322360618927206
decision_type=2 2 2 2 2 2 2 2 2 2 2 2 2 2 2 2 2 2 2 2 2 2 2 2 2 2 2 2 2 2
left_child=4 2 7 5 9 6 22 10 15 17 19 -4 26 -7 -8 -9 -15 18 -1 -2 28 -20 -3 -10 -5 -13 -6 -28 29 -14
right_child=1 3 11 24 12 13 14 8 23 -11 -12 25 20 16 -16 -17 -18 -19 21 -21 -22 -23 -24 -25 -26 -27 27 -29 -30 -31
leaf_value=-0.035556040751066706 0.020189600149552581 0.0013305439289860636 0.050746240599393061 0.052149042810570291 -0.074133906052337009 0.081291663963132699 -0.038649424679894427 -0.01093978888301151 0.0060590024770999827 0.055532109824205006 0.079165725439644063 0.092636072855778115 0.025600820703119243 -0.05600728564695049 0.074043989973005195 -0.039236858129160328 -0.035845372780736545 0.071845811265274825 0.0060999944117490039 -0.040152029239972048 -0.049351144726900838 0.037725375476204921 0.063800007625181995 0.047140393820035119 -0.017923167790898541 -0.062535336244661094 0.048516665675441266 -0.099814667808769852 0.067691963373340144 -0.013428852664916223
leaf_weight=70.088451877236366 519.21880422532558 111.59808783233166 576.17131760716438 146.21234065294266 82.639998033642769 24.020827487111092 714.87907543778419 1058.8998276740313 235.16803897917271 1941.5351601690054 111.94482031464577 6.0475835949182501 350.41060550510883 2520.557919293642 31.237789824604988 777.17376823723316 1319.6977711766958 188.41828471422195 291.59766693413258 91.560584366321564 60.043552175164223 1641.5266978293657 119.25295440852642 211.19445963203907 37.390460476279259 45.798071429133415 21.664157599210739 10.800982967019079 50.483187958598137 123.55833651125431
leaf_count=302 2158 467 2722 608 348 99 3189 4397 961 9536 483 25 1533 12224 131 3210 6117 885 1305 372 246 7319 492 886 154 192 93 45 224 519
internal_value=-7.71175e-05 -0.021393 0.00327705 -0.0392305 0.0381108 -0.0421548 -0.0179738 -0.00500095 -0.0134494 0.0441716 0.02168 0.0428886 0.00230444 -0.0482683 -0.0339313 -0.0229174 -0.0490787 0.0341075 0.0305579 0.0111439 0.0132861 0.0329549 0.033601 0.0254965 0.0378789 -0.0444352 -0.0534594 -0.000832395 0.0204573 0.0154262
internal_weight=13490.8 8658.02 3633.18 5024.85 4832.77 4841.24 976.968 3005.16 2282.44 4133.17 722.724 628.017 699.601 3864.28 746.117 1836.07 3840.26 2191.63 2003.21 610.779 584.496 1933.12 230.851 446.362 183.603 51.8457 115.105 32.4651 524.452 473.969
internal_count=61242 38887 15406 23481 22355 22719 4279 12467 9454 19347 3013 2939 3008 18440 3320 7607 18341 9811 8926 2530 2522 8624 959 1847 762 217 486 138 2276 2052
is_linear=0
shrinkage=0.05


Tree=15
num_leaves=31
num_cat=0
split_feature=14 4 6 16 9 3 16 3 5 3 3 1 7 16 14 7 9 16 3 10 10 3 3 10 10 13 10 3 5 4
split_gain=4078.51 1128.3 658.8 410.252 371.239 319.765 245.345 200.574 186.721 208.61 186.556 180.589 207.409 144.821 110.998 110.36 106.363 105.702 105.618 104.747 94.1107 92.9852 92.4019 103.555 84.0616 81.7948 75.9321 97.3823 71.4196 59.9029
threshold=0.009373745225975701 6.3299480000000008 5.2033459752417643 2.2006295000000002 4.3476423220714731 452587330.02000004 1.2339437610811819 758458295.61039031 -0.24436550116236824 34806899.995000012 832347534.31500018 1.1103241234743817 0.77094809425588018 0.25312800000000008 -0.093979384983474815 0.87352362826642238 3.4777496750662835 7.9760259773381881 611261781.55000007 3.4831472310712477 2.3392585000000006 -2128508895.617614 2867818415.9630742 2.5003367933045273 3.6276780000000004 0.47772125127896109 2.2732195467889205 3629862518.5600004 0.32958400000000004 2.836765550626005
decision_type=2 2 2 2 2 2 2 2 2 2 2 2 2 2 2 2 2 2 2 2 2 2 2 2 2 2 2 2 2 2
left_child=2 4 10 8 6 14 11 -6 18 13 15 12 -2 -10 -4 21 28 -7 24 -13 -12 -1 23 -5 -3 -11 -8 -28 -16 -23
right_child=1 3 5 22 7 17 26 -9 9 25 20 19 -14 -15 16 -17 -18 -19 -20 -21 -22 29 -24 -25 -26 -27 27 -29 -30 -31
leaf_value=0.00086446965432401043 -0.033115362393569894 -0.046914790619217717 0.041704214109415813 -0.034338673111032662 0.044477744185658641 -0.023768869544141067 -0.024390471810913049 -0.060646999306281257 -0.030445717041924426 -0.038370639838689935 -0.034241676241304024 -0.0202393441551687 0.066100297158049742 0.039240307795158254 0.011861976659486979 0.057941590492637821 0.061888035768904864 0.061396508059785852 -0.046332392925614793 0.016622845858331972 0.022516165184857707 0.036597410557835955 -0.067888834865410738 0.047751291808304452 0.050248420810535738 -0.055371647812762374 0.051921425083204867 -0.088214290294520034 -0.031920241516025634 0.053944291211951517
leaf_weight=148.77025906741619 1128.5717954039574 28.496054202318192 452.77929762005806 48.687076479196548 520.74757352471352 732.50286510586739 48.047477290034294 49.704630509018898 283.40718930959702 964.22523845732212 88.654580503702164 317.00089828670025 55.254185259342194 101.17033462226391 293.24366565048695 1136.0143999457359 76.659472420811653 38.340099841356277 72.433489471673965 491.54925574362278 414.51628033816814 1730.4761601388454 26.653119876980782 182.13887840509415 101.72783571481705 2657.046267747879 230.52233994007111 13.10175436735153 136.50453822314739 698.5825912207365
leaf_count=687 4714 129 2046 209 2441 3070 196 211 1300 4598 384 1300 240 429 1220 5868 351 168 330 2015 1815 8082 112 766 437 13132 992 53 569 3183
internal_value=-0.000329231 -0.0253158 0.0304278 -0.0410093 -0.000762677 0.00444587 -0.00977401 0.035318 -0.0447576 -0.0471265 0.0410869 -0.016044 -0.0284845 -0.0121135 0.0237162 0.0449579 0.00763317 -0.0195329 0.00206634 0.00217062 0.0125159 0.0392362 0.0202582 0.0304364 0.0289868 -0.0508448 0.0330556 0.0443851 -0.00204494 0.0415863
internal_weight=13267.5 7320.49 5947.04 4465.99 2854.5 1730.03 2284.05 570.452 4208.51 4005.85 4217.01 1992.38 1183.83 384.578 959.187 3713.84 506.408 770.843 202.657 808.55 503.171 2577.83 257.479 230.826 130.224 3621.27 291.672 243.624 429.748 2429.06
internal_count=61047 33604 27443 21442 12162 7424 9510 2652 20355 19459 20019 8269 4954 1729 4186 17820 2140 3238 896 3315 2199 11952 1087 975 566 17730 1241 1045 1789 11265
is_linear=0
shrinkage=0.05


Tree=16
num_leaves=31
num_cat=0
split_feature=14 4 6 9 3 9 3 7 4 1 13 3 3 0 4 6 15 7 7 12 10 15 14 14 9 15 10 0 11 15
split_gain=3736.57 1087.17 565.508 355.305 269.709 265.423 305.091 219.992 219.795 234.35 204.052 181.899 161.297 163.503 157.538 148.965 124.134 103.479 101.403 99.9957 100.784 98.5936 98.0716 170.573 85.8941 85.3814 81.8775 81.7687 81.6976 81.1497
threshold=0.0028343131417539881 6.3299480000000008 5.2033459752417643 4.3476423220714731 584830839.45233357 2.3182232900937705 118515038.62113485 0.56768494757627308 0.92357990383105271 1.4464389838576659 0.41317450000000006 452587330.02000004 832347534.31500018 1.2978341976051107 6.3299980000000007 5.2039180000000007 -0.15355049999999998 0.77094809425588018 0.87352362826642238 1.2180905000000002 10.180232339759348 0.73229707556136692 0.09643450000000002 0.075356761861594554 1.7385661677502706 -99.589762426766825 2.1320855000000005 1.376599121885435 1.6763310000000002 -0.56671745256444128
decision_type=2 2 2 2 2 2 2 2 2 2 2 2 2 2 2 2 2 2 2 2 2 2 2 2 2 2 2 2 2 2
left_child=2 3 12 8 15 10 22 -8 16 17 14 -5 18 -14 -3 -4 26 -10 25 -17 -21 29 23 -7 -6 -1 -2 -26 -27 -12
right_child=1 5 4 11 24 6 7 -9 9 -11 21 -13 13 -15 -16 19 -18 -19 -20 20 -22 -23 -24 -25 27 28 -28 -29 -30 -31
leaf_value=-0.087667696542297016 -0.040288070025211876 -0.044892799910999093 -0.014319759422644291 0.044479667311102672 -0.036185040633201979 0.055022501194180465 0.10905505892500755 -0.046636467147243232 -0.028581888802146699 0.014824675599713727 -0.032229042898316927 -0.046549868797975111 -0.081319607872269661 0.022061243506815886 -0.00044085341029845618 0.044212111006471065 0.078560542801203309 0.081880435488797768 0.056550107073412043 -0.034823119009124527 0.02755202755893766 -0.028544916500323526 0.046324003708024919 -0.06411056521777718 -0.049476926433019368 0.014892432083657646 0.019069762051446278 0.021106012046177791 0.042404497890961609 -0.058604112378303291
leaf_weight=13.387334406375883 68.876002922654152 397.31703600287437 236.35732713341713 519.80328996479511 373.29683595895767 54.444751337170601 23.909185081720352 444.63211722671986 1378.86878657341 443.43920977413654 338.12690658867359 61.35687281191349 41.859570607542992 443.04219064116478 399.95804917812347 511.97294498980045 77.090135514736176 21.532458752393723 1093.4771259278059 94.671187326312065 204.97381010651588 411.86800567805767 198.33542148768902 67.045704767107964 54.846230313181877 308.61949540674686 371.20114620029926 162.91572913527489 2147.3367494791746 2121.0055637508631
leaf_count=55 282 1893 976 2484 1575 231 101 2118 5791 1828 1659 263 175 1957 1820 2296 339 90 5815 408 902 1979 842 311 230 1437 1543 673 10151 10823
internal_value=-0.000317564 -0.0237416 0.0301585 -0.000152657 0.00538039 -0.0393145 -0.0129935 -0.0386917 -0.00877323 -0.0168527 -0.0449712 0.0348691 0.0401919 0.0131368 -0.0225932 0.0206126 0.0200324 -0.0268834 0.0438741 0.0307855 0.00784494 -0.0511856 0.0246542 -0.0107223 -0.0216271 0.0382609 0.00977973 0.00332877 0.0389473 -0.0549776
internal_weight=13085.6 7398.81 5686.76 2942.17 1639.03 4456.64 788.367 468.541 2361.01 1843.84 3668.28 581.16 4047.72 484.902 797.275 1047.98 517.167 1400.4 3562.82 811.618 299.645 2871 319.826 121.49 591.059 2469.34 440.077 217.762 2455.96 2459.13
internal_count=61047 34397 26650 12620 7060 21777 3603 2219 9873 7709 18174 2747 19590 2132 3713 4582 2164 5881 17458 3606 1310 14461 1384 542 2478 11643 1825 903 11588 12482
is_linear=0
shrinkage=0.05


Tree=17
num_leaves=31
num_cat=0
split_feature=14 4 3 16 16 8 5 3 1 5 16 3 15 14 16 16 3 10 11 5 15 16 11 0 10 1 16 14 3 10
split_gain=3433.65 926.183 617.721 378.337 307.063 222.001 209.388 189.16 246.618 210.271 174.826 350.766 273.802 174.544 142.563 142.331 140.584 112.7 110.358 107.137 100.333 87.0579 84.9118 80.7695 79.9636 71.3019 69.201 66.4832 60.7746 55.0745
threshold=0.018775499037722295 6.3299480000000008 410449409.00514257 2.2006295000000002 1.8343526091636664 0.81460979620712848 0.02431937325918189 226122656.48000005 1.1451194053393503 0.051785359159620258 0.11364250000000002 118515038.62113485 1.8172988284919771 -0.093979384983474815 0.11336008305615382 4.1931887143493514 -2128508895.617614 34.129582615379469 0.35318872195448742 0.016708070672721859 1.1359320000000002 -0.21485199999999996 4.202666237658458 1.0715356368816813 248.59772398159285 0.42055730163688371 28.503928620325652 -0.054057999999999988 -1624786852.1949997 2.1658809361532909
decision_type=2 2 2 2 2 2 2 2 2 2 2 2 2 2 2 2 2 2 2 2 2 2 2 2 2 2 2 2 2 2
left_child=2 4 5 10 7 13 25 9 -9 28 12 23 14 -1 -3 24 -15 -13 -6 -18 -10 -11 26 -12 27 -4 -5 -8 -2 -27
right_child=1 3 6 22 18 -7 15 8 20 21 11 17 -14 16 -16 -17 19 -19 -20 -21 -22 -23 -24 -25 -26 29 -28 -29 -30 -31
leaf_value=0.041633899403000524 -0.02199779155591304 -0.042864047897416602 -0.094939866927629457 -0.028813753507194336 -0.065776950122865954 0.051363154836924857 -0.004509482790109081 -0.050682135676393472 -0.012844958854718154 0.034319880386778488 0.0036284080677103561 -0.044405950034933125 0.053709469046623839 -0.049340484122045489 -0.067735916259741166 0.056647711112704571 0.040081924279433113 0.0039263934365611425 0.054253284496960076 0.0078034591709009744 0.035625625729899982 -0.020630631222357195 0.050941005764705366 0.065645472330269558 0.048172390493531572 0.00088445542468093162 0.05462395971618586 -0.030555404468559477 0.032623646717673753 0.032020990891345462
leaf_weight=1182.0816380381584 56.288262367248535 1254.9579326510429 12.633997738361357 97.002230539917946 20.55281999707222 1763.4494925141335 459.02542549371719 458.44105426967144 513.36878810822964 82.455395922064781 128.82042765617371 1204.5036300271749 60.217217817902565 80.237768709659576 1065.1459055542946 73.510356932878494 396.56646202504635 134.03255641460419 280.50081810355186 730.82099847495556 134.79840046167374 572.72972418367863 119.23079368472099 88.616067424416542 47.255919367074966 185.04699401557446 33.408749878406525 525.47332681715488 534.53052632510662 610.78961850702763
leaf_count=5757 258 6350 54 415 87 9299 1981 1962 2116 363 560 6056 271 338 5573 329 1726 631 1281 3145 563 2486 509 381 202 821 140 2301 2354 2738
internal_value=-0.000306732 -0.0245959 0.027076 -0.0392456 -0.00148711 0.0379061 0.00357254 -0.00757137 -0.0226157 0.00578987 -0.0430311 -0.0299981 -0.0515506 0.0279757 -0.0542826 -0.0105725 0.0146064 -0.0395663 0.0460589 0.0191576 -0.0027646 -0.0137151 0.0204439 0.0289034 -0.0153618 0.0229103 -0.00743864 -0.0184114 0.0274198 0.0247812
internal_weight=12906.5 6839.6 6066.89 4185.94 2653.67 4153.16 1913.74 2352.61 1106.61 1246 3936.29 1555.97 2380.32 2389.71 2320.1 1105.27 1207.63 1338.54 301.054 1127.39 648.167 655.185 249.642 217.436 1031.75 808.471 130.411 984.499 590.819 795.837
internal_count=61047 32356 28691 20886 11470 20265 8426 10102 4641 5461 19822 7628 12194 10966 11923 4813 5209 6687 1368 4871 2679 2849 1064 941 4484 3613 555 4282 2612 3559
is_linear=0
shrinkage=0.05


Tree=18
num_leaves=31
num_cat=0
split_feature=14 4 9 16 3 3 5 15 16 15 15 3 7 3 3 10 14 5 8 3 16 0 3 16 11 16 3 7 7 9
split_gain=3151.53 1150.09 380.033 376.379 317.377 307.049 248.402 227.41 224.52 193.014 172.09 168.168 151.218 149.328 145.956 127.78 118.702 88.8864 82.1287 89.3388 81.771 73.2499 71.0216 70.6804 78.208 65.6294 63.8991 60.3005 57.7974 74.2658
threshold=-0.036747325487055262 6.3299480000000008 4.3476423220714731 0.40710056084213792 118515038.62113485 380797279.00194752 0.022789999742626719 1.283651904825289 7.9760259773381881 1.1359320000000002 -0.80437862926377679 452587330.02000004 0.77094809425588018 681553329.71973419 771048133.23000014 4.4644936142319773 0.042690500000000006 0.13256895203956559 0.90406642307855811 -10108671171.356323 0.55071784839307458 1.8977795000000002 -237712220.28728148 0.17691051139733902 2.5549751928778242 6.8210312316801618 128873510.9819905 0.76627559622159203 0.77094809425588018 6.5641402715964601
decision_type=2 2 2 2 2 2 2 2 2 2 2 2 2 2 2 2 2 2 2 2 2 2 2 2 2 2 2 2 2 2
left_child=5 2 6 7 22 18 14 10 15 12 13 28 -8 -3 20 -6 -12 -7 19 -1 -2 -11 -5 24 -21 -19 -9 -13 -4 -30
right_child=1 3 11 4 8 17 9 26 -10 21 16 27 -14 -15 -16 -17 -18 25 -20 23 -22 -23 -24 -25 -26 -27 -28 -29 29 -31
leaf_value=-0.13331951286187368 0.012904451912418034 0.012041462706206013 0.071427523594934955 -0.021169284047818586 -0.04734672660365722 0.022588302258161282 -0.027214499613303883 0.056125819238564537 0.047270358979566149 0.0025619567832681684 -0.025659722265290497 0.086330768136499189 0.065186406414241421 -0.049333023224860134 -0.017156807787440366 -0.0087377830072664694 -0.054028202501601112 -0.01133990417195134 0.052873072267173228 -0.00037759625369858081 0.046334550544355167 0.05520870989523078 0.06546800175284706 0.046922118636881338 0.034560614438718919 0.060782408846855186 -0.0078639268871424847 -0.053908139576353133 0.0066605339900136645 0.048098452043430183
leaf_weight=7.748087912797927 561.82276517152786 224.65685068070889 142.38698898255825 28.107212647795677 462.9878154695034 851.54716314375401 1432.001889064908 53.480306938290596 107.14297193288803 206.37872897088528 431.6096315830946 8.7132786810398084 45.691174924373627 177.3409166187048 294.61492322385311 398.97272820770741 2531.7520603090525 387.74823224544525 1173.039766818285 198.62569649517536 271.22960551083088 97.181489214301109 149.33079016208649 912.93197387456894 827.37017887830734 34.335901543498039 144.22250290215015 63.725328490138054 155.97794643044472 352.45381242036819
leaf_count=36 2365 1044 700 121 2278 3873 6015 225 454 867 2019 37 216 873 1231 1869 13365 1657 6513 948 1179 415 640 4449 4007 161 687 276 732 1795
internal_value=-0.000297227 -0.0183481 0.00279241 -0.0346522 -0.00973452 0.0339765 -0.0052721 -0.0426703 -0.020991 -0.0168975 -0.045732 0.0352276 -0.0243574 -0.0150338 0.0130913 -0.0294759 -0.0498964 0.0132888 0.0424223 0.0361247 0.0237888 0.0194162 0.0517442 0.0368018 0.0277968 -0.00547286 0.00944585 -0.0370395 0.0432712 0.035386
internal_weight=12735.1 8341.78 3632.18 4709.6 1146.54 4393.35 2908.92 3563.06 969.104 1781.25 3365.36 723.257 1477.69 401.998 1127.67 861.961 2963.36 1273.63 3119.72 1946.68 833.052 303.56 177.438 1938.93 1026 422.084 197.703 72.4386 650.819 508.432
internal_count=61047 39403 15828 23575 5362 21644 12288 18213 4601 7513 17301 3540 6231 1917 4775 4147 15384 5691 15953 9440 3544 1282 761 9404 4955 1818 912 313 3227 2527
is_linear=0
shrinkage=0.05


Tree=19
num_leaves=31
num_cat=0
split_feature=14 4 6 16 9 3 15 3 16 3 16 3 12 15 3 15 7 9 3 14 16 11 15 11 5 3 3 16 16 9
split_gain=2907.42 795.74 592.841 331.345 278.698 250.925 203.428 194.987 191.825 177.888 167.834 165.333 156.288 143.663 168.373 125.089 108.093 102.284 101.282 100.497 91.1213 85.9887 83.1277 82.469 77.1747 77.082 133.816 75.7794 69.2119 65.4349
threshold=0.018775499037722295 6.3299480000000008 5.2033459752417643 0.6512911856258915 4.1789669891585293 452587330.02000004 1.4664663879511679 118515038.62113485 1.8343526091636664 832347534.31500018 9.5929229698601279 758458295.61039031 0.57269802252252833 -0.57796849999999989 206002959.33000001 1.283651904825289 0.87352362826642238 2.6914985000000002 -1304708865.1999998 -0.093979384983474815 7.9760259773381881 1.9232765000000003 -1.2840961010264709 1.7704073778535259 0.23076574357990901 1806963983.7350004 1566001099.7515132 0.11994371136036817 0.13658300000000004 7.6871483118841581
decision_type=2 2 2 2 2 2 2 2 2 2 2 2 2 2 2 2 2 2 2 2 2 2 2 2 2 2 2 2 2 2
left_child=2 4 9 6 8 17 13 -5 12 16 -9 -6 23 14 -3 -14 18 19 29 -4 -7 -20 25 -2 -21 26 -11 -15 -8 -1
right_child=1 3 5 7 11 20 28 10 -10 22 -12 -13 15 27 -16 -17 -18 -19 21 24 -22 -23 -24 -25 -26 -27 -28 -29 -30 -31
leaf_value=-0.0065986845303724791 -0.010368667270222964 0.034207025946229527 0.031312306223948837 0.055951664362539233 0.039113378419411399 -0.022426104429489408 0.04272830985642035 -0.028456547028399296 0.038242887752804398 -0.081253298236957483 0.047377620869690121 -0.055671669087428835 -0.026938565009215727 -0.056498675241063202 -0.037135813900759929 0.01304867379509575 0.053422654655061866 0.046842975665657878 0.01578213712676858 0.014218288558981241 0.056746524460489146 0.041819071183729309 0.017906231092651503 0.040872219526528697 -0.027860946708629361 -0.11064888154731532 0.056842987238451451 -0.0380681685726946 -0.017518896560730704 0.064962083925255751
leaf_weight=213.92347639799118 144.96454541385174 106.37965247035027 305.80050079524517 110.07303853332996 493.89023470878601 793.45935255289078 76.334979996085167 475.62934505939484 188.21592681109905 32.782486602663994 86.181138798594475 50.732338324189186 1345.9962193220854 1876.7277836948633 371.54639972746372 228.82503174245358 1027.5501484721899 240.67700283229351 379.97589242458344 226.01920247077942 38.086540579795837 1916.4692557901144 430.54987406730652 171.32473295927048 210.39260420203209 24.280899256467819 37.733948454260826 793.54368257522583 126.94704869389534 37.552355423569679
leaf_count=1011 604 482 1425 475 2429 3419 344 2313 830 138 368 227 5698 10268 1899 962 5928 1160 1806 955 174 9388 1922 720 895 101 166 4120 617 203
internal_value=-0.000286694 -0.0229774 0.0252122 -0.036948 -0.00155595 0.00141548 -0.0433726 -0.00490106 -0.00989556 0.0357412 -0.0168237 0.030284 -0.0146866 -0.0465028 -0.0212559 -0.0211283 0.039733 0.0185181 0.0342121 0.00933316 -0.0187998 0.0375109 0.00857356 0.017387 -0.00606796 -0.0338135 -0.00735679 -0.0510215 0.00510469 0.00408733
internal_weight=12562.6 6647.31 5915.25 4023.36 2623.95 1814.44 3351.48 671.884 2079.33 4100.82 561.81 544.623 1891.11 3148.2 477.926 1574.82 3575.47 982.889 2547.92 742.212 831.546 2296.45 525.347 316.289 436.412 94.7973 70.5164 2670.27 203.282 251.476
internal_count=61047 32356 28691 20886 11470 8028 17730 3156 8814 20663 2681 2656 7984 16769 2381 6660 18336 4435 12408 3275 3593 11194 2327 1324 1850 405 304 14388 961 1214
is_linear=0
shrinkage=0.05


Tree=20
num_leaves=31
num_cat=0
split_feature=14 6 9 3 0 3 3 16 16 2 13 15 8 0 15 6 3 10 16 7 7 9 3 0 16 16 4 16 11 10
split_gain=2597 1119.28 320.847 310.055 352.698 250.64 243.457 181.697 169.863 165.844 163.683 159.601 154.69 196.199 134.437 131.535 127.905 141.956 104.996 100.676 88.3786 78.9477 83.5597 78.7324 76.8554 76.7376 72.3796 68.9492 65.0632 62.3381
threshold=-0.043367350308445046 5.2033459752417643 2.4657295647232109 226122656.48000005 3.3350245000000007 435547250.72355181 387835406.70000005 0.90730000000000011 0.30587400000000003 0.44767189002478386 0.39511760209642627 -0.18498191044116449 0.89161785512511538 1.0998221995727104 0.68997050000000015 5.2033459752417643 1618979595.3339245 2.0246605000000004 1.5278825063434254 0.58984468742234875 0.73071144379664432 3.7604220661118792 -823352822.41731453 1.6576912173423615 0.35555714315698772 9.5929229698601279 25.034859500000003 0.26827695506946642 4.3166970123691621 6.4290620000000009
decision_type=2 2 2 2 2 2 2 2 2 2 2 2 2 2 2 2 2 2 2 2 2 2 2 2 2 2 2 2 2 2
left_child=6 3 10 7 9 8 20 12 11 28 16 -4 13 -2 18 23 17 -3 -12 -7 21 22 -1 -8 -11 -21 -6 -24 -5 -16
right_child=1 2 5 4 26 19 15 -9 -10 24 14 -13 -14 -15 29 -17 -18 -19 -20 25 -22 -23 27 -25 -26 -27 -28 -29 -30 -31
leaf_value=-0.020201865670703898 -0.014369947211260812 -0.060152065282779103 0.037445935417820486 -0.042659326220694425 0.044927924177057016 0.10304668936672229 0.0027137944206974442 0.049985137115398696 0.059806699504347929 -0.014480264380757273 -0.051292672541190736 -0.034680399632163815 0.038317212585124973 0.026856064928661147 -0.037278452965744058 -0.0071755162964525568 -0.059438315970729266 -0.00016474113270870903 0.024959949239065918 -0.051852556700584231 0.049389141699591362 0.066862958448159704 0.021359269233082356 0.038614274675031882 0.025047835520656994 0.048582237302009973 -0.029105504827335194 0.044756046289901798 -0.017595262669132573 0.00067538484207245193
leaf_weight=83.707918524742126 740.57449285686016 119.45682071149349 136.50937236845493 606.32590240240097 288.48359723389149 11.952531278133391 225.56464272737503 354.39332966506481 163.85873346030712 277.67226924002171 2351.2679052203894 175.05459766089916 378.23758411407471 472.87620408833027 232.40745995938778 470.74386090040207 166.91964867711067 565.46469679474831 46.028170600533485 276.87781372666359 1388.0826994478703 146.14652563631535 737.20142112672329 472.88976919651031 220.71971216797829 20.421399995684624 37.280599609017372 549.67844893038273 451.90410955250263 202.41616801917553
leaf_count=384 3257 585 608 2683 1292 51 1048 1693 731 1230 12848 836 1905 2074 1177 1978 820 2604 202 1394 7996 780 3591 2277 967 87 179 2721 2010 957
internal_value=-0.000174819 -0.0162276 -0.0332257 0.00361289 -0.0108549 -0.00419592 0.0325181 0.0176072 0.0185953 -0.0207559 -0.039409 -0.0030788 0.0103981 0.00169564 -0.0451891 0.0132523 -0.0201917 -0.0106271 -0.0498286 -0.0392335 0.0402726 0.0319293 0.0282043 0.0270203 0.0030253 -0.0449537 0.0364555 0.031353 -0.031956 -0.0196104
internal_weight=12371.1 8297.1 4468.64 3828.47 1882.39 784.674 4074.02 1946.08 475.423 1556.62 3683.96 311.564 1591.69 1213.45 2832.12 1169.2 851.841 684.922 2397.3 309.252 2904.82 1516.73 1370.59 698.454 498.392 297.299 325.764 1286.88 1058.23 434.824
internal_count=60965 40190 22900 17290 8361 3707 20775 8929 2175 6890 19193 1444 7236 5331 15184 5303 4009 3189 13050 1532 15472 7476 6696 3325 2197 1481 1471 6312 4693 2134
is_linear=0
shrinkage=0.05


Tree=21
num_leaves=31
num_cat=0
split_feature=4 3 16 7 3 0 9 0 5 5 16 3 16 16 10 3 7 10 13 0 10 10 13 6 12 12 9 9 1 3
split_gain=2370.8 538.256 494.722 381.819 316.362 310.749 390.356 250.019 235.489 212.081 196.217 175.137 182.646 272 140.02 200.789 135.52 121.27 138.995 115.452 107.916 106.387 100.097 90.637 80.6271 101.672 76.1794 68.988 68.9102 62.2479
threshold=6.3299480000000008 771048133.23000014 0.40028425871826218 0.80211424515362462 166305387.51500002 1.4058176656348667 3.8307350000000002 1.3326110000000002 0.0083762130262147998 0.10079656993323481 9.5929229698601279 221745548.12056804 0.11336008305615382 0.11364250000000002 4.4644936142319773 2616390865.6350007 0.73914450000000009 1.9534889621680924 0.51893600000000017 2.6140940000000001 13.981050000000002 5.9558345000000008 1.9072695000000002 10.066179481337363 0.94596650000000004 0.93741850000000004 3.0122301492725514 2.3908220156725934 1.8819110998612183 -278724150.08737284
decision_type=2 2 2 2 2 2 2 2 2 2 2 2 2 2 2 2 2 2 2 2 2 2 2 2 2 2 2 2 2 2
left_child=1 3 9 5 29 6 8 -3 -1 11 14 12 -2 -14 -6 -16 -8 -7 -19 23 -11 -13 -5 27 25 -22 -26 -9 -23 -4
right_child=2 7 4 22 10 17 16 19 -10 20 -12 21 13 -15 15 -17 -18 18 -20 -21 24 28 -24 -25 26 -27 -28 -29 -30 -31
leaf_value=0.021592777508011831 0.050720431557132711 -0.060049583509772311 -0.017069396026330643 0.046626613141752836 -0.037127475898526351 -0.0008238758757178298 0.071393690218357675 -0.019346932776124093 -0.015312518143048008 -0.049077866696260242 0.048127695317599674 -0.046704525585624539 -0.069735777542798458 0.041513033599414273 0.01594998071632648 -0.064491650719485497 0.023344827745537266 0.053956503573329442 0.019687434706807248 0.026505817691152525 -0.0093594052036969199 -0.028662463603044187 -0.18519618050592973 -0.083035263653575886 -0.018176182584276702 -0.064377958111723005 0.06122409633353354 0.012958844518262645 0.017638737793649072 0.055420342308358406
leaf_weight=630.1664712280035 163.04589864611626 214.43202345073223 33.58544833958149 1618.2639742940664 528.44142201542854 196.64311683177948 236.52298879623413 425.58015927672386 1376.275322586298 1893.3973548263311 120.73820185661316 444.06084014475346 120.49490414559841 100.99618072807789 391.52899807691574 96.741920232772827 386.63976386189461 805.29957342147827 467.76452168822289 282.77731378376484 132.60276834666729 191.36515654623508 4.6698279082775107 41.305647939443588 381.9341008067131 228.95263423025608 32.803349316120148 270.15774218738079 138.53452588617802 250.50711345672607
leaf_count=2950 714 939 152 9354 2652 913 1232 1828 6174 10631 534 2245 615 444 1824 468 1937 3798 2130 1242 650 946 24 173 1949 1326 154 1188 643 1136
internal_value=-0.000169096 0.0189734 -0.0255352 0.0254328 -0.00034688 0.0173062 0.0070144 -0.0109733 -0.00372161 -0.0348885 -0.012135 -0.0170233 0.0105571 -0.0190082 -0.0192915 1.1948e-05 0.0415819 0.0357202 0.041365 -0.00065435 -0.042641 -0.0307265 0.0459596 -0.0110747 -0.0269413 -0.0441996 -0.0118961 -0.00680247 -0.00921923 0.0468506
internal_weight=12206.2 6956.5 5249.73 5722.25 1421.54 4099.31 2629.6 1234.25 2006.44 3828.19 1137.45 1158.5 384.537 221.491 1016.71 488.271 623.163 1469.71 1273.06 1019.82 2669.69 773.961 1622.93 737.044 776.293 361.555 414.737 695.738 329.9 284.093
internal_count=60965 33882 27083 28512 6766 19134 12293 5370 9124 20317 5478 5607 1773 1059 4944 2292 3169 6841 5928 4431 14710 3834 9378 3189 4079 1976 2103 3016 1589 1288
is_linear=0
shrinkage=0.05


Tree=22
num_leaves=31
num_cat=0
split_feature=14 16 6 4 3 6 3 15 14 16 9 15 3 1 11 6 16 5 15 0 3 6 8 0 9 5 16 6 16 11
split_gain=2286.2 616.558 611.159 361.684 298.205 262.912 208.411 183.089 182.798 161.769 151.473 146.604 152.143 127.303 125.196 117.06 111.916 100.345 97.3203 95.9465 139.941 89.1072 87.0016 81.3176 80.1964 72.1211 68.2451 68.1557 63.3305 62.57
threshold=0.041116122357155539 0.6361512549409386 5.2033459752417643 6.3299480000000008 305552480.47000009 5.2039180000000007 592066909.54628015 1.4664663879511679 -0.10393980089738279 9.5929229698601279 6.1394955000000007 -0.58580210038138059 343018130.03326136 1.1451194053393503 1.8315948813908181 9.8247525016541513 -0.21485199999999996 0.06914555556872512 0.9991730929349546 3.1079644705922003 758458295.61039031 -91.169420768303269 0.90406642307855811 1.2256683208469863 2.4657295647232109 0.14468895576394872 0.55071784839307458 5.2033459752417643 0.21988215386267404 0.47719950000000005
decision_type=2 2 2 2 2 2 2 2 2 2 2 2 2 2 2 2 2 2 2 2 2 2 2 2 2 2 2 2 2 2
left_child=2 3 8 10 -3 25 17 11 29 14 13 12 -5 16 -6 -8 -2 -7 -15 20 22 -13 -10 -22 -19 -4 -17 -16 -9 -1
right_child=1 4 5 7 9 6 15 28 19 -11 -12 21 -14 18 27 26 -18 24 -20 -21 23 -23 -24 -25 -26 -27 -28 -29 -30 -31
leaf_value=-0.0096977453239728562 0.017161436279851148 0.039495864844310835 -0.01105276836296625 0.028683479841515699 -0.05535367071572133 0.065838893792770595 0.012017028881168946 0.037735768680072113 0.017182597065105769 0.047062066607443158 0.030841795966449415 0.032846584455151005 -0.037693706374786112 -0.0082565204647546894 0.016168398197748134 -0.062581022366673136 -0.035116000169272701 0.0072567324861386902 0.046946935367020749 0.050517946973054353 -0.08632294198707835 -0.050533616787354477 0.044495186660213314 -0.0035861456475890403 0.041128130275095438 -0.042720025028364854 -0.00088672412518325252 -0.025364736390903538 -0.022760684047957697 0.043764268533065753
leaf_weight=56.265114054083824 116.66920165717602 487.2031884342432 382.5018592774868 126.50869028270245 187.94738772511482 125.38662678003311 163.97549612820148 88.945281520485878 1186.7550784349442 100.05546675622463 180.14252051711082 32.487212002277374 271.81017009913921 447.06515388190746 186.67852123081684 149.92390359938145 835.71021369099617 561.76156184077263 97.195736855268478 251.3917960524559 32.952724546194077 2340.9773482829332 386.53553915023804 300.67860454320908 253.6659637093544 339.27351339161396 63.943250954151154 209.7718190997839 84.225949496030807 2004.2531328350306
leaf_count=299 510 2304 1651 598 893 605 711 410 5421 443 955 144 1479 1854 836 689 3682 2538 405 1181 138 13630 2233 1277 1244 1646 278 1077 422 11412
internal_value=-0.000163359 -0.0227984 0.020787 -0.0310111 0.00959773 -0.00167876 0.0115997 -0.0415655 0.0316525 -0.0116842 -0.0124744 -0.0446816 -0.0166119 -0.0176881 -0.0217422 -0.0197664 -0.0287119 0.0241968 0.00160188 0.0214832 0.0176555 -0.0493923 0.0238929 -0.011758 0.0177936 -0.0259381 -0.0441353 -0.00580783 0.00831188 0.0423044
internal_weight=12052.7 5793.39 6259.26 4621.74 1171.66 2040.43 1318.66 2944.95 4218.83 684.453 1676.78 2771.78 398.319 1496.64 584.398 377.843 952.379 940.814 544.261 2158.31 1906.92 2373.46 1573.29 333.631 815.428 721.775 213.867 396.45 173.171 2060.52
internal_count=60965 29642 31323 24089 5553 9362 6065 16683 21961 3249 7406 15851 2077 6451 2806 1678 4192 4387 2259 10250 9069 13774 7654 1415 3782 3297 967 1913 832 11711
is_linear=0
shrinkage=0.05


Tree=23
num_leaves=31
num_cat=0
split_feature=14 6 9 16 14 14 3 7 3 3 13 16 15 10 3 10 16 5 6 7 9 10 3 3 0 16 4 0 16 16
split_gain=2096.54 893.377 274.542 260.529 324.63 373.892 227.879 224.664 201.947 179.76 151.39 121.465 121.407 120.666 129.705 119.865 113.634 104.789 99.7135 81.4318 79.6619 75.219 74.5837 71.9307 67.0574 60.3225 58.7527 57.8533 54.8705 52.9605
threshold=-0.043367350308445046 5.2033459752417643 2.5952505000000001 2.3344130000000001 0.075356761861594554 0.075600500000000015 206002959.33000001 0.61365400000000003 387835406.70000005 221745548.12056804 0.39511760209642627 0.31693200000000005 5.1533557434602271 2.0246605000000004 1618979595.3339245 2.0592775000000003 2.3344130000000001 -0.083373360640752334 4.7802577369830095 0.74388810698545893 3.8948821766202735 2.9009339394864369 -823352822.41731453 4882846729.8306608 1.6576912173423615 0.26827695506946642 -114.18928760014482 0.76329750000000007 9.5929229698601279 -0.041169499999999991
decision_type=2 2 2 2 2 2 2 2 2 2 2 2 2 2 2 2 2 2 2 2 2 2 2 2 2 2 2 2 2 2
left_child=8 3 10 4 15 -6 -7 -4 19 11 13 -9 16 -3 -15 -2 -12 -17 24 20 22 -14 27 -5 -10 -24 -26 -1 -11 -20
right_child=1 2 7 23 5 6 -8 9 18 28 12 -13 21 14 -16 17 -18 -19 29 -21 -22 -23 25 -25 26 -27 -28 -29 -30 -31
leaf_value=-0.0052353587676497865 -0.021837143988565285 -0.0593059119545786 0.097471189383687498 0.049600128114199483 -0.076276996284793286 0.01461661029811271 -0.023657289428765479 -0.006773279227537338 0.002155407741160284 -0.044786985809200347 -0.045328898597254121 0.056414125022914402 -0.065958124275223504 0.001501406598040791 -0.053544669162921867 0.047801802574607526 0.027491121908010421 0.013522054305979107 -0.033873557274170095 0.046744202033011967 0.064370717319064796 0.036697576459217791 0.01944381633068272 -0.062551271102260289 -0.13646556843506943 0.041504931693646815 0.03810461096910351 -0.13998044604764509 0.044347345820848025 0.0045062811955934399
leaf_weight=79.680676728487015 191.73635230958462 143.20264329016209 53.085059300065041 325.56798692047596 223.2463653832674 683.34419171512127 902.56091280281544 220.52242544293404 215.59832663834095 265.57069635391235 2575.7998589277267 116.09585672616959 23.335450083017349 565.44503226876259 131.99589121341705 277.97652861475945 54.711149513721466 1125.9233057200909 118.69528497755527 1242.7341368943453 147.3593992292881 75.833400472998619 733.869141086936 14.953685492277144 4.8736105114221564 536.29906296730042 436.43485203385353 8.850902855396269 18.466473340988159 370.31117260456085
leaf_count=371 853 742 232 1594 1116 3111 4181 1043 1014 1422 14803 537 117 2650 683 1250 240 5119 507 7751 858 350 3676 66 22 2777 2185 39 81 1575
internal_value=-0.000159435 -0.0148223 -0.030529 0.00297597 -0.00119447 -0.0156938 -0.0071656 -0.00125437 0.0299191 -0.00969843 -0.0360533 0.0150193 -0.0417669 -0.0175003 -0.00891647 0.0152451 -0.0438143 0.0203096 0.0122853 0.0372703 0.0294529 0.0125416 0.0256658 0.0446751 0.0250109 0.0287586 0.0361767 -0.0187064 -0.038992 -0.00480956
internal_weight=11884.1 7989.37 4244.06 3745.31 3404.79 1809.15 1585.91 673.741 3894.71 620.655 3570.32 336.618 2729.68 840.644 697.441 1595.64 2630.51 1403.9 1145.91 2748.79 1506.06 99.1689 1358.7 340.522 656.907 1270.17 441.308 88.5316 284.037 489.006
internal_count=60965 40190 22900 17290 15630 8408 7292 3315 20775 3083 19585 1580 15510 4075 3333 7222 15043 6369 5303 15472 7721 467 6863 1660 3221 6453 2207 410 1503 2082
is_linear=0
shrinkage=0.05


Tree=24
num_leaves=31
num_cat=0
split_feature=4 7 5 9 5 6 6 10 11 16 16 16 10 4 6 11 8 11 11 0 9 9 6 11 15 9 9 10 6 16
split_gain=1837.2 459.307 429.303 310.386 279.183 424.581 246.329 211.553 204.521 184.232 166.868 156.734 142.674 136.561 200.699 113.833 110.933 90.6894 86.6271 78.6669 73.882 73.6579 58.0369 45.1491 44.1298 40.9012 40.5052 39.1543 36.0059 50.7164
threshold=6.3299480000000008 0.85484660793394818 0.14468895576394872 6.8333776939485551 -0.0016226632935465296 -0.041160838175955554 -0.084237117120714924 11.449976918098606 15.502867373456853 0.11364250000000002 2.6536810665080579 0.11336008305615382 4.380905884609315 6.3299980000000007 9.8247525016541513 1.7420913869221268 0.61992650000000016 1.0505613493544474 0.47719950000000005 1.2626838425691698 2.7172753781850854 3.1205555000000005 2.6623521745987837 0.7903281658642386 -4.7754829999999986 6.8333776939485551 2.1919999419003573 1.9190133623401653 12.504963377083799 0.11364250000000002
decision_type=2 2 2 2 2 2 2 2 2 2 2 2 2 2 2 2 2 2 2 2 2 2 2 2 2 2 2 2 2 2
left_child=1 3 8 4 5 15 -6 22 9 11 -8 16 21 24 19 -1 -2 -14 -3 -15 -16 -11 -4 -24 -9 -20 -25 -10 29 -29
right_child=2 18 7 -5 6 -7 10 13 27 12 -12 -13 17 14 20 -17 -18 -19 25 -21 -22 -23 23 26 -26 -27 -28 28 -30 -31
leaf_value=-0.01515801434417482 -0.029325740240370424 -0.032791719882756164 0.060007692076584386 0.063235869628098171 0.074105965258508419 0.074979513407011131 -0.0055788257386738573 0.065317879738744075 -0.035929423606727129 -0.023134687224148211 0.044202016210537126 -0.065406909254010479 -0.02622497918366597 -0.010996595082837859 -0.027092579157750082 0.019347543890176951 0.023951543120367638 0.028535590904636504 0.056244157974999404 0.07211244914923251 0.031877982051986935 0.039327824135469716 0.0016363228882270181 -0.051316643341678618 -0.041302339310007992 0.037801324520096713 -0.027112107295708787 0.0015970349178291922 0.077800120150008825 0.045495645115231687
leaf_weight=299.1463131159544 411.66544726490974 35.312273219227791 12.699006557464598 267.42993958294392 107.27155596017838 331.54880431294441 3113.1107549369335 9.9272139668464643 21.399501770734787 505.46229988336563 177.96328774094582 237.7188373953104 91.542600750923157 39.222315907478333 378.60498921573162 1189.1323173642159 128.11103323101997 434.31766377389431 578.55675646662712 103.89492847025394 61.781026124954224 52.058627352118492 45.97001525759697 1524.9021626710892 433.43540914356709 625.7822603136301 194.94129511713982 111.9150503128767 40.763298556208611 159.65335613489151
leaf_count=1381 2077 204 61 1585 536 1657 14271 45 104 2566 871 1395 416 200 2075 5782 612 2065 3692 517 292 247 236 9170 2431 3903 1105 534 188 747
internal_value=-0.000154674 0.0169107 -0.0231086 0.0106991 0.00800663 0.0238109 -0.000456606 -0.036067 -0.00654384 -0.0130078 -0.00288695 -0.0315788 0.000319785 -0.0179971 -0.00210303 0.0124119 -0.0166809 0.0190028 0.0443979 0.0493358 -0.0188197 -0.0173022 -0.0465 -0.047266 -0.038915 0.0466611 -0.0485731 0.0294991 0.033982 0.0274048
internal_weight=11725.2 6725.25 4999.99 5485.6 5218.17 1819.83 3398.35 2805.38 2194.61 1860.88 3291.07 777.495 1083.38 1026.87 583.503 1488.28 539.776 525.86 1239.65 143.117 440.386 557.521 1778.51 1765.81 443.363 1204.34 1719.84 333.731 312.332 271.568
internal_count=60965 33882 27083 26083 24498 8820 15678 16132 10951 9378 15142 4084 5294 5560 3084 7163 2689 2481 7799 717 2367 2813 10572 10511 2476 7595 10275 1573 1469 1281
is_linear=0
shrinkage=0.05


Tree=25
num_leaves=31
num_cat=0
split_feature=14 6 16 14 14 6 9 3 3 13 11 13 3 11 0 7 9 3 0 16 7 3 11 6 13 3 3 16 11 9
split_gain=1862.32 765.162 240.756 283.862 351.554 236.812 276.889 211.597 190.154 172.512 115.289 114.189 93.6785 104.678 92.7044 91.5275 85.2088 71.9238 71.1573 86.6337 69.5611 67.7864 70.7248 67.0353 59.63 59.1581 56.2979 75.8056 58.4565 54.7989
threshold=-0.043367350308445046 5.2033459752417643 2.6536810665080579 0.075356761861594554 0.075600500000000015 5.2039180000000007 3.0822185000000002 206002959.33000001 832347534.31500018 0.4743218040664845 1.1655376583108044 0.51895246327195366 832347534.31500018 2.0107560000000002 4.6522135000000011 0.73071144379664432 3.7024410953455331 2399938246.7700005 1.3864300000000001 2.881021731910256 0.67349982468270975 -823352822.41731453 4.129261500000001 10.890330000000002 1.7683989551176691 4882846729.8306608 1714497520.9500003 0.11674377046163827 6.3133492838083827 2.0203493920867657
decision_type=2 2 2 2 2 2 2 2 2 2 2 2 2 2 2 2 2 2 2 2 2 2 2 2 2 2 2 2 2 2
left_child=8 2 3 12 -5 26 9 -6 15 17 -8 -11 13 -2 -14 16 21 -7 19 -10 -12 -1 -23 29 -17 -4 27 -3 -29 -20
right_child=1 5 25 4 7 6 10 -9 18 11 20 -13 14 -15 -16 24 -18 -19 23 -21 -22 22 -24 -25 -26 -27 -28 28 -30 -31
leaf_value=-0.020712983610684996 -0.014495089462258399 -0.048768256055404774 0.049373064465241451 -0.074908412274669919 0.014265429085366347 0.0024965537634877265 -0.064989644988343823 -0.022537735414183351 -0.074648273923728248 -0.05562544927363168 0.092540530016197997 -0.025252652118377017 -0.018562206141460862 0.026210510954432539 0.067617286235625573 0.044481373644249179 0.062465438461298754 -0.055353399018179754 0.001017622979732383 0.058967134931750015 0.02424564717037047 0.015052608788706243 0.03538751409501139 -0.045516718716861609 -0.17733625926604646 -0.064853087194564008 -0.060899566589895919 -0.034655150069305231 -9.6561199604642086e-05 0.036356558522857067
leaf_weight=82.253701686859131 185.00740651786327 775.51181530952454 294.26850821077824 214.92962265014648 682.63884355127811 554.69192400574684 32.281037732958794 912.75928750634193 54.435744225978851 450.44680415093899 43.977789014577866 988.63571709394455 298.31713254749775 1079.4183043390512 34.85120864212513 1261.4409103095531 153.26024807989597 59.491150751709938 279.27943249046803 15.610386416316031 244.98286317288876 812.58154819905758 902.49083383381367 51.006288111209869 3.037085384130477 11.789142832159994 345.02791041135788 453.18328060209751 167.6279871314764 180.66290175914764
leaf_count=378 821 4816 1491 1116 3138 2643 156 4262 229 2825 200 5391 1266 5050 151 8210 917 306 1280 72 1201 4062 4612 212 16 53 2053 2490 863 852
internal_value=-2.70014e-05 -0.0139609 0.00249341 -0.0013216 -0.0148777 -0.0288087 -0.018538 -0.0067904 0.0287135 -0.0252915 0.0246281 -0.0347596 0.0140396 0.0202546 -0.00954737 0.0334706 0.0266782 -0.00310692 0.00238868 -0.0448709 0.0346397 0.0236266 0.0257531 0.00886751 0.0439486 0.0449731 -0.0428137 -0.0383448 -0.0253238 0.0148986
internal_weight=11625.9 7829.84 3713.98 3407.92 1810.33 4115.86 2374.51 1595.4 3796.06 2053.27 321.242 1439.08 1597.59 1264.43 333.168 3215.06 1950.59 614.183 580.995 70.0461 288.961 1797.33 1715.07 510.949 1264.48 306.058 1741.35 1396.32 620.811 459.942
internal_count=61132 40292 17348 15804 8516 22944 12722 7400 20840 11165 1557 8216 7288 5871 1417 18195 9969 2949 2645 301 1401 9052 8674 2344 8226 1544 10222 8169 3353 2132
is_linear=0
shrinkage=0.05


Tree=26
num_leaves=31
num_cat=0
split_feature=14 6 9 7 13 3 6 12 14 5 3 11 3 5 5 12 10 10 3 6 9 1 1 8 12 11 10 14 1 10
split_gain=1709.25 475.127 450.074 315.099 278.891 242.44 204.15 200.513 169.853 155.874 154.853 140.637 159.701 135.483 126.918 120.425 117.658 109.975 112.349 101.896 98.599 101.848 88.0471 89.5265 80.7607 70.5412 68.6539 65.4406 62.4797 61.6929
threshold=0.042690500000000006 5.2033459752417643 2.9164533527842011 0.65559012594549382 0.41593344855431896 211585848.30231625 5.2039180000000007 0.96054400000000018 -0.10682153264802995 0.031746623216721469 592066909.54628015 1.9522264806500467 1136271513.4100001 0.1676445 -0.11059263923671024 0.94400269028935813 6.2927687993011956 2.3747575000000007 850022176.81000006 10.066179481337363 3.7024410953455331 1.067865680172017 1.6497955000000002 0.89161785512511538 1.2266579271825397 33.001231178979189 2.5293819363885275 0.075600500000000015 1.4109015993259892 2.0592775000000003
decision_type=2 2 2 2 2 2 2 2 2 2 2 2 2 2 2 2 2 2 2 2 2 2 2 2 2 2 2 2 2 2
left_child=1 8 4 -4 11 20 29 15 -1 -8 24 -2 13 -13 25 26 -16 18 -10 -12 21 -5 23 -19 -11 -9 -6 -22 -7 -3
right_child=2 6 3 5 7 28 9 14 17 10 19 12 -14 -15 16 -17 -18 22 -20 -21 27 -23 -24 -25 -26 -27 -28 -29 -30 -31
leaf_value=0.039252544765868758 -0.031678351900593982 -0.059995377988699951 0.09228241411493264 -0.028125626809774346 -0.05712306672327877 -0.038232694932706139 0.069635656436162818 0.0010272909859500542 0.0068327407083100221 0.029618955961157663 0.0071394940209143238 0.036770033061084305 -0.038324815230900304 -0.013065568387514964 -0.043886634664861229 -0.062420958256621008 -0.015770151490465904 0.01160841235927146 -0.064680680170516855 -0.046554083108305111 -0.0058233354437192096 0.067113778486736969 0.047109675207001711 0.040839471177643499 -0.0018011341796461368 0.081064751092206858 -0.023401103542024244 0.03874456336070696 0.04334147533439911 -0.017226870861692164
leaf_weight=1869.0581489056349 365.55974067747593 97.823659539222717 99.422024503350258 169.53015899658203 218.96649068593979 354.94500203430653 101.72291886806488 141.40215022861958 297.71859693527222 502.12397758662701 160.42463810741901 367.50159540772438 158.40611547231674 216.85114514827728 671.61180402338505 777.04193009436131 834.29689866304398 1114.2509156018496 67.34335021674633 196.69652377068996 105.05774945020676 33.641412138938904 329.24927911162376 342.44253112375736 345.05636410415173 34.184760883450508 485.76299631595612 381.31553946435452 25.135533586144447 610.79683899879456
leaf_count=11531 1812 472 463 767 1205 1844 499 665 1496 2440 710 1663 820 1088 3801 5059 4530 5102 285 931 546 147 1601 2125 1614 148 2784 1969 117 2898
internal_value=-2.73853e-05 0.0182952 -0.0203506 0.00713879 -0.0278739 -0.000775332 -0.00152301 -0.0354363 0.028227 0.010201 0.00518078 -0.00629012 0.00620508 0.0182762 -0.0236191 -0.0488464 -0.0283097 0.0186467 -0.00635941 -0.0224341 0.0168978 -0.0123558 0.0237581 0.0184801 0.0168216 0.0166097 -0.0338789 0.0291178 -0.032838 -0.023131
internal_weight=11475.3 6034.71 5440.63 1169.05 4271.59 1069.63 2014.64 3163.27 4020.06 1306.02 1204.3 1108.32 742.759 584.353 1681.5 1481.77 1505.91 2151 365.062 357.121 689.545 203.172 1785.94 1456.69 847.18 175.587 704.729 486.373 380.081 708.62
internal_count=61132 31704 29428 5853 23575 5390 9564 18192 22140 6194 5695 5383 3571 2751 9144 9048 8331 10609 1781 1641 3429 914 8828 7227 4054 813 3989 2515 1961 3370
is_linear=0
shrinkage=0.05


Tree=27
num_leaves=31
num_cat=0
split_feature=14 6 6 5 9 16 14 14 3 3 13 10 15 4 7 7 9 10 5 10 11 16 3 11 5 6 5 9 13 13
split_gain=1581.65 687.574 228.501 323.984 224.282 224.271 247.721 317.264 176.064 151.71 128.724 108.406 105.98 88.0159 80.7184 80.0345 76.5221 78.2175 64.0324 87.3646 68.3877 63.9065 62.6021 52.8577 49.9259 48.7536 41.9436 38.4886 37.4691 37.2002
threshold=-0.049703358751680936 5.2033459752417643 5.2039180000000007 0.045101511869300635 3.379789936379066 2.6536810665080579 0.075356761861594554 0.075600500000000015 206002959.33000001 832347534.31500018 0.4743218040664845 2.3747575000000007 -1.2840961010264709 3.3751159654084497 0.73071144379664432 0.7048647291788529 3.7024410953455331 2.0592775000000003 0.15215392889045956 6.803128000000001 40.886008679024741 0.40028425871826218 132306190.61500001 0.47719950000000005 0.0083762130262147998 32.792891619574824 0.061861000000000006 1.6335040000000001 0.43097608877946619 1.5259318667470947
decision_type=2 2 2 2 2 2 2 2 2 2 2 2 2 2 2 2 2 2 2 2 2 2 2 2 2 2 2 2 2 2
left_child=9 5 18 24 10 6 11 -8 -9 14 -5 22 28 -13 16 -6 17 26 19 -3 -21 -19 -2 27 -4 29 -1 -7 -11 -14
right_child=1 2 3 4 15 23 7 8 -10 12 -12 13 25 -15 -16 -17 -18 21 -20 20 -22 -23 -24 -25 -26 -27 -28 -29 -30 -31
leaf_value=0.011352261145833173 0.018022110816877646 -0.042397939841427167 0.09042545319311468 -0.0074753692794307207 0.08783078062688833 0.066560968610163973 -0.072522783133829233 0.013053253679337696 -0.020702880599114876 -0.086358858763251709 -0.03526974784547094 0.0091712089306295787 0.017824839346326667 0.035250276287627551 0.042322160503508018 0.011189250117918437 0.061075234725774086 0.020223960082508131 -0.048041016982598217 -0.01446382390710459 0.063142505793954765 0.043381520516323067 -0.03349573368095414 0.050795521109264309 0.029028175502977899 -0.08090865045291934 -0.031312618513652683 -0.0581294673271378 -0.019647344469615895 -0.094037657048030493
leaf_weight=177.42611348628998 88.488858208060265 371.68770039081573 64.954898595809937 596.35758870840073 41.140747919678688 8.913906008005144 203.67508631944656 676.88450294733047 899.74606607854366 36.017053231596947 1381.7524959594011 900.3300829231739 429.33256600797176 505.00422540307045 1177.2659600228071 198.01317834854126 139.65667088329792 987.9005550891161 1101.6696923822165 185.50092250108719 33.516275465488434 426.55543273687363 176.75321505963802 274.54216472804546 67.538039550185204 13.407550930976866 85.300349727272987 20.243723094463348 50.643898323178291 7.5631006956100455
leaf_count=930 437 2087 287 2887 198 40 1116 3138 4262 156 8179 4288 2012 2251 8059 988 884 5043 7122 952 148 2300 769 1445 332 56 414 92 227 33
internal_value=-2.7826e-05 -0.0126012 -0.0269115 -0.0168226 -0.021361 0.00280514 -0.000820064 -0.013797 -0.00621058 0.0277345 -0.0268903 0.0130092 0.00326162 0.0185427 0.0321235 0.0243736 0.025515 0.022554 -0.0409194 -0.0276374 -0.0025877 0.0272076 -0.0163086 0.0439976 0.0591283 0.0130063 -0.0024999 -0.0200098 -0.0473732 0.0158884
internal_weight=11327.8 7796.71 4042.13 2349.76 2217.26 3754.58 3450.88 1780.31 1576.63 3531.07 1978.11 1670.58 536.964 1405.33 2994.11 239.154 1816.84 1677.18 1692.37 590.705 219.017 1414.46 265.242 303.7 132.493 450.303 262.726 29.1576 86.661 436.896
internal_count=61132 41018 23180 12871 12252 17838 16261 8516 7400 20114 11066 7745 2484 6539 17630 1186 9571 8687 10309 3187 1100 7343 1206 1577 619 2101 1344 132 383 2045
is_linear=0
shrinkage=0.05


Tree=28
num_leaves=31
num_cat=0
split_feature=14 6 16 3 16 14 14 15 15 3 3 3 10 15 10 6 3 0 6 10 8 16 4 0 16 4 16 11 11 11
split_gain=1450.04 643.232 223.698 216.051 206.182 230.253 298.691 200.611 226.316 159.667 159.633 136.048 112.08 102.751 99.4939 90.6326 90.2157 85.4561 69.0054 64.7986 62.0693 61.778 60.9187 59.8887 55.9892 55.9393 55.4441 55.2858 50.9078 49.3032
threshold=-0.051928704937812591 5.2033459752417643 0.26339265365263181 321837747.91051763 2.6536810665080579 0.075356761861594554 0.075600500000000015 -0.56671745256444128 1.1359320000000002 206002959.33000001 403403147.64895016 410449409.00514257 2.0592775000000003 1.0000000180025095e-35 2.3747575000000007 12.152621915906609 1594239579.5372736 1.6468550000000002 5.2033459752417643 299.67924213263797 1.0108896073805638 -0.1747355489994922 -114.18928760014482 0.93593100000000007 0.17691051139733902 29.790107269492683 0.11994371136036817 1.5871311247085096 0.47719950000000005 0.18982243889049435
decision_type=2 2 2 2 2 2 2 2 2 2 2 2 2 2 2 2 2 2 2 2 2 2 2 2 2 2 2 2 2 2
left_child=11 4 7 13 5 14 -7 10 21 -8 15 20 -5 -4 23 -3 -14 -16 22 -12 24 -9 -13 -2 27 29 -20 -1 -6 -24
right_child=1 2 3 12 28 6 9 8 -10 -11 19 18 16 -15 17 -17 -18 -19 26 -21 -22 -23 25 -25 -26 -27 -28 -29 -30 -31
leaf_value=-0.01411298975599209 0.031279557356308899 -0.0051760202096602396 0.042091136817070142 -0.063627105456973615 -0.020149370007290713 -0.071198694592434039 0.012412225381654983 -0.013459563914220221 0.01714721184794182 -0.019780585906337592 -0.036925311957261425 -0.13524978308676672 -0.0024121575218367317 -0.010217430878850273 0.0094913040056526093 0.051748434661114562 -0.038896852100406554 0.035788961347311375 -0.026475549341625687 0.090641890581968809 0.047284501727302024 -0.048582278167740342 -0.069751525673819426 -0.027189463642910489 0.038263077671432763 -0.16049316531176111 0.011185427172844049 0.024751861096212222 0.049460522862167094 0.027646935804679487
leaf_weight=101.90089972317219 55.029437839984894 172.26557503640652 243.38562528789043 139.42160852253437 29.096470609307289 197.25271207839251 676.26614168286324 134.54546341300011 152.36503487825394 894.74338158965111 319.01892967522144 6.0661165863275519 497.76592318713665 152.8354731798172 968.91221976280212 117.69905698299408 256.8697073161602 453.51984585821629 168.45767670869827 10.275318309664724 602.88228937983513 1802.081886395812 13.304935231804846 214.54108281433582 846.87752032279968 4.0776451230049124 232.75153259932995 896.8334921002388 269.93418970704079 554.24680888652802
leaf_count=566 294 818 1134 802 133 1116 3138 764 733 4262 1815 27 2673 758 4600 553 1424 2053 721 55 4426 11748 61 936 5019 20 993 5157 1453 2880
internal_value=-2.77908e-05 -0.0119938 -0.0259539 -0.00882005 0.00285462 -0.000587652 -0.0132043 -0.0341168 -0.041526 -0.00592268 -0.00912285 0.027057 -0.0224405 0.021914 0.0125977 0.0179301 -0.0148311 0.0178759 0.0113021 -0.0329447 0.0333557 -0.0461422 0.0223653 -0.0152537 0.0288058 0.0240379 -0.00462747 0.0207865 0.0426873 0.0253637
internal_weight=11185.2 7757.83 3998.53 1290.28 3759.3 3460.26 1768.26 2708.25 2088.99 1571.01 619.259 3427.4 894.057 396.221 1692 289.965 754.636 1422.43 978.905 329.294 2448.49 1936.63 577.696 269.571 1845.61 571.629 401.209 998.734 299.031 567.552
internal_count=61132 41262 23277 6791 17985 16399 8516 16486 13245 7400 3241 19870 4899 1892 7883 1371 4097 6653 4702 1870 15168 12512 2988 1230 10742 2961 1714 5723 1586 2941
is_linear=0
shrinkage=0.05


Tree=29
num_leaves=31
num_cat=0
split_feature=14 14 6 3 14 6 16 5 11 14 5 3 16 3 13 6 11 0 13 16 3 5 10 4 8 3 13 0 11 6
split_gain=1337.09 453.972 430.787 346.113 235.849 201.09 200.675 192.187 184.661 172.684 149.024 140.34 138.804 129.84 117.57 103.683 102.715 102.453 76.4701 67.45 64.4822 62.8312 69.5386 62.5884 62.2598 60.97 60.7091 53.9135 53.2537 47.9843
threshold=0.064718275776419323 0.075600500000000015 5.2033459752417643 206002959.33000001 0.075356761861594554 5.2039180000000007 7.9760259773381881 0.025733500000000003 5.6568360922709866 -0.10682153264802995 0.027154554712235462 592066909.54628015 0.3290070000000001 -306787686.60867286 0.70489350000000017 9.8247525016541513 5.4835745000000005 4.5345810000000002 0.52250554215450751 0.27863850000000007 1017686634.4800001 0.15215392889045956 2.0592775000000003 0.48382297098320504 0.75612976724203473 -2008842466.478658 0.51893600000000017 1.2978341976051107 0.59432750000000012 -2.7903411513392662
decision_type=2 2 2 2 2 2 2 2 2 2 2 2 2 2 2 2 2 2 2 2 2 2 2 2 2 2 2 2 2 2
left_child=2 4 9 7 -2 21 8 -3 23 28 -7 18 24 -14 -10 -13 17 19 -12 -11 25 22 -4 -5 -9 -18 -24 -22 29 -1
right_child=1 3 5 6 -6 10 -8 12 14 16 11 15 13 -15 -16 -17 20 -19 -20 -21 27 -23 26 -25 -26 -27 -28 -29 -30 -31
leaf_value=-0.16619107555867868 -0.0055065674690992598 0.032914798535613556 -0.055540995238781282 0.0067178590676450073 -0.062829156470019118 0.068860934229674986 0.0450090396490197 -0.03251691988030788 0.014291942272319953 -0.0076351769879551973 0.027560722886884999 0.0089235029454708403 -0.043802525864325086 0.0428880442644703 -0.02494163411056436 -0.042034307037072394 0.0060351283179384298 0.0545188463490529 -0.0015286731058592653 0.015869977300265334 -0.088756529123067113 -0.037567964418602391 0.014784932095517778 -0.038179172526815769 0.0085055649053806075 0.038359515778508574 -0.028490082097008141 0.0068747115657197544 0.038170299808578195 0.0037929998848869428
leaf_weight=4.45417696237564 232.50775960832834 510.85123625397682 68.739804640412331 81.890462800860405 786.21573992073536 95.512055084109306 103.80598895251751 370.49352061748505 371.3875805363059 695.57057546079159 523.69718638062477 174.52699106931686 55.621353387832642 193.28905629366636 393.02553448081017 233.20762118697166 182.30354562401772 103.24778254330158 397.33515746891499 543.83678234368563 18.100812420248985 378.62139862775803 228.20403762161732 1490.0639781504869 123.26437535881996 730.14015650749207 125.6760256588459 79.328920364379883 1688.5057729333639 61.130548715591431
leaf_count=23 1203 2493 334 362 5525 489 486 1989 1934 3359 2579 792 261 933 2266 1177 1019 517 1941 2644 76 2124 1010 8757 591 3790 597 353 11144 364
internal_value=-2.92432e-05 -0.0201957 0.0149787 -0.0120456 -0.0497462 -0.00273673 -0.0230155 0.00930909 -0.0260379 0.0245794 0.00853611 0.00419995 -0.00692832 0.0235162 -0.00588013 -0.0202223 0.0157259 0.00666502 0.0150115 0.0026786 0.0277726 -0.0227752 -0.00952254 -0.0358403 -0.0222758 0.0319012 -0.000583641 -0.010892 0.0364533 -0.00775144
internal_weight=11044.6 4712.42 6332.14 3693.69 1018.72 2225.52 2440.17 1253.52 2336.37 4106.62 1424.28 1328.77 742.668 248.91 764.413 407.735 2352.53 1342.66 921.032 1239.41 1009.87 801.241 422.62 1571.95 493.758 912.444 353.88 97.4297 1754.09 65.5847
internal_count=61132 26800 34332 20072 6728 11043 13805 6267 13319 23289 6978 6489 3774 1194 4200 1969 11758 6520 4520 6003 5238 4065 1941 9119 2580 4809 1607 429 11531 387
is_linear=0
shrinkage=0.05


Tree=30
num_leaves=31
num_cat=0
split_feature=14 16 8 16 3 16 3 5 9 10 3 16 3 15 16 3 10 11 0 5 8 9 3 11 0 5 10 3 3 3
split_gain=1218.63 391.123 348.857 320.52 262.51 253.431 253.275 226.182 154.102 150.915 140.645 139.884 135.265 133.589 125.93 129.361 184.242 114.038 109.129 89.8788 78.4215 65.0848 64.6667 60.9082 59.852 56.1845 66.5354 55.7421 60.2061 50.0423
threshold=0.041116122357155539 0.21583578569929585 0.81460979620712848 0.11336008305615382 221745548.12056804 0.11364250000000002 166305387.51500002 0.027154554712235462 4.3476423220714731 1.9190133623401653 -2008842466.478658 0.35555714315698772 -237712220.28728148 2.2730589408986677 7.9760259773381881 1566001099.7515132 4.3386910000000007 2.0382637122666898 0.74381480765787733 0.010986556791042518 0.77017320740225503 2.4657295647232109 -8438932815.7649984 18.940156630955087 0.74381480765787733 -0.096777026393405574 27.948654740245015 -2008842466.478658 850022176.81000006 -799695784.77499986
decision_type=2 2 2 2 2 2 2 2 2 2 2 2 2 2 2 2 2 2 2 2 2 2 2 2 2 2 2 2 2 2
left_child=2 3 7 4 10 -5 12 17 9 -9 22 -11 18 23 15 16 -8 -1 20 -12 -3 -14 -2 -6 -4 -7 -27 -19 -29 -26
right_child=1 6 24 5 13 25 14 8 -10 11 19 -13 21 -15 -16 -17 -18 27 -20 -21 -22 -23 -24 -25 29 26 -28 28 -30 -31
leaf_value=0.00056175239463618733 -0.0031335464861187998 -0.048083242658307934 0.043432851023396481 -0.062898415380998413 -0.037231675130018876 0.027611113482815159 -0.027727103744345352 -0.043837127156167943 0.051485059727673789 -0.0076083886398309458 0.049147099948973684 0.020616001385696695 0.015585548070516736 0.050293843269153406 0.038987411834310641 -0.041945598588341265 0.016451656740214742 -0.090941559587347051 -0.06835138898102984 0.0060317584452578669 0.036586472115983107 0.055173259196492554 -0.086371699234016247 0.002399994398292088 -0.040528310851140559 -0.032887827424369333 0.021310299340219923 0.036128846133981193 0.0084574425273135408 0.025846650188533993
leaf_weight=442.16044898331165 46.006107702851295 37.205563813447952 1025.0288210734725 890.16300757229328 944.15643401443958 59.31120178103447 506.73509863764048 214.5135448127985 132.97768972069025 1610.3292397558689 186.53307059407234 603.52029755711555 165.47175119817257 50.240361243486404 108.90340365469456 371.90825167298317 441.69976166635752 9.459140866994856 56.09081694483757 343.39686043560505 103.21420200169086 278.68136998265982 47.346309825778008 108.03984984010458 30.646538831293583 358.67407131940126 67.243450105190277 1036.9178217053413 242.55122742056847 386.82363586872816
leaf_count=2135 224 169 7363 6407 5849 279 2761 1055 782 7806 853 2956 772 229 512 2084 2274 42 253 1682 572 1425 223 575 199 2052 347 5688 1157 2438
internal_value=-0.000210427 -0.0178119 0.0156604 -0.0290465 -0.014696 -0.0470522 -0.000980494 0.00851151 -0.000924176 -0.00379412 0.0112394 8.58977e-05 0.0251429 -0.029359 -0.0126904 -0.0169528 -0.00715242 0.0224727 -0.00939698 0.0212082 0.0141524 0.0404246 -0.0453501 -0.0331623 0.0369331 -0.017982 -0.0243311 0.0299891 0.0308831 0.0209741
internal_weight=10905.9 5171.02 5734.93 3101.11 1725.72 1375.39 2069.91 4292.43 2561.34 2428.36 623.282 2213.85 640.664 1102.44 1429.25 1320.34 948.435 1731.09 196.511 529.93 140.42 444.153 93.3524 1052.2 1442.5 485.229 425.918 1288.93 1279.47 417.47
internal_count=61163 29542 31621 18720 9635 9085 10822 21621 12599 11817 2982 10762 3191 6653 7631 7119 5035 9022 994 2535 741 2197 447 6424 10000 2678 2399 6887 6845 2637
is_linear=0
shrinkage=0.05


Tree=31
num_leaves=31
num_cat=0
split_feature=14 6 6 5 9 9 0 7 10 0 10 7 3 10 1 16 5 10 16 3 7 7 15 7 3 11 3 9 10 16
split_gain=1130.46 470.871 210.634 257.731 184.558 178.747 156.34 167.284 157.499 153.165 139.015 114.888 107.37 86.3221 98.9424 88.528 61.0981 71.3581 69.2172 55.3296 52.8314 38.1532 37.9795 35.9727 58.7924 35.9337 35.713 42.8594 33.0429 32.0656
threshold=-0.043367350308445046 5.2033459752417643 5.2039180000000007 0.039161789036073258 6.3577694315709499 2.4657295647232109 3.3350245000000007 0.84769117934056848 3.9348779821854225 0.83146034272590941 157.04495081613626 0.59305722871388611 -729812567.82873023 2.0592775000000003 0.44607231494991745 0.29480450000000008 0.15215392889045956 6.6496843243356016 0.25845393068297356 2616390865.6350007 0.30386200000000008 0.84165548111521959 -13.198390499999997 0.87352362826642238 -11756214611.393471 1.4363540380349884 4549091951.8252401 1.4647313816392722 13.706426246925176 7.9760259773381881
decision_type=2 2 2 2 2 2 2 2 2 2 2 2 2 2 2 2 2 2 2 2 2 2 2 2 2 2 2 2 2 2
left_child=9 4 16 25 6 10 7 8 -2 23 -5 -7 -11 20 28 -16 17 29 -19 21 -14 -6 -22 24 -1 -4 27 -8 -15 -3
right_child=1 2 3 5 19 11 26 -9 -10 12 -12 -13 13 14 15 -17 -18 18 -20 -21 22 -23 -24 -25 -26 -27 -28 -29 -30 -31
leaf_value=-0.14325744571585605 -0.024120700480454883 -0.042169060013619565 -0.056469151880038197 -0.028740092162893006 0.064393256095428356 0.09499043375701792 0.020344830227309544 0.059842981303948189 0.00075735402126372495 -0.13305253816803378 0.043873240464216728 0.0022148380073507183 -0.043354030716512504 -0.014412779334129044 0.014055609209874701 0.03672158134524816 -0.045377745315164635 -0.025823203077545761 0.031877129845619252 -0.064548939717630649 -0.046628617943598849 0.028389776637259657 0.009420137387160148 0.046062045742210254 0.030202140583374282 0.068260288410271416 -0.09213459595709439 0.059691246797749502 -0.1046820608896023 0.036490772763705846
leaf_weight=4.9269084483385077 991.07672592997551 321.93922751396894 6.1190411001443854 1549.6725160032511 105.23580195754766 36.135893434286118 214.07877074927092 93.515233360230923 1776.638591773808 12.079613015055655 68.840838313102722 435.86423745751381 71.548051223158836 21.992634952068329 1128.7992012351751 696.67675226926804 991.07952550798655 126.33715705573559 88.30359373986721 13.335812389850615 33.521787695586681 244.64937987923622 307.26145333051682 619.15572080761194 574.27725351601839 102.51254916936159 5.8002703189849845 102.27686484158039 18.806762866675854 13.499340042471884
leaf_count=25 4611 1961 31 9453 660 165 1084 532 8313 71 377 2203 348 115 5989 3856 7052 710 412 67 169 1528 1711 5002 3571 487 25 487 88 60
internal_value=-0.000204533 -0.0114106 -0.0237872 -0.0138543 0.001642 -0.0177562 -0.00221075 -0.00592881 -0.0081511 0.0231994 -0.0256516 0.00931765 0.0156222 0.0164104 0.0209848 0.0227059 -0.0379609 -0.024598 -0.00208518 0.0354088 -0.00429394 0.0392186 0.0039068 0.0376833 0.0287266 0.0612345 0.0308112 0.0330654 -0.056023 -0.0390035
internal_weight=10776 7286.91 3740.3 2199.15 3546.61 2090.51 3183.39 2861.23 2767.72 3489.05 1618.51 472 2290.69 2278.61 1866.28 1825.48 1541.16 550.079 214.641 363.221 412.331 349.885 340.783 1198.36 579.204 108.632 322.156 316.356 40.7994 335.439
internal_count=61163 40218 22911 12716 17307 12198 15052 13456 12924 20945 9830 2368 12347 12276 10048 9845 10195 3143 1122 2255 2228 2188 1880 8598 3596 518 1596 1571 203 2021
is_linear=0
shrinkage=0.05


Tree=32
num_leaves=31
num_cat=0
split_feature=14 14 3 9 7 3 8 3 16 4 10 11 0 9 0 15 13 10 13 11 3 13 3 3 10 3 3 10 10 11
split_gain=1047.29 563.669 394.35 263.908 233.886 227.484 191.299 215.123 177.158 154.828 165.042 111.646 100.478 126.583 128.934 108.717 113.406 93.0161 78.3666 77.1635 73.4584 61.111 56.4571 56.1646 65.4 55.4837 51.3299 41.2387 37.9303 44.9284
threshold=0.073609500000000008 0.075600500000000015 410449409.00514257 3.3275263975341312 0.70040250000000015 511118190.48000008 0.84257345917128679 -2128508895.617614 2.3344130000000001 0.28362789964628748 6.4994131215342597 7.8926480000000003 1.1906300000000003 1.8322840000000002 1.8034314674096696 6.7048310073591137 0.51893600000000017 2.4409235000000007 2.1516741168498252 0.53336658983398733 -493653640.33877224 0.067083771586489968 343018130.03326136 -10108671171.356323 7.7897193882897557 693594858.2700001 638392569.31500018 2.2378805864157276 2.4728521457152008 0.53336658983398733
decision_type=2 2 2 2 2 2 2 2 2 2 2 2 2 2 2 2 2 2 2 2 2 2 2 2 2 2 2 2 2 2
left_child=2 -2 6 8 -5 20 7 23 9 27 -11 17 26 15 21 16 -14 -9 -8 -16 -6 -15 -13 -1 -25 -17 -4 -3 -10 -30
right_child=1 3 12 4 5 -7 18 11 28 10 -12 22 13 14 19 25 -18 -19 -20 -21 -22 -23 -24 24 -26 -27 -28 -29 29 -31
leaf_value=-0.094137706133301358 -0.058977167808972802 -0.035393882351522292 -0.0062998569803343479 0.087015690888609332 -0.0071677984437058979 -0.046034423598372926 0.038915494224683926 -0.012841142231160427 -0.017578419056187952 -0.035075521801246429 -0.0090030199447739944 0.036025855276166682 -0.0044910669053860068 -0.065100671228940366 -0.020065323400407009 -0.070390785426548252 -0.036766564759191149 0.016809669781612156 -0.19421393885942109 0.050525378774396161 0.038945580046891831 0.0038966810887650994 -0.041023810144031336 -0.098017158593645515 -0.0067722337916162768 0.055277595421272967 -0.076545151913262763 0.034738238997847608 -0.045674611288091846 0.04166483456789332
leaf_weight=38.074219137430191 738.70800643414259 24.433791071176529 41.882592260837555 102.18368331342936 125.04315966367722 158.24782954156399 1279.4162402451038 327.005047082901 43.588039562106133 1466.4620876610279 1035.6132441535592 783.98238035291433 870.45284137874842 33.979623965919018 45.550667852163315 9.8387903273105604 395.96927820891142 1383.7637084424496 3.614948481321334 257.89658217132092 279.1890431791544 577.64594098180532 24.518345288932323 24.449022457003593 99.801825799047947 81.865597382187843 68.605215959250927 147.47385473549366 16.103187158703804 171.98065668344498
leaf_count=164 5640 106 204 515 632 904 9431 1752 211 8759 5854 4207 4439 194 201 48 2152 7192 19 1298 1533 2712 129 109 476 410 315 647 72 838
internal_value=-0.000195833 -0.0192205 0.0127175 -0.0109948 0.0174278 0.00478603 0.0223804 0.0147833 -0.0174964 -0.0211304 -0.0242841 0.0183781 -0.00335406 -0.00109088 0.0132832 -0.0107758 -0.0145826 0.0111421 0.0382587 0.039929 0.0246811 6.34468e-05 0.0336893 -0.0410074 -0.0247266 0.0417949 -0.0499173 0.0247701 0.0244476 0.0341871
internal_weight=10657.3 4309.03 6348.31 3570.32 664.664 562.48 3964.63 2681.59 2905.65 2673.98 2502.08 2519.27 2383.69 2273.2 915.073 1358.13 1266.42 1710.77 1283.03 303.447 404.232 611.626 808.501 162.325 124.251 91.7044 110.488 171.908 231.672 188.084
internal_count=61163 25711 35452 20071 3584 3069 23479 14029 16487 15366 14613 13280 11973 11454 4405 7049 6591 8944 9450 1499 2165 2906 4336 749 585 458 519 753 1121 910
is_linear=0
shrinkage=0.05


Tree=33
num_leaves=31
num_cat=0
split_feature=4 7 4 13 9 1 9 3 10 10 16 13 3 3 5 12 9 10 3 1 10 13 13 9 5 3 16 16 16 10
split_gain=903.383 329.779 269.313 252.592 238.787 254.372 225.108 189.559 185.427 169.026 164.418 123.281 122.465 97.3368 96.6556 91.2022 80.0003 97.628 75.9809 73.0596 69.7729 78.6456 64.5458 63.2732 58.6403 53.1584 47.1348 42.1519 40.8975 39.9325
threshold=6.3299480000000008 0.87352362826642238 6.3299980000000007 0.4807020690962362 7.6871483118841581 1.2854738021275367 2.9164533527842011 2867818415.9630742 1.9190133623401653 10.861488500000002 0.8363575000000002 0.51895246327195366 -2128508895.617614 771048133.23000014 0.15215392889045956 0.95304310255752733 1.6965690000000002 4.7309171967765407 555307174.12286222 1.0176950000000002 2.0592775000000003 0.51893600000000017 1.5259318667470947 2.3005042829131224 -0.052930509972855498 226122656.48000005 -0.10342049999999998 6.8210312316801618 0.2898645671167826 16.903092764832994
decision_type=2 2 2 2 2 2 2 2 2 2 2 2 2 2 2 2 2 2 2 2 2 2 2 2 2 2 2 2 2 2
left_child=1 4 14 7 5 10 9 16 23 24 12 -11 -1 -10 20 28 17 -4 22 -18 -2 26 -3 -7 -5 -12 -22 29 -8 -16
right_child=2 18 3 6 -6 8 15 -9 13 11 25 -13 -14 -15 27 -17 19 -19 -20 -21 21 -23 -24 -25 -26 -27 -28 -29 -30 -31
leaf_value=-0.040033474856564187 -0.055385668252597692 0.042487919295259503 -0.013180981459417498 -0.010436680721842999 0.058086465161134138 -0.031535894314442744 -0.050854599973176429 -0.051496947492187431 0.040106682306993831 -0.045075699979019661 0.033431883290740143 0.010420714836613013 -0.0041073532073397688 0.011311089319985293 -0.049205737808033251 0.049454126481707154 0.018032349925055254 0.032623160953889341 -0.074804066231075647 0.064993884612798161 -0.043389000321508567 -0.03041396908384196 -0.18300757413273083 0.025028974679767099 -0.043755739812735679 0.0028650091054959171 0.012696826125354072 0.029296515631605066 0.028782778883747303 -0.026517919442495947
leaf_weight=260.94056215882301 109.00277169793844 898.08770935237408 240.51787575334311 158.47869053483009 222.03650736808777 189.40569588541985 41.611096389591694 97.582896687090397 821.95097997039557 132.57241797447205 363.30654495954514 408.17325418442488 2608.3083833605051 456.4388532936573 775.99354415386915 155.37790734320879 168.51650486886501 225.3126819729805 14.217592686414717 162.85805770009756 43.280996292829514 300.53062842786312 3.1847063750028601 66.901180401444435 791.96604277193546 233.75040893256664 278.56440256536007 20.255148157477379 26.317711740732193 258.5718400478363
leaf_count=1271 619 7103 1337 907 1602 887 271 533 4301 1052 2077 2209 13123 2119 5743 766 862 1113 69 832 209 1809 17 325 5630 1111 1335 86 139 1706
internal_value=-0.000189468 0.0122008 -0.0174931 -0.00725313 0.00734886 0.00509619 -0.0184917 0.014281 0.0220434 -0.0255027 -0.00240714 -0.00318512 -0.00737461 0.0298254 -0.0324517 0.0283263 0.0223326 0.00897354 0.0398819 0.0411122 -0.0184837 -0.0120207 0.0416911 -0.0167713 -0.0382001 0.0214648 0.00515454 -0.0421368 -0.0200006 -0.0435353
internal_weight=10534 6138.53 4395.48 2609.29 5223.04 5001 1714.5 894.788 1534.7 1491.19 3466.31 540.746 2869.25 1278.39 1786.2 223.307 797.205 465.831 915.49 331.375 731.379 622.376 901.272 256.307 950.445 597.057 321.845 1054.82 67.9288 1034.57
internal_count=61163 34005 27158 15651 26816 25214 10974 4677 7632 9798 17582 3261 14394 6420 11507 1176 4144 2450 7189 1694 3972 3353 7120 1212 6537 3188 1544 7535 410 7449
is_linear=0
shrinkage=0.05


Tree=34
num_leaves=31
num_cat=0
split_feature=14 6 6 16 2 3 16 16 0 8 0 3 3 0 9 14 10 11 16 3 3 14 11 3 4 3 4 15 3 0
split_gain=928.498 401.131 185.807 178.809 163.664 235.534 137.5 149.078 122.017 120.061 171.059 112.421 92.2616 84.6109 84.5487 67.3538 66.6306 70.8183 70.8071 62.2562 73.4853 74.1179 65.6499 60.3037 62.6601 50.5614 49.3493 42.4683 39.6718 38.5225
threshold=-0.051928704937812591 5.2033459752417643 5.2039180000000007 0.31693200000000005 0.60643578528467146 226122656.48000005 0.11336008305615382 0.11364250000000002 0.83146034272590941 0.87873375603445036 1.0902179281992246 532969914.03000003 -576495333.18750083 4.136994500000001 3.0122301492725514 2.3555208033114838 2.0592775000000003 0.29529142097536198 0.29480450000000008 1714497520.9500003 1500898206.5587661 0.0062006223412620189 40.886008679024741 805721548.86814427 4.2754322010777299 -306787686.60867286 31.369666500000005 -16.471639254383877 737453143.82129335 0.82303159893494071
decision_type=2 2 2 2 2 2 2 2 2 2 2 2 2 2 2 2 2 2 2 2 2 2 2 2 2 2 2 2 2 2
left_child=8 4 19 6 5 9 14 -8 -1 10 -2 25 -10 15 -4 -7 27 -18 -19 20 22 -22 -3 -6 -25 -5 -26 -14 -29 -11
right_child=1 2 3 11 23 13 7 -9 12 29 -12 -13 16 -15 -16 -17 17 18 -20 -21 21 -23 -24 24 26 -27 -28 28 -30 -31
leaf_value=0.035958629480999559 -0.012477559064284938 -0.036955354206316647 -0.013594307312921501 -0.026200060895024652 0.037074874157423492 -0.02354939693509478 -0.06026266206064565 -0.015140379375451775 -0.10886730510293965 0.038516529947415598 0.026230010858986491 -0.01342001244433157 -0.054509683869542559 0.044769600228151366 0.034268145539261517 0.076759256083726787 -0.041325529608491125 0.014047603165441725 0.035396804367262127 -0.056233197873798449 0.090803053913761256 -0.017595801448347655 0.0088460670080405864 -0.029938356397958877 0.031486699743571912 0.036289074998011747 -0.072651024465772249 0.011302729041335127 -0.030206398780933438 0.0014086157585484133
leaf_weight=1083.85542345047 815.31108918040991 1032.4753259569407 721.64999049901962 36.233628824353218 389.21853777766228 1193.7749661505222 358.42693386226892 374.11060080677271 14.855406686663626 358.83983341604471 439.17476232349873 273.92067336291075 35.668555982410908 49.162474669516087 105.79622903466225 16.972917854785919 45.142383456230164 1023.1925303041935 625.98357591032982 289.21904715150595 23.87760990858078 46.438433140516281 84.65240540355444 82.939116507768631 149.0295212417841 303.61726394295692 12.316594652831553 279.28718534857035 72.505369961261749 86.870863057672977
leaf_count=8346 3853 7308 4117 175 1969 5765 2971 2108 89 2251 2114 1497 173 255 524 76 205 5589 3625 2080 118 329 486 365 724 1519 69 1614 339 510
internal_value=-0.000182723 -0.0100703 -0.0217442 -0.0124467 0.00178818 -0.00314812 -0.0214418 -0.0372185 0.0223376 0.00899314 0.00107332 0.0104154 0.0152963 -0.0195322 -0.00747467 -0.0221432 0.0161823 0.02046 0.0221512 -0.0354308 -0.0303641 0.0192138 -0.0334847 0.0248535 0.00538131 0.0296267 0.0235372 -0.00252335 0.00274759 0.031284
internal_weight=10424.5 7244.03 3650.42 2173.76 3593.61 2960.11 1559.98 732.538 3180.49 1700.2 1254.49 613.772 2096.64 1259.91 827.446 1210.75 2081.78 1694.32 1649.18 1476.66 1187.44 70.316 1117.13 633.504 244.285 339.851 161.346 387.461 351.793 445.711
internal_count=61163 41183 23232 12911 17951 14824 9720 5079 19980 8728 5967 3191 11634 6096 4641 5841 11545 9419 9214 10321 8241 447 7794 3127 1158 1694 793 2126 1953 2761
is_linear=0
shrinkage=0.05


Tree=35
num_leaves=31
num_cat=0
split_feature=14 16 16 6 3 16 3 9 3 7 3 4 0 16 1 10 9 3 7 0 7 0 11 7 3 6 9 4 9 11
split_gain=924.754 317.297 304.533 267.897 188.981 188.124 181.121 133.296 132.762 127.041 124.309 123.978 117.583 112.673 118.118 138.695 109.433 103.924 97.0578 93.4926 88.2045 72.2233 70.3368 70.2432 64.4027 95.5206 60.255 60.0202 59.9927 52.0387
threshold=0.0492095789257413 0.19611000000000003 0.11336008305615382 5.2033459752417643 346858265.48552567 0.11364250000000002 166305387.51500002 1.8529550000000004 -2008842466.478658 0.87352362826642238 -150802749.60241631 2.836765550626005 0.82303159893494071 7.9760259773381881 1.0849465000000003 3.9348779821854225 7.6871483118841581 1953062262.3350003 0.46157000000000004 1.2444860000000002 0.46729614862279129 1.280084518750821 6.8213952646160187 0.76205997033871686 832347534.31500018 -5.6865062097336141 2.1632502702547272 64.810103000000012 3.8307350000000002 5.7183454396629072
decision_type=2 2 2 2 2 2 2 2 2 2 2 2 2 2 2 2 2 2 2 2 2 2 2 2 2 2 2 2 2 2
left_child=3 2 4 9 8 -4 10 17 -2 11 12 16 23 14 27 -16 19 20 -9 -1 21 -5 -10 -3 -13 -26 -12 -8 -20 -6
right_child=1 6 5 7 29 -7 13 18 22 -11 26 24 -14 -15 15 -17 -18 -19 28 -21 -22 -23 -24 -25 25 -27 -28 -29 -30 -31
leaf_value=-0.0038180743571786429 -0.052765661911653987 -0.020291603111331151 -0.061350773974969075 -0.048502638281326338 -0.037511817561064156 -0.017794738699020093 -0.048498708814424904 0.083470663079496174 0.00058971668073269081 0.04070599163246872 0.0066653502455517382 0.039169626329379204 -0.088438876762836169 0.039102000514468237 -0.026624787499184517 0.011285542048517595 0.056435388583256509 -0.054136371309386977 0.0017245750938661567 0.018683592271799648 0.065863361164904863 -0.0048967973307971757 0.035855822965191762 0.042033073308214958 -0.078264554840325018 0.020544621793128992 0.050233516218390332 0.045441618365286297 0.035237797657752173 -0.012646364098122137
leaf_weight=977.54718638956547 81.73817390203476 99.925898224115372 771.52908285707235 105.47552913427353 565.74952986836433 365.27688984572887 283.11551130563021 49.042999871075153 339.24941803514957 700.81437195837498 110.16396810859442 725.09443452954292 38.318530403077602 102.01649175584316 465.96794001013041 500.29384777694941 118.1683998554945 127.63512896746397 501.33739061653614 874.66164521872997 40.588720075786114 952.21641389280558 242.41627018898726 82.562019124627113 27.308596044778824 234.41761845350266 283.79797807335854 18.089721515774727 182.02256814390421 335.01085228472948
leaf_count=5525 400 473 6390 499 3870 2140 1492 239 1768 6127 530 3967 176 498 2779 2842 938 729 2397 4708 221 4810 1186 502 121 1114 1506 92 1052 2024
internal_value=-0.000107359 -0.0165092 -0.0276618 0.0135753 -0.0133489 -0.0473554 -0.00132825 -0.00134949 0.00690247 0.0215653 0.0212182 0.0170292 -0.00881391 -0.0114495 -0.0155183 -0.00699625 0.00978409 -0.0114323 0.0155274 0.0068078 -0.00646951 -0.00924527 0.0152873 0.00790561 0.0314955 0.0102348 0.0380505 -0.0428569 0.0106513 -0.0282639
internal_weight=10301.6 4685.22 2700.97 5616.33 1564.16 1136.81 1984.25 1958.32 663.404 3658.01 614.768 2957.2 220.806 1369.48 1267.47 966.262 1970.38 1225.92 732.403 1852.21 1098.28 1057.69 581.666 182.488 986.821 261.726 393.962 301.205 683.36 900.76
internal_count=61115 28668 17778 32447 9248 8530 10890 9947 3354 22500 3187 16373 1151 7703 7205 5621 11171 6259 3688 10233 5530 5309 2954 975 5202 1235 2036 1584 3449 5894
is_linear=0
shrinkage=0.05


Tree=36
num_leaves=31
num_cat=0
split_feature=14 14 14 11 14 4 9 7 7 16 10 16 16 10 9 1 9 8 15 9 7 15 15 10 15 10 13 4 7 14
split_gain=847.786 329.258 281.616 254.477 208.806 208.513 154.96 171.921 136.053 122.237 120.787 146.398 104.887 88.6203 81.2237 76.3384 93.354 63.5214 76.1592 60.3946 59.4331 46.8693 102.707 39.3842 36.3752 33.9079 33.2406 28.7721 28.6904 29.3706
threshold=0.064718275776419323 0.075600500000000015 -0.093979384983474815 6.3819322719426026 0.075356761861594554 0.48382297098320504 3.2003294673042331 0.68910450000000012 0.68910450000000012 7.9760259773381881 2.1658809361532909 0.40710056084213792 1.0151462721537963 21.999563000000006 4.1789669891585293 1.1103241234743817 2.4856060517015774 1.0370936484885964 -26.563697518630935 3.7024410953455331 0.76205997033871686 -0.15547933117248722 -0.15355049999999998 7.7017099275005672 -0.44770399999999994 4.4235335000000005 0.35645689579062173 2.7794024598384643 0.46157000000000004 -0.3566167406657535
decision_type=2 2 2 2 2 2 2 2 2 2 2 2 2 2 2 2 2 2 2 2 2 2 2 2 2 2 2 2 2 2
left_child=2 4 17 5 23 -3 7 10 -8 13 26 -12 15 -7 27 19 -17 18 28 -5 -16 24 -23 -2 -20 -14 -4 -10 -1 -30
right_child=1 3 6 12 -6 9 8 -9 14 -11 11 -13 25 -15 20 16 -18 -19 21 -21 -22 22 -24 -25 -26 -27 -28 -29 29 -31
leaf_value=-0.066924152638810311 -0.022739917510946651 0.02652611047327659 -0.019569847900420666 -0.027365521137175188 -0.059972200721599901 -0.031894742112970872 0.073856036049561632 0.059750572225912325 -0.027053779485690155 0.036856688822856788 -0.007711516086008118 0.0205125063202681 0.012456577109088221 -0.00033102826427649926 0.066653827925633957 0.0028996198328569136 0.051754825712987951 0.043882135696663653 0.02751767318024094 0.014714258803267039 0.018173298858723479 0.007548830479532434 0.039723291856841619 0.018765007414262996 0.053565450662565919 0.055107572310912727 -0.050908303869655905 0.012177249424517067 -0.15414067823726293 0.0038234745664932133
leaf_weight=26.790455535054207 128.93808251619339 215.54968935251236 225.44449606537819 289.56249586492777 620.80042703449726 1669.1167889609933 113.58144603669643 108.64379657804966 122.99814453721046 76.255026996135712 1745.1433935165405 623.63706687092781 70.547728210687637 256.5633901655674 75.57894740998745 469.34143293648958 123.5121031999588 403.74955581873655 488.19374871999025 120.8589751124382 386.49801848828793 763.34881042689085 367.42428599298 102.66648429632187 184.75333036482334 137.27556895464659 135.45768597722054 75.377729706466198 3.1065289527177802 55.774575352668762
leaf_count=130 730 1083 1094 1453 5478 10519 605 774 563 396 8591 3050 404 1461 445 2802 583 3742 3020 630 2563 4948 2237 528 1155 754 665 366 17 329
internal_value=-0.000105229 -0.0170469 0.0121761 -0.0101329 -0.0448569 -0.0201998 0.00347665 -0.0019313 0.0233072 -0.0252308 -0.00438629 -0.00028088 0.00829932 -0.0276894 0.0146141 0.00160233 0.0130779 0.0258802 0.0220333 -0.0149741 0.0261029 0.0242211 0.0180033 -0.00434147 0.0346689 0.0406293 -0.0313321 -0.012147 -0.024028 -0.00451061
internal_weight=10186.5 4280.99 5905.5 3428.58 852.405 2217.48 3612.36 2838.33 774.034 2001.94 2729.68 2368.78 1211.1 1925.68 660.453 1003.28 592.854 2293.14 1889.39 410.421 462.077 1803.72 1130.77 231.605 672.947 207.823 360.902 198.376 85.6716 58.8811
internal_count=61115 26821 34294 20085 6736 13459 18716 14174 4542 12376 13400 11641 6626 11980 3937 5468 3385 15578 11836 2083 3008 11360 7185 1258 4175 1158 1759 929 476 346
is_linear=0
shrinkage=0.05


Tree=37
num_leaves=31
num_cat=0
split_feature=4 7 16 9 0 3 15 15 3 3 10 3 3 10 15 4 12 3 10 13 16 10 3 2 3 3 9 16 13 3
split_gain=688.858 276.152 239.977 204.152 239.04 182.914 156.269 157.61 160.785 147.068 145.177 183.828 143.129 102.684 96.2756 80.9105 84.0022 79.055 70.7439 66.9515 66.8672 66.7515 55.3521 55.3025 68.5572 53.1796 53.0992 51.5795 50.6382 42.7362
threshold=6.3299480000000008 0.87352362826642238 0.3357070287362392 7.6871483118841581 1.4149745000000002 832347534.31500018 1.283651904825289 -0.15547933117248722 681553329.71973419 -2128508895.617614 2.2378805864157276 2616390865.6350007 771048133.23000014 1.9534889621680924 -1.0678224158606691 6.3299980000000007 0.9042432216078311 673017178.50000012 63.219024139932039 0.51893600000000017 42.900875857984566 299.67924213263797 420488299.82500011 0.73232550000000007 132306190.61500001 555307174.12286222 2.9796723299171179 0.70707737893677913 1.5259318667470947 1806963983.7350004
decision_type=2 2 2 2 2 2 2 2 2 2 2 2 2 2 2 2 2 2 2 2 2 2 2 2 2 2 2 2 2 2
left_child=1 3 6 4 5 9 7 8 17 -1 26 15 13 -6 -14 29 -17 -2 19 -9 -13 -10 -20 24 -8 28 -4 -7 -3 -12
right_child=2 25 10 -5 12 27 23 18 21 -11 11 20 14 -15 -16 16 -18 -19 22 -21 -22 -23 -24 -25 -26 -27 -28 -29 -30 -31
leaf_value=-0.035106455342436775 0.0012879635610214928 0.040149620261279197 -0.041085543619634422 0.056376240009698 -0.0075256053365604552 -0.059378864539666731 0.042261925696718855 -0.022999457381446764 -0.037469871615801904 0.0030967176081061216 0.0038680162461389267 -0.056015152884241685 -0.033352043608931063 0.0336905740165898 0.0094782277085815117 0.047353835856211335 0.0095334419221620639 0.1340718742777923 -0.0410625115232598 -0.048060247687479921 0.051088369509385771 0.057202284147520002 0.024124582234028101 0.052292229514606436 -0.037527848633710198 -0.06488265481148757 0.040539173791453546 -0.0035972915332716142 -0.16761614595833732 -0.060375916432982069
leaf_weight=283.87412744760513 622.44799538701773 804.834392786026 217.88774335384369 197.57244559377432 175.67765795439482 185.9501089155674 47.690257266163826 365.28883089870214 496.35713401436806 2237.8687964230776 355.08933433890343 126.45809072256088 161.13908356428146 1080.8320525363088 706.33159971237183 298.02813782542944 289.37064445018768 11.414866082370279 56.019450768828392 985.5427880436182 16.470995962619781 19.344661951065063 77.779170423746109 78.091891936957836 61.818319618701935 12.415014982223509 21.929684929549694 53.325989574193954 2.9434445053338996 27.921925976872444
leaf_count=1413 3599 7051 1343 1575 871 902 215 2283 3412 11886 1907 767 742 5802 3314 1589 1566 67 400 8390 84 112 487 398 330 62 116 242 15 175
internal_value=-0.000101306 0.0108926 -0.0156451 0.00654816 0.00453288 -0.00516806 -0.0239462 -0.0270863 -0.0131874 -0.00120384 0.00166576 0.00926677 0.0171434 0.027928 0.00152219 0.0170641 0.0287224 0.00367919 -0.0378483 -0.0412834 -0.0436727 -0.0339186 -0.00316826 0.0201448 -0.00277993 0.0378142 -0.0336215 -0.0469472 0.0393925 -0.000815434
internal_weight=10077.7 5902.76 4174.95 5082.57 4885 2761.02 2821.8 2634.19 1149.56 2521.74 1353.16 1113.34 2123.98 1256.51 867.471 970.41 587.399 633.863 1484.63 1350.83 142.929 515.702 133.799 187.6 109.509 820.193 239.817 239.276 807.778 383.011
internal_count=61115 33875 27240 26747 25172 14443 19693 18750 7190 13299 7547 6088 10729 6673 4056 5237 3155 3666 11560 10673 851 3524 887 943 545 7128 1459 1144 7066 2082
is_linear=0
shrinkage=0.05


Tree=38
num_leaves=31
num_cat=0
split_feature=14 14 14 11 14 4 9 7 0 3 7 16 16 0 3 10 9 0 3 15 1 7 3 13 3 10 10 3 10 10
split_gain=742.924 303.987 248.594 232.281 201.873 182.913 138.469 156.468 133.804 153.137 128.534 109.213 92.256 85.8328 139.59 82.028 71.5888 64.6013 64.441 63.8503 58.1513 57.4628 56.4953 53.5944 45.5145 36.2342 35.2241 31.3695 29.4658 27.2292
threshold=0.064718275776419323 0.075600500000000015 -0.093979384983474815 6.3819322719426026 0.075356761861594554 0.48382297098320504 3.2003294673042331 0.68910450000000012 1.1632230000000001 226122656.48000005 0.68910450000000012 7.9760259773381881 1.1132125000000002 1.2898224963161389 343018130.03326136 22.7223246725096 4.1789669891585293 0.83146034272590941 92628170.88500002 -26.563697518630935 0.44607231494991745 0.76205997033871686 43816995.111916468 0.060381407200844846 -2128508895.617614 13.186999470583482 7.7017099275005672 2867818415.9630742 2.3747575000000007 5.0288131001652943
decision_type=2 2 2 2 2 2 2 2 2 2 2 2 2 2 2 2 2 2 2 2 2 2 2 2 2 2 2 2 2 2
left_child=2 4 17 5 26 -3 7 8 22 -10 -8 15 13 18 -15 -7 24 -1 -5 29 25 -18 -4 -22 -12 -21 -2 -13 -14 -19
right_child=1 3 6 12 -6 11 10 -9 9 -11 16 27 28 14 -16 -17 21 19 -20 20 23 -23 -24 -25 -26 -27 -28 -29 -30 -31
leaf_value=0.035955773533912959 -0.021593209470971146 0.024731696844804363 -0.017332712204344316 -0.0040719964089167724 -0.059424584660750179 -0.030538648132900127 0.072255789617956742 0.05868574165609039 0.030132559438077317 -0.0045899640019447484 -0.064473498191688391 0.044176563032220464 -0.018516068154167811 0.052703765266126593 -0.0010538833676634345 0.00021703710535375079 0.065488371964349867 -0.05060597386061292 -0.049776287070611991 0.00074937396020763065 -0.053205370450352334 0.016961161485044007 -0.055923797844108558 0.023405984564595181 -0.00047363070615539724 -0.12009233097674886 0.017827227100942995 -0.082510746198906429 0.046503020703263558 0.012611883490984552
leaf_weight=798.8088902682066 126.98084831237793 212.53752585500479 486.99748817831278 308.25831849873066 579.43850942701101 1633.1369015723467 109.88302042335272 102.93809989094734 389.63846739381552 1716.0618752166629 33.409170903265476 69.303147621452808 19.387869402766228 168.65555530041456 425.20379873365164 249.98032823204994 72.747766517102718 46.180589690804482 102.85805635899305 13.459263972938063 23.232543744146824 377.88174545764923 117.77191998809576 1311.9175014421344 164.87303131818771 11.506746031343935 102.33882633596659 5.2569716274738303 172.12604634463787 26.987023159861565
leaf_count=6940 730 1083 2184 1531 5478 10548 605 774 1904 8775 148 374 106 878 2553 1432 445 238 566 72 125 2563 537 7988 781 56 528 22 992 159
internal_value=-9.93865e-05 -0.0161838 0.0114713 -0.00957149 -0.0437095 -0.0193231 0.00329179 -0.0018206 -0.00411851 0.00183509 0.0222472 -0.024106 0.00811619 0.00205532 0.0142132 -0.0264559 0.013779 0.0245617 -0.0155068 0.0182115 0.0206591 0.0247952 -0.0248479 0.0220729 -0.0112572 -0.0549461 -0.00400099 0.0352443 0.0399208 -0.0272888
internal_weight=9979.76 4175.46 5804.3 3366.7 808.758 2170.21 3572.2 2813.41 2710.47 2105.7 758.795 1957.68 1196.49 1004.98 593.859 1883.12 648.912 2232.09 411.116 1433.28 1360.12 450.63 604.769 1335.15 198.282 24.966 229.32 74.5601 191.514 73.1676
internal_count=61115 26821 34294 20085 6736 13459 18716 14174 13400 10679 4542 12376 6626 5528 3431 11980 3937 15578 2097 8638 8241 3008 2721 8113 929 128 1258 396 1098 397
is_linear=0
shrinkage=0.05


Tree=39
num_leaves=31
num_cat=0
split_feature=14 14 14 11 14 5 4 11 3 5 15 0 3 3 10 13 12 10 3 14 10 3 0 15 13 0 3 4 2 13
split_gain=679.105 288.352 230.748 212.281 197.104 173.755 167.081 136.245 146.127 117.304 89.8034 83.6694 72.1812 90.5221 71.5112 70.5653 69.7369 67.1958 85.362 73.4015 64.4004 77.0942 60.6612 69.8374 60.0307 54.4425 49.7714 48.7527 45.9158 42.9729
threshold=0.064718275776419323 0.075600500000000015 -0.11962836384498897 6.3819322719426026 0.075356761861594554 0.26739050000000003 0.48382297098320504 4.1666235000000009 832347534.31500018 0.0043684435471005615 -1.4438229999999999 1.6246715958044911 1366890148.8650002 -1954469104.1040366 11.638967522641932 0.6936500000000001 1.1315214776550102 22.7223246725096 4549091951.8252401 2.3555208033114838 3.8172284940475163 3013172161.7450004 0.73519465079947 -26.563697518630935 0.060381407200844846 1.1340945000000002 -435317753.00674003 6.3299480000000008 0.10252254340412741 0.87015884962294798
decision_type=2 2 2 2 2 2 2 2 2 2 2 2 2 2 2 2 2 2 2 2 2 2 2 2 2 2 2 2 2 2
left_child=2 4 22 6 -2 7 -3 10 25 20 -4 -10 13 -11 16 -12 27 19 -19 -8 21 -5 -1 -24 -25 -9 -16 -7 -26 -22
right_child=1 3 5 9 -6 14 17 8 11 12 15 -13 -14 -15 26 -17 -18 18 -20 -21 29 -23 23 24 28 -27 -28 -29 -30 -31
leaf_value=0.039130062095854928 -0.0038128275159887166 0.023631001239337923 -0.030148691457346416 -0.025554130130125127 -0.058960762636668475 0.0086296219356333578 -0.028715826084641145 0.018317238433355764 -0.049086185250909443 -0.048788186050408321 0.0072687741604232888 0.008560485269895432 -0.032558345953426472 0.010942636256641056 -0.043931702314138704 -0.035649566118911791 -0.056454731966199982 0.013724416278480076 -0.061642819232648242 0.032225867825365927 0.059902334920600868 0.090085593735702046 -0.031932992679703585 -0.066542158369422705 0.00085821619815028532 0.039138234606929334 0.0099740464428417705 -0.031528338751984075 0.027922779491914424 0.017365983715250274
leaf_weight=573.97715948522091 228.7564238011837 211.34636431187391 225.70147939026356 75.901033498346806 555.40510103106499 125.21782397478819 1623.3575400784612 773.87063484638929 103.4802777916193 70.824520371854305 1236.0817161053419 160.68602696806192 160.73352361470461 607.56904173642397 50.863879561424255 103.81743609905243 156.15690234303474 213.87529092282057 45.575770474970341 50.961228840053082 166.96719921380281 17.791121155023575 62.683942399919033 18.752366304397583 186.25853899866343 528.28814353048801 270.77526278048754 190.64766522496939 987.86632514744997 92.144635424017906
leaf_count=5285 1258 1083 1145 424 5478 597 10599 4670 499 363 6398 812 1043 3401 252 536 872 1200 279 298 841 84 343 107 1286 2712 1401 1208 6171 470
internal_value=-9.58971e-05 -0.0155896 0.0109991 -0.00917839 -0.0428729 0.00416418 -0.0185787 0.00945957 0.0198857 0.0077394 -0.000971418 -0.0140211 -0.00243135 0.00470672 -0.0167324 0.0039434 -0.0291215 -0.0231919 0.000485234 -0.0268609 0.03193 -0.0035954 0.0256644 0.0195087 0.0222118 0.0267644 0.00144941 -0.0156086 0.0236294 0.0447757
internal_weight=9876.33 4121.21 5755.13 3337.05 784.162 3925.59 2145.12 3131.93 1566.33 1191.93 1565.6 264.166 839.127 678.394 793.662 1339.9 472.022 1933.77 259.451 1674.32 352.804 93.6922 1829.54 1255.56 1192.88 1302.16 321.639 315.865 1174.12 259.112
internal_count=61115 26821 34294 20085 6736 21102 13459 16772 8693 6626 8079 1311 4807 3764 4330 6934 2677 12376 1479 10897 1819 508 13192 7907 7564 7382 1653 1805 7457 1311
is_linear=0
shrinkage=0.05


Tree=40
num_leaves=31
num_cat=0
split_feature=14 5 3 16 1 16 15 16 10 13 7 0 0 16 16 3 11 16 8 10 3 11 12 11 5 3 0 10 8 3
split_gain=601.928 291.236 234.014 205.292 156.607 149.206 170.666 111.564 105.488 94.9181 90.0965 70.6312 121.996 86.3762 283.072 74.4621 69.2898 68.9407 64.627 60.891 70.9434 59.9083 57.159 52.974 52.116 60.2424 53.211 51.8274 51.6301 50.2344
threshold=-0.0561333487692506 0.043472500000000004 226122656.48000005 1.944442007699845 0.9456095000000001 -0.1532444205139831 3.1474026362183118 0.11674377046163827 5.0288131001652943 0.18830570072474653 0.68910450000000012 1.0902179281992246 0.90396376508916998 0.11336008305615382 0.11364250000000002 -143558912.75142053 0.47719950000000005 0.15095044612080519 0.84257345917128679 5.4976820000000011 387835406.70000005 2.1259445000000006 1.1102985000000001 0.41478743555216274 0.0028680000000000003 850022176.81000006 1.2169194556340972 4.781897676481651 0.31174650000000009 435547250.72355181
decision_type=2 2 2 2 2 2 2 2 2 2 2 2 2 2 2 2 2 2 2 2 2 2 2 2 2 2 2 2 2 2
left_child=10 2 11 5 -4 29 7 -7 9 -6 21 12 18 -13 -15 -14 -5 -10 -2 20 -18 22 28 -12 -23 26 -26 -27 -1 -3
right_child=1 3 4 16 8 6 -8 -9 17 -11 23 13 15 14 -16 -17 19 -19 -20 -21 -22 24 -24 -25 25 27 -28 -29 -30 -31
leaf_value=-0.032980941282867514 0.0034046477353326769 0.020357620305035302 -0.04279457451439414 -0.056199752148872156 0.033906169520625515 -0.03398765180078768 0.017857070381520623 -0.015568257065826919 -0.0029183899934133082 -0.01910784384861107 -0.023479529560387423 0.063242877760618543 -0.10721831082386082 -0.067277557450043476 0.0471423113355426 -0.011349022081811086 0.04105668677182843 0.037121306614999204 0.040110915736504764 0.050645853700898615 -0.04616117880910342 0.029584098229426495 -0.12616578116208696 0.03334219195375155 -0.0026499247530028516 -0.063719526232041038 0.02654422624791607 0.0016822017811435241 0.0084075649806600837 -0.011444647176145264
leaf_weight=96.223983451724052 209.18970016390085 288.9339449480176 265.30727165937424 23.964860044419765 97.655711218714714 1745.3661952391267 246.022352039814 1554.0320355668664 194.20720142126083 623.52629886567593 42.761105366051197 187.64190461486578 23.332653880119324 70.909390762448311 227.41472165286541 153.51704082638025 49.930545814335346 240.81054557859898 280.98683597147465 167.91838903725147 43.739857777953148 558.91121269017458 9.2478854209184629 1006.2010463029146 246.69337968528271 46.261762410402298 424.93124026060104 87.746752291917801 347.3448221758008 217.7551105171442
leaf_count=480 1042 1471 1373 118 513 13006 1263 9107 1058 3363 249 848 105 489 1138 761 281 1171 1910 902 238 3587 43 8825 1443 213 2329 413 1891 1375
internal_value=9.34978e-05 -0.00789494 0.00542698 -0.0158018 -0.00814938 -0.0186894 -0.0223165 -0.025312 -0.000199518 -0.0119292 0.0193577 0.0221651 0.0116021 0.0366636 0.0199456 -0.0239975 0.0251737 0.0192462 0.024446 0.0326286 0.000329873 0.012623 -0.00313593 0.0310258 0.0178525 0.00971358 0.015821 -0.0208955 -0.0005709 0.00669025
internal_weight=9778.49 6912.16 2574.5 4337.66 1421.51 4052.11 3545.42 3299.4 1156.2 721.182 2866.32 1152.99 667.026 485.966 298.324 176.85 285.554 435.018 490.177 261.589 93.6704 1817.36 452.817 1048.96 1364.54 805.633 671.625 134.009 443.569 506.689
internal_count=61005 41532 13771 27761 7478 26222 23376 22113 6105 3876 19473 6293 3818 2475 1627 866 1539 2229 2952 1421 519 10399 2414 9074 7985 4398 3772 626 2371 2846
is_linear=0
shrinkage=0.05


Tree=41
num_leaves=31
num_cat=0
split_feature=14 14 5 9 7 9 7 10 11 7 15 4 10 12 16 13 14 9 13 10 8 7 4 10 13 2 10 12 11 10
split_gain=561.163 425.162 229.843 185.885 188.302 159.892 158.621 141.262 122.086 108.111 107.758 107.353 107.346 118.163 79.7962 66.9793 59.7133 59.1057 56.7979 73.0385 55.8692 53.3029 48.5868 46.1249 62.3806 43.5236 37.1558 37.0138 36.8969 36.7765
threshold=0.073609500000000008 0.075600500000000015 0.048168842841741145 3.1604915005879062 0.68127107114493612 3.045696254985629 0.67349982468270975 6.0875872925632351 1.7704073778535259 0.67349982468270975 2.2730589408986677 1.1734140447623844 2.0246605000000004 0.78422403462361767 28.503928620325652 0.91112134883794171 0.59350600000000009 4.1057840042081759 0.60510050749350563 5.1257070000000011 1.0229967178326331 0.75302934756561235 93.790162084417048 2.3747575000000007 0.35645689579062173 0.24477200000000002 2.5003367933045273 0.88555400000000006 0.53336658983398733 2.4728521457152008
decision_type=2 2 2 2 2 2 2 2 2 2 2 2 2 2 2 2 2 2 2 2 2 2 2 2 2 2 2 2 2 2
left_child=2 -2 8 7 -5 6 12 11 20 -7 15 26 -4 -14 -13 -9 22 -11 23 25 27 -19 -6 24 -10 -20 -3 29 -12 -1
right_child=1 3 5 4 16 9 -8 10 18 17 28 14 13 -15 -16 -17 -18 21 19 -21 -22 -23 -24 -25 -26 -27 -28 -29 -30 -31
leaf_value=-0.022752037709637594 -0.055182138157603693 -0.023719661911879242 -0.042272594429277915 0.08584595504571263 -0.0063965316016479619 0.066882379289719449 0.054768576188038626 0.0012678345853916761 0.028217260825183822 -0.0085301874215729431 -0.07648561095346039 -0.030544659913247396 0.012061862310436842 -0.013520511745119066 0.055133696110095012 -0.027223817508345162 0.033817419382617273 0.066069046920559482 -0.043706039188957421 0.023612236683039037 0.039653197258818947 0.01625230054838573 0.086728988840682975 0.035954116014299133 -0.013569987323059625 0.0083243086216683252 0.034135817488851507 -0.085977287817878834 0.043183910332176056 0.0061314388758307373
leaf_weight=167.55420559644699 556.04711634665728 38.678534433245659 214.30995977669954 83.398392170667648 433.17887613922358 108.8889671638608 103.24484697729349 718.72723030298948 339.67849637567997 212.39791887998581 6.7351342737674704 1286.463748306036 673.85765667259693 1367.1686391234398 27.762121289968491 289.30481399595737 142.09682289510965 63.523214586079121 76.28992772102356 396.91345454007387 77.093944013118744 347.08205752819777 14.474222108721731 1148.948249772191 121.1688619852066 84.947079136967659 98.225579462945461 14.080892622470854 147.55631537735462 322.0023974403739
leaf_count=908 5676 173 1126 437 2526 662 891 4296 2368 1101 35 8491 3601 7136 144 1866 844 432 450 2399 778 2628 63 7894 702 454 458 65 711 1690
internal_value=9.08395e-05 -0.0147479 0.00985594 -0.00790695 0.015523 0.000500588 -0.00583474 -0.0139418 0.0203746 0.0209167 -0.000953122 -0.0243454 -0.00860904 -0.00507433 -0.0287348 -0.00690926 0.00557836 0.0128828 0.0258285 0.0120842 1.4676e-05 0.0239593 -0.00338545 0.0305939 0.0172303 -0.0162941 0.0177903 -0.00605296 0.0379601 -0.00375414
internal_weight=9681.8 3842.65 5839.15 3286.6 673.148 3090.47 2358.58 2613.45 2748.68 731.892 1162.32 1451.13 2255.34 2041.03 1314.23 1008.03 589.75 623.003 2167.95 558.15 580.731 410.605 447.653 1609.8 460.847 161.237 136.904 503.637 154.291 489.557
internal_count=61005 25720 35285 20044 3870 17577 12754 16174 17708 4823 6908 9266 11863 10737 8635 6162 3433 4161 14267 3303 3441 3060 2589 10964 3070 904 631 2663 746 2598
is_linear=0
shrinkage=0.05


Tree=42
num_leaves=31
num_cat=0
split_feature=4 4 9 13 9 9 0 3 10 3 10 3 5 3 8 3 15 9 0 3 3 3 5 2 4 11 9 5 10 11
split_gain=519.05 226.553 177.719 175.927 163.272 174.862 234.412 184.55 148.275 145.444 139.186 139.19 135.384 129.985 99.8904 95.3171 85.0784 81.7524 80.122 82.6941 79.0088 124.748 79.9282 76.3097 69.7831 54.1041 53.0501 44.9815 44.2562 43.5658
threshold=6.3299480000000008 6.3299980000000007 2.2520724512048376 0.47772125127896109 1.1086985000000003 3.8307350000000002 1.2537020000000003 226122656.48000005 2.4409235000000007 7757040613.420001 157.04495081613626 420488299.82500011 0.034915583120037862 771048133.23000014 0.75149550000000009 904634636.88306701 -0.21628649999999996 2.4468305000000004 1.4058176656348667 3629862518.5600004 1714497520.9500003 1500898206.5587661 0.15501854586775218 0.36195350000000009 8.3745979236394579 12.819629858927836 7.6871483118841581 0.26739050000000003 13.706426246925176 0.88211732202217952
decision_type=2 2 2 2 2 2 2 2 2 2 2 2 2 2 2 2 2 2 2 2 2 2 2 2 2 2 2 2 2 2
left_child=4 20 3 18 -1 6 7 12 17 16 24 -12 -6 -10 -7 26 29 -8 -3 -20 21 22 25 -18 -5 -2 -16 -17 -24 -4
right_child=1 2 9 10 5 14 8 -9 13 -11 11 -13 -14 -15 15 27 23 -19 19 -21 -22 -23 28 -25 -26 -27 -28 -29 -30 -31
leaf_value=0.043394489043127926 -0.021107748436881537 -0.029890172938968302 -0.087910051237262504 0.0016087209833031081 0.014206618451907287 0.060446221386414895 -0.021821868744693947 -0.053762267201469593 0.029815631108360122 -0.06834143468211501 -0.057667287811957429 0.10305291430019199 -0.017716056936750869 0.0021941730577324362 0.012096563360131587 -0.041670854369299098 -0.0051001207593448401 0.025500317264698136 0.021089135166851465 -0.069710098768697826 -0.052145205359487037 0.033245831315223205 -0.04712808405532172 0.042520720811938896 -0.034325938588696675 0.018507470365860045 0.034095012023520138 0.064351261533709611 -0.019076788463923605 0.054859762974959481
leaf_weight=339.87871484458447 407.56035469472408 112.39623565971851 5.4882972389459601 159.74917682260275 541.02676483988762 158.47558730840683 400.40139933675528 229.4735062122345 1118.3683878108859 44.50665145367384 20.250719241797924 40.239010997116566 860.19316589832306 687.93376575410366 585.5018917247653 85.720482759177685 246.02343001961708 118.21114187687635 504.70976285636425 26.386499479413033 289.52005805075169 90.860004007816315 476.44896560162306 127.83788664638996 875.67019263654947 109.30218692868948 515.21729481965303 11.325989648699759 199.47567220777273 202.3138705343008
leaf_count=3180 2461 602 29 1054 3144 1112 1971 1124 6116 274 144 221 4360 3289 3852 444 1553 582 2784 167 2235 552 4138 769 7018 549 4663 56 1489 1073
internal_value=8.73549e-05 -0.0138464 -0.00406732 -0.01229 0.00979788 0.0076482 0.00233621 -0.0121973 0.01253 0.0187741 -0.0244749 0.0492471 -0.00539035 0.0192959 0.0231411 0.0182053 0.0254398 -0.0110354 0.00846155 0.0165779 -0.0285511 -0.0232295 -0.0275315 0.0111833 -0.0287818 -0.0127302 0.0223935 -0.0292973 -0.0388497 0.051089
internal_weight=9590.47 3938.74 2365.57 1739.4 5651.73 5311.85 3955.61 1630.69 2324.91 626.17 1095.91 60.4897 1401.22 1806.3 1356.24 1197.77 581.663 518.613 643.492 531.096 1573.17 1283.65 1192.79 373.861 1035.42 516.863 1100.72 97.0465 675.925 207.802
internal_count=61005 27112 15688 11990 33893 30713 20586 8628 11958 3698 8437 365 7504 9405 10127 9015 3424 2553 3553 2951 11424 9189 8637 2322 8072 3010 8515 500 5627 1102
is_linear=0
shrinkage=0.05


Tree=43
num_leaves=31
num_cat=0
split_feature=14 14 3 11 5 4 15 0 11 6 5 6 7 0 14 8 0 3 3 3 6 3 6 13 11 3 15 14 12 0
split_gain=493.203 403.327 215.638 176.292 154.675 129.393 115.835 111.925 96.4044 93.3884 88.8689 84.8109 82.6874 102.33 69.8515 67.7944 67.6728 66.805 73.9597 63.2933 58.6932 53.2413 49.2208 47.7134 44.7542 43.0058 39.2887 37.885 37.0978 33.4971
threshold=0.073609500000000008 0.075600500000000015 850022176.81000006 6.3133492838083827 0.043472500000000004 -1.388992556604262 -0.78035547134470118 4.2281465000000011 4.1666235000000009 0.77160765599956382 1.0000000180025095e-35 -0.25029870056089287 0.6661016285111524 1.2350027256524132 1.9017314254329161 0.19702438723164648 1.3159409207445754 1366890148.8650002 -1954469104.1040366 -21432504611.069996 10.066179481337363 955193394.83000016 -183.1342332471655 0.71703805476614091 0.12594786088780099 1618979595.3339245 16.269777500000004 0.075356761861594554 1.4211030000000002 1.7903150000000003
decision_type=2 2 2 2 2 2 2 2 2 2 2 2 2 2 2 2 2 2 2 2 2 2 2 2 2 2 2 2 2 2
left_child=2 27 4 5 8 -3 7 28 15 -6 11 23 13 -11 22 -1 -8 18 -12 -14 21 -18 -7 -5 -17 -16 -22 -2 -4 -30
right_child=1 3 6 10 9 14 16 -9 -10 12 17 -13 19 -15 25 24 20 -19 -20 -21 26 -23 -24 -25 -26 -27 -28 -29 29 -31
leaf_value=-0.048949033012883815 -0.004129882419760306 0.027531832240720439 -0.068574716814363099 0.032143223494054601 0.052754847473694258 0.053995607948928409 -0.040934994208112578 0.018138046389204528 0.03487586275213065 -0.01842276274620305 -0.042152533979518791 0.063377389161147726 -0.092662472948917982 0.0074181935268176832 0.040463477957833054 -0.10324225329006434 -0.042532052779632068 -0.030254525487898112 0.01173458004701915 0.021028410877216019 -0.036322414909023965 0.011634827561640339 -0.02276066156374484 -0.014109002418349169 0.017017583180023076 -0.061607384357698802 0.062975322510876966 -0.058154890733028021 -0.062508370815626449 0.020221605351609908
leaf_weight=41.828030087053776 34.742770969867706 156.0722436234355 153.33178756386042 123.77141955494881 101.18984830379486 21.132287934422493 96.167736180126667 66.895655460655689 1071.0227513983846 615.07767248153687 71.214081577956676 119.78656889498234 12.483633585274218 1015.8479116037488 69.724477551877499 7.7986289486289015 48.339416481554508 156.34558152407408 601.42288634926081 632.04329051077366 118.8582558631897 737.25199148058891 1794.1834570616484 101.47214890271425 967.83070259541273 12.112289100885389 10.872858136892317 491.7689523100853 23.077371090650558 26.043750025331974
leaf_count=211 207 823 755 652 747 99 470 376 7772 3024 373 614 57 5491 399 41 254 1070 3436 4621 693 3874 11941 544 6602 93 49 5469 117 131
internal_value=8.21643e-05 -0.0140132 0.00929045 -0.00739325 0.0144782 -0.0162299 -0.00879463 -0.037933 0.0244055 0.00575462 0.00806118 0.0293844 0.00366451 -0.00232731 -0.0198301 0.0133839 -0.0010354 -0.000813733 0.00602939 0.0188264 0.00315662 0.0083018 -0.0218671 0.0113066 0.0160563 0.0253564 -0.0280002 -0.05459 -0.0564604 -0.0186454
internal_weight=9499.71 3753.75 5745.96 3227.24 4465.12 2053.22 1280.84 269.349 2088.48 2376.64 1174.01 345.03 2275.45 1630.93 1897.15 1017.46 1011.49 828.983 672.637 644.527 915.323 785.591 1815.32 225.244 975.629 81.8368 129.731 526.512 202.453 49.1211
internal_count=61005 25720 35285 20044 28566 13355 6719 1379 14626 13940 6689 1810 13193 8515 12532 6854 5340 4879 3809 4678 4870 4128 12040 1196 6643 492 742 5676 1003 248
is_linear=0
shrinkage=0.05


Tree=44
num_leaves=31
num_cat=0
split_feature=14 6 6 5 2 3 1 5 10 5 13 6 0 3 1 15 3 3 3 14 11 14 0 13 11 3 3 6 5 2
split_gain=461.113 252.53 159.628 193.23 154.759 116.262 129.576 103.079 97.7686 97.0552 87.7228 84.7024 71.0017 67.9877 67.0551 62.6597 56.4993 91.7156 54.4565 51.7584 49.033 48.0246 43.6183 43.5695 37.4121 36.3721 34.7846 33.6823 32.9333 32.0556
threshold=-0.062798830459512442 5.2033459752417643 5.2039180000000007 0.0097497848791618016 0.79512152671576664 226122656.48000005 0.96910533976318469 0.039161789036073258 42.893310069286414 0.27665228203760228 0.48996339425901558 0.49989051574029614 0.73519465079947 -823352822.41731453 1.1016921204855399 -26.563697518630935 1665868611.9550002 1500898206.5587661 4549091951.8252401 -0.19357335052690453 6.8213952646160187 0.0044265065114298778 1.0902179281992246 0.060381407200844846 0.29529142097536198 -120298596.55784327 -1475778976.0632274 -23.177528310706531 0.43085346767828542 0.39971041628523435
decision_type=2 2 2 2 2 2 2 2 2 2 2 2 2 2 2 2 2 2 2 2 2 2 2 2 2 2 2 2 2 2
left_child=12 4 16 -4 5 7 27 22 9 -5 -8 -9 29 26 -10 25 17 20 28 23 -3 -19 -2 -17 -21 -15 -14 -7 -6 -1
right_child=1 2 3 8 18 6 10 11 14 -11 -12 -13 13 15 -16 19 -18 21 -20 24 -22 -23 -24 -25 -26 -27 -28 -29 -30 -31
leaf_value=0.032167182365176662 0.010365338813294357 -0.036151282031772813 0.080277161575310993 -0.0046691361080561395 0.026838813191228245 0.019241871800286435 0.012852507847912415 0.077158970049483841 -0.00022114989100496709 -0.029147437157353264 -0.016929815658027099 -0.0095150181939589549 -0.031399425219879068 -0.18336951632759901 0.05170757416241039 -0.062347278247783966 -0.051363807744767356 0.091190960523664572 -0.086512432668061842 -0.043436704241296219 -0.011793900108222809 -0.0013049715055802056 0.032773511595186704 0.029795257372890089 0.011465243275971638 -0.01957251439901924 -0.15793849518348579 -0.041024739239914655 0.062921673364729619 -0.12848396896993772
leaf_weight=703.49729499220848 603.81824280321598 686.229566603899 60.317698530852795 934.4835814088583 335.90622606128454 24.80901462584734 473.63561134785414 29.300889380276203 194.0727836638689 714.61186430603266 517.28491144627333 741.87546191364527 21.444536603987221 3.5209968686103812 91.465138517320156 13.106536626815794 257.22750489413738 23.358247429132462 9.6515589877963048 31.901981502771378 295.62843643128872 35.152012459933758 339.14345200359821 606.44714181125164 1134.7173471599817 90.537361457943916 7.2728829607367507 353.95462742447853 77.903414033353329 3.118868723511695
leaf_count=6874 3636 5616 303 5934 1798 128 2293 167 1070 5229 2770 3964 158 20 542 76 2169 111 45 142 2226 264 1763 4156 6768 491 48 1825 397 22
internal_value=7.6788e-05 -0.0067858 -0.0167306 -0.00785166 0.00255014 -0.00134187 -0.0122026 0.00733638 -0.0105993 -0.0152765 -0.0026946 -0.00622184 0.0179178 0.0129058 0.016413 0.0140719 -0.0303813 -0.0251935 0.0308934 0.0161665 -0.0288175 0.0356209 0.0184246 0.027846 0.00996391 -0.0257041 -0.0634463 -0.0370773 0.0336317 0.0314581
internal_weight=9415.4 6799.83 3292.55 1994.95 3507.28 3083.82 1369.68 1714.14 1934.63 1649.1 990.921 771.176 2615.56 1908.95 285.538 1880.23 1297.6 1040.37 423.461 1786.17 981.858 58.5103 942.962 619.554 1166.62 94.0584 28.7174 378.764 413.81 706.616
internal_count=61005 42250 23464 13078 18786 16546 7016 9530 12775 11163 5063 4131 18755 11859 1612 11653 10386 8217 2240 11142 7842 375 5399 4232 6910 511 206 1953 2195 6896
is_linear=0
shrinkage=0.05


Tree=45
num_leaves=31
num_cat=0
split_feature=14 14 8 9 7 9 10 12 10 11 1 4 13 1 13 7 13 11 7 9 12 9 13 7 11 10 8 5 9 9
split_gain=426.907 416.541 173.222 159.097 166.878 138.643 137.908 134.329 132.371 131.857 127.031 98.436 84.0801 72.5191 71.8951 67.9783 63.9278 58.5337 58.1034 57.4033 56.1711 52.3925 52.3026 40.5116 40.2616 26.8713 25.0157 24.607 20.093 18.2205
threshold=0.075356761861594554 0.075600500000000015 0.78030825201277243 3.1604915005879062 0.68521732518093581 4.1057840042081759 2.0592775000000003 0.81123770258085037 6.0875872925632351 1.9232765000000003 1.0935356998854151 1.2190452620235932 0.73549621933363107 0.49987000362040007 0.20694028918204524 0.68521732518093581 2.1516741168498252 1.0505613493544474 1.0089576624809551 1.5047174665046137 0.65604678045327613 1.3606192011674432 0.3135616932691257 0.75739724479248716 0.35318872195448742 2.5954164476192525 0.92251178337008999 0.1676445 4.5472872515198643 -8.5960316116470672
decision_type=2 2 2 2 2 2 2 2 2 2 2 2 2 2 2 2 2 2 2 2 2 2 2 2 2 2 2 2 2 2
left_child=2 -2 5 8 -5 6 14 13 11 -9 15 25 -12 -8 27 -10 18 26 21 -16 -19 -4 -13 -7 -23 -3 -6 -1 -25 -20
right_child=1 3 16 4 17 23 7 9 10 -11 12 22 -14 -15 19 -17 -18 20 29 -21 -22 24 -24 28 -26 -27 -28 -29 -30 -31
leaf_value=0.0122688806200517 -0.057544296743532244 -0.016005692769094929 0.057924635461283992 0.079908808993050862 -0.056041014731931085 0.062787608643414788 -0.027022585793949339 -0.055076082115080617 -0.024580443016270381 0.00054170181839262408 0.027782952013743825 -0.005319078662803259 -0.0084006254971651442 0.019807235855849255 -0.065118925744295439 0.077800619015071557 -0.13369745389062684 0.041996824324772572 -0.0063337469417124792 -0.021427331122073547 0.0017883642776546534 -0.034482547055914935 -0.031995080700294366 -0.051761412508055216 0.018287943274954182 0.031957964342187416 0.04512490663756509 -0.034643145103213056 0.067427956007670667 0.047611638648218442
leaf_weight=158.73232830315828 464.71725045517087 42.046678379178047 81.72228892147541 86.465496420860291 48.723384723067284 122.84321767836809 87.761784262955189 112.51465635746717 423.02143891900778 2015.4526773542166 416.8187028542161 223.61092686653137 261.13312495499849 1424.852412737906 104.152836792171 16.859475836157799 6.3730944991111746 111.40635051578283 16.581781446933746 270.21302097290754 394.21573606133461 37.61649277061224 1030.7176555469632 12.641542635858061 924.02507750689983 95.585523657500744 6.9868419393897048 33.927873313426971 4.909125603735446 279.40263713896275
leaf_count=850 5452 191 739 477 300 964 430 572 2374 10867 2553 1286 1812 7964 608 91 31 678 176 1382 2337 197 7334 68 7184 451 43 182 34 3254
internal_value=7.15959e-05 -0.0133476 0.0086088 -0.00684298 0.0152483 0.00375696 0.00212605 0.00569847 -0.0125449 -0.00239905 0.00026873 -0.0228351 0.0138458 0.0170902 -0.0208106 -0.0206564 0.024285 0.00528829 0.0250368 -0.0335828 0.0106477 0.01949 -0.0272395 0.0526355 0.0162237 0.0173051 -0.0433534 0.00400757 -0.0184228 0.0445895
internal_weight=9316.03 3622.31 5693.72 3157.59 647.798 4348 4207.61 3640.58 2509.79 2127.97 1117.83 1391.96 677.952 1512.61 567.026 439.881 1345.72 561.332 1339.35 374.366 505.622 1043.36 1254.33 140.394 961.642 137.632 55.7102 192.66 17.5507 295.984
internal_count=60881 25379 35502 19927 3835 23921 22855 19833 16092 11439 6830 9262 4365 8394 3022 2465 11581 3358 11550 1990 3015 8120 8620 1066 7381 642 343 1032 102 3430
is_linear=0
shrinkage=0.05


Tree=46
num_leaves=31
num_cat=0
split_feature=14 14 3 10 3 9 7 7 3 6 10 5 15 0 0 9 7 2 12 5 9 7 5 7 1 1 8 14 11 15
split_gain=389.712 399.135 169.364 148.413 117.074 114.959 113.308 104.338 117.276 94.209 93.1494 89.5257 82.6237 81.2545 78.6419 77.1371 94.5812 81.0288 69.7098 69.6666 63.0653 59.396 48.5216 48.2752 48.252 43.6327 72.7256 41.48 38.7099 34.2885
threshold=0.075356761861594554 0.075600500000000015 410449409.00514257 6.0875872925632351 2295317780.6274762 2.4856060517015774 0.5962169274950242 0.87352362826642238 -1121640873.1996281 9.8247525016541513 5.4976820000000011 0.08622894332370612 2.1172544949482108 0.77315346823464404 1.1632230000000001 1.8726100000000001 0.46729614862279129 0.35373400000000005 0.62411995877203619 0.041967006083833767 2.4088505000000002 0.51121400000000017 0.016708070672721859 0.63769088932745699 1.0176950000000002 1.1451194053393503 0.38102000000000008 3.2352810544228663 0.53336658983398733 16.269777500000004
decision_type=2 2 2 2 2 2 2 2 2 2 2 2 2 2 2 2 2 2 2 2 2 2 2 2 2 2 2 2 2 2
left_child=2 -2 7 5 11 23 -7 8 13 14 19 24 -13 21 -4 17 -17 -16 -8 -10 -12 -1 -11 27 -5 -6 -27 -3 -9 -24
right_child=1 3 9 4 25 6 18 28 10 22 20 12 -14 -15 15 16 -18 -19 -20 -21 -22 -23 29 -25 -26 26 -28 -29 -30 -31
leaf_value=-0.081967895386317366 -0.057163468649763731 -0.027856608201195857 -0.053540345788297888 0.013290827584340303 -0.055413185334568765 0.091093301117611714 0.026709807052157444 -0.035149219492496477 0.017252208924570658 0.066588207015550502 0.015703021842641839 -0.0067433642849340494 0.041143562733496647 -0.079278618218770081 -0.033588571007739522 0.076157281260544704 0.010585275199299887 0.0014613936523215909 -0.015468890958778903 -0.0068522270953331639 0.038573437874483744 -0.00066309929640241509 -0.035888882971423404 0.067889939326230497 0.04451775924311191 -0.052835467810399099 0.025264732757588754 0.038537522358713078 0.03698032545846841 0.052237559384107062
leaf_weight=24.000182092189789 444.92334161698818 1128.3320580720901 62.58075250685215 275.32887195050716 90.998715698719025 34.141357950866222 138.09578109532595 19.242822803556919 614.20048601925373 12.912741646170614 742.03233801573515 641.54713314771652 104.78924163430929 41.913906797766685 202.14106160402298 59.754139497876167 690.19173985719681 894.87811218947172 337.04954891651869 585.51684656739235 507.63900760561228 350.68219906836748 282.24935080856085 13.715297088026999 224.64061107486486 53.789029099047184 66.855448342859745 24.025327570736408 557.65162423998117 11.486851453781126
leaf_count=111 5452 7949 308 1508 603 171 816 175 3968 61 4090 4186 523 198 1048 322 3539 5083 1957 3296 3345 2059 1566 80 1127 457 409 141 6278 55
internal_value=6.73169e-05 -0.0128481 0.00823372 -0.00655539 0.00510968 -0.0167067 0.00311176 0.0151736 0.0112684 -0.00254743 0.0154397 0.0109484 -1.98078e-05 -0.0132566 0.00158369 0.00345146 0.0158099 -0.00499705 -0.00321011 0.00548814 0.0249934 -0.00587106 -0.0282725 -0.0253625 0.0273214 -0.0292729 -0.00955604 -0.0264724 0.0345744 -0.0324426
internal_weight=9237.31 3578.23 5659.07 3133.31 1457.95 1675.36 509.287 3442.88 2865.98 2216.19 2449.39 1246.31 746.336 416.596 1909.55 1846.97 749.946 1097.02 475.145 1199.72 1249.67 374.682 306.649 1166.07 499.969 211.643 120.644 1152.36 576.894 293.736
internal_count=60881 25379 35502 19927 8813 11114 2944 23520 17067 11982 14699 7344 4709 2368 10300 9992 3861 6131 2773 7264 7435 2170 1682 8170 2635 1469 866 8090 6453 1621
is_linear=0
shrinkage=0.05


Tree=47
num_leaves=31
num_cat=0
split_feature=14 9 7 7 15 5 3 10 3 11 10 0 9 7 0 1 9 15 15 15 3 7 4 4 5 4 14 5 9 4
split_gain=360.311 239.347 379.132 190.654 160.934 124.515 121.363 114.82 112.284 111.692 99.6393 86.7731 86.0779 71.5786 71.5631 73.0896 70.546 57.6877 91.0151 89.8219 108.338 56.3486 51.7962 49.3961 30.5647 30.3868 26.0174 23.5776 18.9956 16.2481
threshold=-0.067507688676797531 2.4657295647232109 0.59305722871388611 0.5962169274950242 2.4503158916717842 -0.11526350181231418 221745548.12056804 2.4070275000000003 -2008842466.478658 3.6152268672710153 211.81949088917079 1.0502980156523065 5.0022693113444703 1.0089576624809551 1.2537020000000003 0.65721530703229913 3.1604915005879062 -0.15355049999999998 -0.15547933117248722 -0.66001861233415882 850022176.81000006 0.20821477633610458 -1.388992556604262 1.0681181044507062 0.75223193867250571 6.3299480000000008 -0.19800834328166397 0.11655250000000002 -1.2624041547586848 0.84947225114345171
decision_type=2 2 2 2 2 2 2 2 2 2 2 2 2 2 2 2 2 2 2 2 2 2 2 2 2 2 2 2 2 2
left_child=13 3 -3 4 5 9 8 24 12 -2 -7 -9 -4 17 -8 -16 -10 18 19 20 -1 25 -23 -19 -6 -20 -25 -28 -15 -21
right_child=1 2 6 -5 7 10 14 11 16 -11 -12 -13 -14 28 15 -17 -18 23 21 29 -22 22 -24 26 -26 -27 27 -29 -30 -31
leaf_value=0.018902076023918465 -0.02124879870043099 0.082564118552415758 -0.041558550371824578 0.05614733831764112 -0.04960283048034736 -0.022407637213479707 -0.040025335753836357 -0.055615597416768019 -0.0002041551504498973 0.024192530076678317 0.023041277506771332 0.031878888449724412 0.014985810810315163 0.022269574898527086 -0.049622652164492999 0.0041692832971878908 0.027296108256241361 0.058108490312937515 -0.0047944375854068492 0.058997523761183127 -0.039219864983170545 -0.010302528539448854 0.015190008776955208 0.043629839652931136 0.050118651939010994 -0.081283895617376936 0.02481405745167618 -0.0064083093213021837 0.052214715408171158 0.034516037763332404
leaf_weight=509.06631504744291 235.75649829953909 157.26911017298698 159.47253204882145 99.216775339096785 75.440067425370216 3309.2488579340279 205.05281858891249 30.75907926261425 349.47370052337646 317.1210358813405 125.15419065952301 359.97105620801449 116.45697246491909 78.746884353458881 75.383285336196423 389.074183113873 700.95693871378899 113.93669080734253 21.369287617504597 107.527403190732 95.162510089576244 438.43130850791931 365.25577582418919 86.431254662573338 8.5553025454282743 33.0914576202631 144.89334066212177 103.77014189213514 161.71758778393269 183.32501318305731
leaf_count=3513 1304 843 756 712 464 23106 1154 136 1794 1729 752 1837 816 993 428 2352 4439 877 128 841 458 3383 2560 592 43 146 933 553 2085 1154
internal_value=6.28092e-05 -0.00591945 0.00782054 -0.0124055 -0.0139298 -0.0172063 0.00193096 0.01359 0.0106908 0.00481557 -0.0207514 0.0249911 -0.0176938 0.0165063 -0.015423 -0.00456136 0.0181469 0.0136781 0.00958271 0.0207374 0.00974821 -0.00205206 0.0012832 0.0296685 -0.0394458 -0.051271 0.0199985 0.0117846 0.0424083 0.0435668
internal_weight=9157.09 6714.36 2153.14 4561.22 4462.01 3987.28 1995.87 474.726 1326.36 552.878 3434.4 390.73 275.93 2442.72 669.51 464.457 1050.43 2202.26 1753.23 895.081 604.229 858.148 803.687 449.031 83.9954 54.4607 335.095 248.663 240.464 290.852
internal_count=60881 42665 12582 30083 29371 26891 11739 2480 7805 3033 23858 1973 1572 18216 3934 2780 6233 15138 12183 5966 3971 6217 5943 2955 507 274 2078 1486 3078 1995
is_linear=0
shrinkage=0.05


Tree=48
num_leaves=31
num_cat=0
split_feature=14 14 9 9 7 11 5 6 10 4 10 16 3 6 6 9 7 16 5 9 2 3 3 10 6 7 12 11 14 5
split_gain=339.672 382.758 153.211 150.269 188.202 138.877 136.616 100.459 99.87 96.037 87.8126 93.4234 81.1683 78.4274 73.838 73.4036 84.96 70.1051 64.9451 56.8075 51.8314 40.6632 35.8556 21.8738 20.9583 20.7231 17.386 13.4217 14.0463 12.329
threshold=0.075356761861594554 0.075600500000000015 0.85774762693530382 2.9796723299171179 0.66274960126998372 6.3819322719426026 0.025733500000000003 0.28718074451947995 2.2732195467889205 0.28362789964628748 21.255781600130508 6.8210312316801618 4549091951.8252401 5.2039180000000007 5.2033459752417643 4.1057840042081759 0.75739724479248716 0.98852664946750779 -0.13734649999999995 3.1205555000000005 0.20841976989805069 -8438932815.7649984 -1713836968.3894231 2.3747575000000007 80.361029000000016 0.98948890815735857 0.73081844004349572 0.47719950000000005 -0.24521666039713316 0.40310150000000006
decision_type=2 2 2 2 2 2 2 2 2 2 2 2 2 2 2 2 2 2 2 2 2 2 2 2 2 2 2 2 2 2
left_child=2 -2 25 6 -5 9 13 -8 -9 22 11 -11 -12 14 -4 21 -17 18 20 -20 -7 -6 -3 26 -24 -1 -19 28 -27 -25
right_child=1 5 3 4 15 17 7 8 -10 10 12 -13 -14 -15 -16 16 -18 23 19 -21 -22 -23 24 29 -26 27 -28 -29 -30 -31
leaf_value=0.063487098694717414 -0.056833099869765549 -0.14089126802618698 0.01566411305337451 0.067703728785836068 -0.069956789592513738 -0.026610301690387972 0.062628121785415491 -0.035619896323534149 -0.0042988125394131998 -0.024968993048977664 0.021215850236230561 0.034187607178216596 -0.058789415359048781 0.065145989253722905 -0.014478143457970091 0.05927653804858031 0.014821821376429853 0.019320164791327789 -0.010086275750098928 0.020470670670839013 0.054525789386387136 -0.0002885757263373818 0.018936676260562904 0.045858919908657897 0.097465413530749945 0.018676175619363213 -0.079784568801402875 0.037114917764061055 -0.13723090084386358 -0.004368532696168697
leaf_weight=95.476923525333405 421.31906710937619 3.4108216911554328 1124.4348983243108 177.59738491475582 22.049317203462124 25.023116037249565 51.172237046062946 290.6174281835556 2048.3402817994356 1446.5054334029555 216.92237238585949 69.96876685321331 37.128318324685097 68.215456061065197 247.98204488307238 125.89503339678049 734.68644785881042 13.366775535047056 618.22457692027092 201.72949681431055 92.24574588239193 418.03648152947426 177.29571415111423 153.64181942120194 8.9241464883089048 4.0147637724876404 6.6156602874398223 162.88359891623259 2.256742186844348 13.273022241890429
leaf_count=775 5452 21 6795 1232 110 120 312 1596 11138 10409 1253 391 269 406 1164 1016 6424 82 3797 1039 451 2374 982 968 37 42 36 2098 20 72
internal_value=6.29241e-05 -0.0121316 0.00773274 0.00588195 0.0194234 -0.00602524 0.000656409 -0.00667427 -0.00819048 -0.0140599 -0.0176819 -0.0222396 0.00952346 0.0128186 0.0102177 0.012831 0.0213251 0.00798503 0.00240909 -0.00256849 0.0372128 -0.00377911 0.0197575 0.0359464 0.0227 0.0448632 -0.0134908 0.0343513 -0.0374255 0.0418648
internal_weight=9079.25 3505.59 5573.66 5309.03 1478.26 3084.28 3830.76 2390.13 2338.96 1960.16 1770.52 1516.47 254.051 1440.63 1372.42 1300.67 860.581 1124.12 937.223 819.954 117.269 440.086 189.631 186.897 186.22 264.632 19.9824 169.155 6.27151 166.915
internal_count=60881 25379 35502 32567 11156 19927 21411 13046 12734 13362 12322 10800 1522 8365 7959 9924 7440 6565 5407 4836 571 2484 1040 1158 1019 2935 118 2160 62 1040
is_linear=0
shrinkage=0.05


Tree=49
num_leaves=31
num_cat=0
split_feature=4 4 7 0 3 3 13 10 3 0 11 12 3 3 5 7 8 6 10 5 6 6 10 11 15 13 11 0 10 11
split_gain=312.103 192.362 142.563 175.039 120.966 140.438 117.706 163.074 130.189 90.6914 87.0858 86.3356 78.0773 85.9802 77.2546 76.1635 70.2688 68.568 59.1754 58.2174 93.6006 54.4144 53.963 51.8135 50.9793 49.5387 48.978 44.6228 51.2936 40.3023
threshold=6.3299480000000008 6.3299980000000007 0.9035398342015929 2.6140940000000001 693594858.2700001 -2128508895.617614 0.48996339425901558 11.449976918098606 2867818415.9630742 1.3245060000000002 8.1024320000000021 0.94596650000000004 1806963983.7350004 1500898206.5587661 0.15501854586775218 0.67719029414595322 0.81460979620712848 6.9008095593856558 2.2732195467889205 0.32380250000000005 7.6079138503076003 28.076211500000003 13.981050000000002 2.2448165000000002 0.60546523182206957 1.4288555000000003 0.47719950000000005 8.2190840000000023 5.0811045533722359 2.7314371934456267
decision_type=2 2 2 2 2 2 2 2 2 2 2 2 2 2 2 2 2 2 2 2 2 2 2 2 2 2 2 2 2 2
left_child=2 12 3 4 5 16 8 15 19 -6 -7 -9 13 14 18 24 -1 -11 -2 29 -21 -13 -16 -5 -8 26 -4 28 -15 -3
right_child=1 6 25 23 9 10 7 11 -10 17 -12 21 -14 27 22 -17 -18 -19 -20 20 -22 -23 -24 -25 -26 -27 -28 -29 -30 -31
leaf_value=-0.048674003465039903 -0.045757725139921039 0.011928289770571879 -0.048351632072641759 0.0073510507141662492 -0.046690529745809346 0.0034118208330961375 -0.036033735411132008 -0.034573785087930665 -0.046564271978369369 -0.00099617415800079068 0.021704597163272644 0.030205501257040659 -0.051324703023126278 -0.048844985492614526 -0.045888834503270137 0.021481824134905875 -0.00093182341100661982 -0.048442219607038317 -0.0016507755120632754 0.079554965878635878 -0.023033714179127873 -0.011313755402861617 -0.013702436991037521 0.040085330719456885 -0.0046441354195252502 -0.16484372149180648 0.036518104642457673 0.078490361409858114 0.031858482298500156 0.038456413398914195
leaf_weight=163.75189878046513 93.229610059410334 251.47743002325296 17.590011820197105 170.00815469026566 179.23543329536915 2066.6425651423633 599.32035186141729 85.891137901693583 82.49122741818428 616.97645658254623 949.56194805726409 330.46127763390541 238.35520198196173 29.962256576865911 430.08636198565364 81.878715332597494 145.60205613076687 86.870287954807281 412.53879398480058 26.478456594049931 138.70770696550608 103.67073246091604 186.77772045135498 418.38165956735611 164.94921560585499 3.1617072746157637 506.33751989156008 26.283381909132004 57.421516761183739 332.43212149292231
leaf_count=813 624 1431 139 859 954 12141 5594 1079 538 3046 5979 1859 2068 228 4162 541 1003 426 2444 144 833 633 1470 2539 1074 17 5888 147 354 1854
internal_value=6.07259e-05 -0.0111525 0.00779525 0.00508315 0.00151197 0.00588014 -0.00177881 -0.0108066 0.0130524 -0.0149379 0.00917076 0.0112288 -0.0251226 -0.0200709 -0.0242666 -0.024349 -0.0262034 -0.00685207 -0.00978112 0.0196175 -0.0065893 0.0202907 -0.0361432 0.0306272 -0.029259 0.032478 0.0336687 0.0213681 0.00418678 0.0270313
internal_weight=8996.53 3672.41 5324.12 4797.03 4208.64 3325.56 2197.76 1366.17 831.587 883.082 3016.2 520.023 1474.65 1236.3 1122.63 846.148 309.354 703.847 505.768 749.096 165.186 434.132 616.864 588.39 764.27 527.089 523.928 113.667 87.3838 583.91
internal_count=60881 27077 33804 27760 24362 19936 15580 10780 4800 4426 18120 3571 11497 9429 8700 7209 1816 3472 3068 4262 977 2492 5632 3398 6668 6044 6027 729 582 3285
is_linear=0
shrinkage=0.05


Tree=50
num_leaves=31
num_cat=0
split_feature=14 9 7 15 9 9 7 5 13 15 11 6 3 3 3 15 0 15 9 3 11 9 7 4 7 4 1 0 3 13
split_gain=303.837 144.356 220.335 124.789 119.622 128.969 126.041 103.518 100.483 90.3315 103.396 83.9882 80.3865 65.8109 97.0496 64.5441 64.2754 58.1172 56.6959 54.2613 112.599 51.1093 66.9605 46.873 40.4648 41.1934 37.236 37.0843 34.1216 31.7744
threshold=0.041116122357155539 2.666240596913287 0.62391621438618261 1.6808580602019647 0.85774762693530382 3.2003294673042331 0.68910450000000012 0.025733500000000003 0.41317450000000006 -0.31180699999999995 5.6568360922709866 0.28718074451947995 211585848.30231625 -2008842466.478658 -10108671171.356323 -0.15355049999999998 1.2350027256524132 -0.024620584174197321 1.4105340000000004 805721548.86814427 1.7420913869221268 4.893503882638683 0.79705122031904763 2.7275358345800824 0.4849420880818614 6.3299480000000008 0.57384500000000005 1.1906300000000003 150252304.23000002 0.074531416528191771
decision_type=2 2 2 2 2 2 2 2 2 2 2 2 2 2 2 2 2 2 2 2 2 2 2 2 2 2 2 2 2 2
left_child=4 3 -3 8 -1 7 -7 15 19 10 -10 -9 13 14 -4 18 -13 -11 -6 20 -2 23 -23 -8 25 -5 -14 -15 -26 -28
right_child=1 2 12 24 5 6 21 11 9 17 -12 16 26 27 -16 -17 -18 -19 -20 -21 -22 22 -24 -25 28 -27 29 -29 -30 -31
leaf_value=0.04287091162621446 -0.044719845591631495 0.086306588324989914 0.015723534281313553 0.043856780460809291 -0.016254062503420853 0.06251172009763066 -0.0105081146837105 0.061499539322200848 -0.028895227316527456 -0.041568858057753018 0.013822357451695765 -0.01986634438819268 -0.062055049071760286 0.010715383159118554 -0.079351802682166461 0.031549522527865366 -0.00052673093974638248 -0.02013636028862029 0.01289659104248048 -0.02187885005916157 0.018296735615008698 0.05900041499568353 0.016034471612123343 0.025640461923596005 0.018530404373239672 0.0058245655948173485 -0.059867919816801687 0.044371883894657592 -0.041546560379693183 -0.0080620875850766754
leaf_weight=244.69659865647554 87.142988614737988 78.700190719217062 61.444652087986469 107.96655172854662 214.82189594209194 160.37270144745708 277.03027508407831 46.522829428315163 302.88421362265944 771.59775762632489 266.10835687071085 619.29443641006947 44.728981703519821 468.9390632212162 47.660640716552734 346.57443767040968 1402.7748522087932 536.03716066852212 746.16025087982416 262.23977650702 379.9848283007741 111.89614661410451 478.24582443386316 132.6008178293705 39.030547887086868 209.05958773940802 32.97557470947504 99.149715419858694 59.918421506881714 288.95264081656933
leaf_count=2899 516 427 324 506 1261 1240 1772 299 2224 8184 1596 3220 304 2866 246 2023 7538 4151 4583 1700 2023 983 4731 771 189 1280 326 585 336 1801
internal_value=0.000228938 -0.00967927 0.00563131 -0.0153666 0.00881812 0.00698124 0.0213632 0.00203918 -0.019426 -0.0255469 -0.00891692 -0.00492164 -0.000451127 0.00975864 -0.0258084 0.0130514 -0.00644983 -0.0327831 0.00638013 -0.00367722 0.00654095 0.0147626 0.0241812 0.00119346 0.0100645 0.0187768 -0.019308 0.0165895 -0.0178491 -0.0133686
internal_weight=8925.51 4144.52 1122.55 3021.97 4780.99 4536.29 1160.15 3376.15 2606 1876.63 568.993 2068.59 1043.85 677.194 109.105 1307.56 2022.07 1307.63 960.982 729.368 467.128 999.773 590.142 409.631 415.975 317.026 366.657 568.089 98.949 321.928
internal_count=60904 29584 6879 22705 31320 28421 9497 18924 20394 16155 3820 11057 6452 4021 570 7867 10758 12335 5844 4239 2539 8257 5714 2543 2311 1786 2431 3451 525 2127
is_linear=0
shrinkage=0.05


Tree=51
num_leaves=31
num_cat=0
split_feature=14 16 16 16 10 15 11 1 2 13 11 10 9 13 9 8 9 9 15 13 11 11 13 14 10 9 6 15 6 12
split_gain=279.5 218.18 288.115 284.052 152.681 144.903 115.32 81.7449 104.683 81.3314 77.8933 70.5191 67.7328 63.3248 115.707 58.4469 57.8741 54.9062 52.8245 44.7039 55.4142 44.947 55.8589 40.6678 35.7956 34.6442 34.6338 33.2507 32.7462 32.4014
threshold=-0.093979384983474815 0.18433000000000002 0.11336008305615382 0.11364250000000002 4.3386910000000007 1.1359320000000002 5.6568360922709866 0.6444597680757933 0.095907871498461819 0.34550685032785705 1.7704073778535259 368.44660828820616 3.0122301492725514 0.74130777221805999 2.2679356444345786 0.75612976724203473 1.5115880000000004 4.1789669891585293 -30.336928167116362 0.83338498158851804 4.8047834162584389 2.0107560000000002 0.52603230795154265 0.18632650000000003 5.4976820000000011 0.85774762693530382 0.35638671174309011 -0.15355049999999998 5.2033459752417643 1.5229820000000001
decision_type=2 2 2 2 2 2 2 2 2 2 2 2 2 2 2 2 2 2 2 2 2 2 2 2 2 2 2 2 2 2
left_child=18 2 5 -4 9 6 11 8 -6 10 -3 -2 -8 28 -15 26 25 -10 -1 21 -21 22 27 -18 29 -11 -5 -20 -9 -23
right_child=1 4 3 15 7 -7 12 13 17 16 -12 -13 -14 14 -16 -17 23 -19 19 20 -22 24 -24 -25 -26 -27 -28 -29 -30 -31
leaf_value=-0.020878152161823735 -0.019745852055822369 -0.020982349889293067 -0.06068158148512072 0.01093342115461347 0.025901237253322058 0.031713717529560467 -0.0035927610538298176 0.037025300822186753 -0.039587212041740816 0.074423266605412278 0.020132495316680044 0.04344482535993846 0.023551009691573435 -0.022178944202889971 0.033582739680941658 0.028069176606718895 -0.00069628284999729065 0.0086817676926934598 0.0046150071683489589 -0.078894415232445225 0.0056963159689348217 0.019585078536585844 -0.081790253792203726 -0.028432085145360272 0.035913988535855826 -0.044662407022353461 -0.023742184711916858 0.039658678148470128 0.018903745048845656 -0.10737446269682974
leaf_weight=86.921845957636833 1304.3837931677699 166.67100443691015 527.53353726491332 91.880817830562592 176.50154269486666 257.08348499238491 824.37810217216611 462.34920615702868 179.28315684199333 6.3053702041506758 373.00857099890709 45.697789140045643 318.66546370089054 204.59049192070961 170.61104860901833 90.216169133782387 398.89728992059827 87.751230899244547 345.73349389433861 22.304438021034002 146.68088702484965 642.13149140775204 16.676750816404819 197.64713812246919 553.09272635355592 194.44639175385237 332.96486487984657 84.168369546532631 540.98585861176252 5.0650614500045767
leaf_count=624 8616 982 6610 458 1208 1289 4803 2508 890 41 2266 259 1911 1293 976 576 2197 640 2589 141 1082 5460 101 1260 4831 1464 2129 566 3090 44
internal_value=0.000219711 -0.00442778 -0.0125118 -0.0348937 0.00527798 -0.00402685 -0.0077123 0.0146939 -0.00397685 -0.00755436 0.00743486 -0.017607 0.00397456 0.0207011 0.00317692 -0.0084814 -0.0177004 -0.0237254 0.0171995 0.0190222 -0.00546885 0.0215352 0.00799316 -0.00988571 0.0265737 -0.0409221 -0.0162429 0.011476 0.0272544 0.0185915
internal_weight=8854.63 6951.85 3792.8 1042.6 3159.05 2750.21 2493.13 1822.07 443.536 1336.98 539.68 1350.08 1143.04 1378.54 375.202 515.062 797.296 267.034 1902.78 1815.85 168.985 1646.87 446.579 596.544 1200.29 200.752 424.846 429.902 1003.34 647.197
internal_count=60904 45466 26651 9773 18815 16878 15589 10605 2738 8210 3248 8875 6714 7867 2269 3163 4962 1530 15438 14814 1223 13591 3256 3457 10335 1505 2587 3155 5598 5504
is_linear=0
shrinkage=0.05


Tree=52
num_leaves=31
num_cat=0
split_feature=6 6 5 13 10 13 11 6 9 10 1 3 13 11 5 6 6 9 2 12 3 14 5 15 2 15 10 13 4 10
split_gain=258.903 185.908 207.116 118.238 183.342 143.815 133.974 113.057 122.105 96.3049 91.0281 84.3649 81.7463 83.2863 81.1016 109.635 86.9721 77.898 73.0516 69.8477 62.0782 66.1277 65.9058 60.5555 57.4538 56.3831 54.2729 52.8177 52.2871 51.1125
threshold=5.2033459752417643 5.2039180000000007 0.034915583120037862 0.51231124140223072 3.9348779821854225 0.51895246327195366 1.7704073778535259 7.0174004949249298 2.4657295647232109 157.04495081613626 1.2177350419405937 1806963983.7350004 1.7683989551176691 3.8634458282098532 1.0000000180025095e-35 1.0000000180025095e-35 1.0000000180025095e-35 1.2285925000000002 0.29146795217902538 0.89192900000000008 1500898206.5587661 0.014151232064180898 0.15762749485623614 -0.15547933117248722 0.29537000000000008 -1.0045707874246166 13.981050000000002 0.51893600000000017 5.175395348026453 1.4485190000000003
decision_type=2 2 2 2 2 2 2 2 2 2 2 2 2 2 2 2 2 2 2 2 2 2 2 2 2 2 2 2 2 2
left_child=3 11 -3 6 -5 27 19 10 9 -9 -4 20 13 -7 15 29 -16 -18 -14 25 22 -22 24 -10 -2 -1 -24 -6 -12 -8
right_child=1 2 7 4 5 12 14 8 23 -11 28 -13 18 -15 16 -17 17 -19 -20 -21 21 -23 26 -25 -26 -27 -28 -29 -30 -31
leaf_value=-0.032483808528418617 -0.045806047788173404 0.058589251646486165 -0.0010311184244989741 -0.030009495048539687 0.021318283325154886 -0.0077701025731217732 -0.008221147870915272 -0.02138286295891511 0.034365739276526829 0.038453452283712448 0.013227000611298188 -0.05194313868767314 -0.078079592286873098 0.021826538373972929 0.066302752705584153 0.067076581475406558 0.046575307805006391 0.0036305113918867989 0.010581949945085793 -0.095734680372496883 0.054750383871074129 -0.023372936336693313 -0.043818677395474147 -0.0045221569935427613 -0.00095150132136525125 0.0045181760177756929 -0.010825136471980482 -0.062293080126981995 0.064391636564590002 0.028044574317174831
leaf_weight=120.83764895051718 86.591697379946709 136.93434020504355 316.4699325747788 447.92812613770366 23.476633038371801 316.79831996187568 111.93660722672939 1258.689485616982 184.05726609006524 71.04006177932024 89.143542237579823 226.68711449205875 46.882407605648041 952.01245861500502 68.116678945720196 171.63455607369542 117.93220014870167 1009.4307617247105 46.055678494274616 19.913989201188087 56.635137729346752 51.918059188872576 404.16870832070708 219.48058777675033 406.69564960151911 695.59876639023423 180.2209763340652 96.639331825077534 113.52503272145987 735.84853591397405
leaf_count=687 581 841 1874 2758 157 1869 828 9427 1022 415 440 2074 241 6119 543 1253 1263 6430 263 101 270 441 4161 1442 2475 4376 1476 940 696 5441
internal_value=0.00020841 -0.00961696 -0.00111503 0.00770856 -0.00197803 0.00649513 0.0138349 -0.00474473 -0.0108754 -0.0181861 0.0157238 -0.0239943 0.0111213 0.0144368 0.0202731 0.0306341 0.0114379 0.00812292 -0.0341432 -0.00321503 -0.0186533 0.0173861 -0.0222835 0.013215 -0.00882527 -0.000958347 -0.0336437 -0.0459513 0.0418869 0.0232563
internal_weight=8783.3 3802.26 2389.34 4981.04 1929.79 1481.86 3051.25 2252.41 1733.27 1329.73 519.139 1412.92 1361.75 1268.81 2214.9 1019.42 1195.48 1127.36 92.9381 836.35 1186.23 108.553 1077.68 403.538 493.287 816.436 584.39 120.116 202.669 847.785
internal_count=60904 27635 16157 33269 12347 9589 20922 15316 12306 9842 3010 11478 8492 7988 15758 7522 8236 7693 504 5164 9404 711 8693 2464 3056 5063 5637 1097 1136 6269
is_linear=0
shrinkage=0.05


Tree=53
num_leaves=31
num_cat=0
split_feature=14 14 3 0 11 10 12 9 5 11 11 5 4 10 9 3 6 3 9 7 0 3 0 0 0 11 13 13 12 7
split_gain=244.653 301.2 129.565 130.837 119.9 103.638 98.8514 85.05 84.7056 83.8984 81.7161 79.2455 72.3927 73.2542 84.2278 69.1821 59.6167 55.4294 55.2262 60.792 79.0005 50.5122 61.0856 49.7153 93.0181 82.6462 45.2765 41.8863 39.9571 39.5708
threshold=0.073609500000000008 0.075600500000000015 236424866.88629064 1.2085950858786947 5.6568360922709866 3.6276780000000004 0.85070612374058541 2.4088505000000002 0.056960008853318124 0.47719950000000005 2.0382637122666898 -0.024118731464683459 -11.368789770007689 26.029530435696625 2.5952505000000001 1566001099.7515132 -1.0492917356261342 5369046957.6150007 3.8307350000000002 0.73914450000000009 1.1444515000000002 1527635918.7450001 1.2626838425691698 1.0902179281992246 0.92410268501990833 2.3554538813002681 0.22508346297139256 0.074531416528191771 0.53611962701320037 0.73914450000000009
decision_type=2 2 2 2 2 2 2 2 2 2 2 2 2 2 2 2 2 2 2 2 2 2 2 2 2 2 2 2 2 2
left_child=2 -2 8 -4 12 7 9 26 23 -7 -8 16 -3 14 -14 -15 17 -6 19 20 -10 22 -13 24 -1 -26 -5 -25 -9 -20
right_child=1 4 3 5 11 6 10 28 18 -11 -12 21 13 15 -16 -17 -18 -19 29 -21 -22 -23 -24 27 25 -27 -28 -29 -30 -31
leaf_value=0.023356771770886405 -0.051494337840587129 0.039777128309390092 -0.043586218829756822 0.0018218299587084517 0.0042384660350907851 -0.018796990233652972 -0.066396498574114324 0.042018574541147762 -0.014627415124133092 0.027646369809132522 0.00085665109402198881 -0.009128045011114078 -0.025970102782503859 0.029642685197853871 0.0014972177680009596 -0.033169181691766206 0.05903773250303701 0.092598638751012055 0.062368093056974029 0.047684260789454536 0.016043820212895757 -0.026269310114409524 0.019215769184878842 -0.052817818348766477 -0.095085324186528819 -0.00058948092429613732 -0.026557650992754773 0.040319276921979078 -0.006145877698856844 0.015582236806928069
leaf_weight=808.64438265562057 392.52735695615411 62.140384867787361 168.04462056607008 190.46833030879498 180.61163181066513 112.23570886999369 48.166569478809834 93.590973325073719 584.11553573608398 727.81645483896136 725.31548701971769 380.16428062319756 1118.3279157802463 155.93284497782588 371.9229394979775 60.982016369700432 107.79944466799498 19.682963654398918 54.99610024318099 61.686399508267641 327.74612240493298 155.04460157454014 380.20120243728161 12.436042085289953 29.808889254927635 103.40455994009972 536.1569787338376 411.97101157158613 79.755777958780527 253.58484652638435
leaf_count=8069 5674 331 887 1067 1028 518 264 564 2887 4255 4244 2121 8662 889 2312 443 586 92 466 741 1847 1168 2479 70 167 723 3045 2651 445 2209
internal_value=0.000198596 -0.0103129 0.00687503 -0.000872282 -0.0049117 0.00198343 0.00956598 -0.0116111 0.0147193 0.0214413 -0.00333136 0.00712311 -0.013234 -0.0151636 -0.0191151 0.0119842 0.0290573 0.0129216 0.0054886 -0.000353686 -0.0036034 -0.000259133 0.00504455 0.0233816 0.0169792 -0.0217346 -0.0191186 0.0375902 0.0198584 0.0239205
internal_weight=8715.28 3385.34 5329.94 2681.55 2992.81 2513.51 1613.53 899.972 2648.39 840.052 773.482 1223.5 1769.31 1707.17 1490.25 216.915 308.094 200.295 1282.13 973.548 911.862 915.41 760.365 1366.26 941.858 133.213 726.625 424.407 173.347 308.581
internal_count=60904 25785 35119 15289 20111 14402 9281 5121 19830 4773 4508 7474 12637 12306 10974 1332 1706 1120 8150 5475 4734 5768 4600 11680 8959 890 4112 2721 1009 2675
is_linear=0
shrinkage=0.05


Tree=54
num_leaves=31
num_cat=0
split_feature=13 13 10 11 3 12 13 10 16 2 7 16 12 3 11 10 13 11 11 1 10 12 12 3 9 0 7 16 7 9
split_gain=229.79 336.04 258.505 152.528 141.584 164.315 114.466 112.745 111.182 107.939 83.8345 80.7211 76.8806 74.9096 75.7134 73.0506 101.436 77.5862 70.2086 66.1653 66.0016 63.2924 60.8963 52.083 50.518 52.8946 46.9387 44.6568 41.6683 30.2406
threshold=0.51893600000000017 0.51895246327195366 6.4290620000000009 1.9232765000000003 832347534.31500018 0.81123770258085037 0.24178451349191607 1.5319005809899475 0.59702900000000014 0.10252254340412741 0.11834600000000002 4.6461771882793022 0.89796578741171584 221745548.12056804 3.6879430000000002 2.3071603516025867 0.22798850710070082 0.59432750000000012 2.0982512945220493 0.96910533976318469 5.709371824630419 0.5051555000000002 3.1732040000000006 3629862518.5600004 2.4657295647232109 1.307108526920014 0.3694194084432344 0.30084500000000008 0.80722913632078108 2.0561490646281055
decision_type=2 2 2 2 2 2 2 2 2 2 2 2 2 2 2 2 2 2 2 2 2 2 2 2 2 2 2 2 2 2
left_child=3 -2 11 12 5 7 9 26 18 -7 -9 13 15 14 -3 16 -1 23 -4 -15 24 -19 -20 -17 -6 -26 -5 29 -8 -22
right_child=1 2 8 4 20 6 28 10 -10 -11 -12 -13 -14 19 -16 17 -18 21 22 -21 27 -23 -24 -25 25 -27 -28 -29 -30 -31
leaf_value=0.0024161807658682824 -0.056167117251558485 -0.039845312908486939 -0.04015401498418044 -0.046323749491087148 -0.030589441017167669 0.022517034423240059 0.0070232692589549577 -0.023678253750786211 0.035464984695739048 -0.053464954339142237 0.037760950988408447 0.041744470121207772 -0.065583137437834949 -0.064817193180766355 0.0050617722818469303 -0.003610064876823465 -0.046740712964523978 0.029513672682176174 0.0093098556121562082 -0.025113451687992228 -0.019851032321059402 -0.00090485517384080035 -0.018350310675271302 -0.048269199861328535 -0.063809126788970341 0.038558772757758458 0.0087764326820502451 0.037031635472565612 0.034385262748143151 0.034474453471187341
leaf_weight=217.30865577235818 343.58827754482627 125.22937436774373 90.697046093642712 48.132495753467083 301.56457322463393 69.204407762736082 853.70839523151517 58.157487250864506 305.39157070592046 143.99577201530337 1225.6182610169053 51.550680678337812 52.282856944948435 119.69892328977585 374.70640121027827 210.45778898894787 202.96135677397251 311.44048615172505 1310.560049533844 850.55842534452677 104.43464539945126 379.24663394317031 234.60643248260021 94.644677706062794 16.230334900319576 56.712403610348701 196.22002694010735 102.383031912148 166.232636064291 33.942474901676178
leaf_count=1537 5454 809 640 295 1981 524 4879 396 1878 985 8949 327 307 764 2469 1123 1313 1939 8644 6162 674 2387 1373 566 84 283 1554 548 1882 178
internal_value=0.000189381 -0.00900378 -0.00432437 0.00741238 0.0132627 0.0180957 0.004518 0.0290525 0.00777068 -0.0288013 0.0349776 -0.0197538 -0.00604081 -0.0219101 -0.00618704 -0.00384242 -0.0213232 0.00353529 0.00260057 -0.0300116 -0.00842747 0.0128113 0.00511014 -0.0174636 -0.0215579 0.0157811 -0.00207719 0.0119971 0.0114828 -0.00652555
internal_weight=8651.47 3806.59 3463 4844.88 3376.54 2761.27 1233.14 1528.13 1941.26 213.2 1283.78 1521.74 1468.34 1470.19 499.936 1416.06 420.27 995.79 1635.86 970.257 615.267 690.687 1545.17 305.102 374.507 72.9427 244.353 240.76 1019.94 138.377
internal_count=60904 28520 23066 32384 23212 19464 8270 11194 12535 1509 9345 10531 9172 10204 3278 8865 2850 6015 10657 6926 3748 4326 10017 1689 2348 367 1849 1400 6761 852
is_linear=0
shrinkage=0.05


Tree=55
num_leaves=31
num_cat=0
split_feature=4 4 16 7 1 9 9 12 3 10 10 7 9 9 3 3 10 3 9 4 3 15 5 10 10 11 9 11 13 11
split_gain=213.339 171.596 126.078 126.927 144.1 147.019 121.703 117.6 114.158 109.093 98.5912 93.457 81.7204 79.1478 76.968 102.288 76.2049 121.303 74.5895 67.3881 63.8729 58.4822 57.8681 51.1496 44.5012 43.7355 43.1527 40.6434 31.0763 26.252
threshold=6.3299480000000008 6.3299980000000007 2.881021731910256 0.9035398342015929 1.1103241234743817 10.005309203934717 2.1489325896594651 0.82216784416971722 7757040613.420001 2.6596386333887723 4.8802585171133073 0.53462280585518185 1.3354990000000002 3.0822185000000002 1665868611.9550002 1500898206.5587661 157.04495081613626 420488299.82500011 2.4088505000000002 7.6615005000000007 2616390865.6350007 2.4503158916717842 0.1676445 2.2732195467889205 13.981050000000002 0.24289500000000006 1.5047174665046137 0.59432750000000012 1.5259318667470947 1.0505613493544474
decision_type=2 2 2 2 2 2 2 2 2 2 2 2 2 2 2 2 2 2 2 2 2 2 2 2 2 2 2 2 2 2
left_child=2 14 3 4 5 12 7 10 11 18 26 -8 -1 -13 15 22 19 -18 -6 -9 -12 -11 23 -2 -24 -4 -3 -5 -29 -17
right_child=1 6 25 27 9 -7 8 16 -10 21 20 13 -14 -15 -16 29 17 -19 -20 -21 -22 -23 24 -25 -26 -27 -28 28 -30 -31
leaf_value=0.048070224621504093 -0.043670313654891206 -0.023974754156190117 -0.043717410691853226 -0.040112925814453949 -0.017531640784515089 0.05311948665205344 0.089566940310058782 0.013858694496954921 -0.065810114930679758 0.017965596377713815 0.046783216717243087 0.0010226895312458258 -0.008865769729218027 0.040176859967730877 -0.048455560124694992 0.087685047384590292 -0.069738593382621991 0.087624137995724369 0.025475101235049764 -0.027062589349135514 -0.056729968687322496 0.052879021141115125 -0.042585623551297289 -0.0016151929489361075 -0.012016833775122358 0.041961248857846023 0.014687030860339685 0.034190793617028467 -0.1410302122223602 0.020781894157793183
leaf_weight=64.630376257002354 88.339520387351513 164.13792990893126 15.693454317748545 19.802091114223003 368.02381749823689 104.20573747903109 49.263638913631439 115.11211696639657 37.960151709616184 1020.5884421616793 185.33974190428853 305.50681458413601 2533.4498443081975 223.48724478110671 248.30668822303414 19.638470992445946 17.909929040819407 38.727395363152027 138.86001446098089 798.36545062437654 16.20577098429203 135.91781261563301 376.41661574319005 398.22973162308335 174.13395830616355 292.60327944904566 128.81833931803703 426.93672784045339 2.5455316081643096 57.868530441075563
leaf_count=462 638 1131 80 173 1910 1114 269 768 281 5878 1010 2149 14806 1418 2324 95 130 206 811 7261 106 784 4104 2475 1447 2305 844 5535 12 382
internal_value=0.000133333 -0.00949045 0.00660228 0.00461754 0.00201326 -0.00511376 -0.000457594 -0.00830105 0.0181846 0.0135916 0.0115434 0.0236985 -0.00744942 0.0175644 -0.0232812 -0.0176731 -0.0184165 0.0378627 -0.00575001 -0.0219059 0.03846 0.0220688 -0.0218138 -0.00925055 -0.032917 0.0375999 -0.00697445 0.0299231 0.0331523 0.0377336
internal_weight=8567.03 3443.77 5123.26 4814.96 4365.68 2702.29 2080.83 1464.62 616.218 1663.39 494.502 578.258 2598.08 528.994 1362.93 1114.63 970.115 56.6373 506.884 913.478 201.546 1156.51 1037.12 486.569 550.551 308.297 292.956 449.284 429.482 77.507
internal_count=60908 27038 33870 31485 25765 16382 15573 11456 4117 9383 3091 3836 15268 3567 11465 9141 8365 336 2721 8029 1116 6662 8664 3113 5551 2385 1975 5720 5547 477
is_linear=0
shrinkage=0.05


Tree=56
num_leaves=31
num_cat=0
split_feature=13 13 10 11 5 3 9 3 1 10 5 12 12 3 0 9 3 2 15 3 10 13 5 3 13 7 11 9 4 7
split_gain=202.634 319.723 213.613 146.212 165.178 85.4154 87.9749 82.5863 82.2518 73.5383 70.8361 68.9196 67.9568 65.9002 94.4176 63.0848 55.4126 76.4001 74.6191 52.8689 61.341 99.4637 48.9599 47.5273 46.7485 55.5289 45.1069 44.4067 41.6109 33.6502
threshold=0.51893600000000017 0.51895246327195366 6.5700455000000009 1.9232765000000003 0.1676445 6762279253.9350004 2.2520724512048376 -1121640873.1996281 1.2177350419405937 1.9190133623401653 0.1676528396078385 0.89192900000000008 0.81123770258085037 832347534.31500018 1.2169194556340972 3.277489473360867 270890556.07964605 0.26926053835644354 29.121680791723541 17885777249.226963 2.3071603516025867 0.21643618185269956 0.076449391977912104 1253691709.0400002 0.20694028918204524 0.35204900000000006 0.18982243889049435 3.4777496750662835 1.0079748951842518 0.83550431905461242
decision_type=2 2 2 2 2 2 2 2 2 2 2 2 2 2 2 2 2 2 2 2 2 2 2 2 2 2 2 2 2 2
left_child=3 -2 16 11 9 6 8 -8 -4 24 -6 19 23 14 -12 -15 17 27 28 20 21 -1 -19 -11 -5 -26 -22 -3 -18 -14
right_child=1 2 5 4 10 -7 7 -9 -10 12 13 -13 29 15 -16 -17 18 22 -20 -21 26 -23 -24 -25 25 -27 -28 -29 -30 -31
leaf_value=0.0065476766056827423 -0.055927970017612863 -0.032356943163194291 -0.018317534996235715 0.023403661667627224 -0.061352743289065773 -0.062759392824387875 -0.0076727450418451852 0.029285534574376645 0.010611444745816649 0.037151263734679051 -0.014487742432294257 -0.061917606283840403 0.0084685152720549058 -0.030454422549163342 0.02151860569768875 0.081889668603175814 0.0001478179018205429 0.039881745169881855 0.071226748236972781 -0.066207170400805357 -0.034039948185162643 -0.042229910402389166 -0.0074913229771563315 0.0063426163320180629 -0.056972443575879328 0.00022682896693656171 0.007598054771645173 0.0050088736747321691 -0.03174305174484731 0.034710029891102709
leaf_weight=203.09079708904028 325.4949988052249 241.83808840066195 415.46942620351911 161.48763033747673 50.935723423957825 42.78764845430851 197.34756546467543 645.78956325724721 601.33889273554087 911.6197712905705 314.33104774355888 53.66385717689991 635.60575454682112 220.04011215269566 432.69853952154517 13.248154722154139 117.30458226427436 114.87648848816752 19.482866019010544 33.514220237731934 70.321778334677219 215.31191585958004 103.84159370139241 145.10635271668434 52.042814455926418 229.72592558339238 866.54822108149529 118.46218847483397 798.88787842169404 151.2333000600338
leaf_count=1476 5479 1430 2622 1327 495 337 1318 4118 4022 6919 1753 320 3789 1605 2697 64 641 733 96 233 356 1417 766 840 338 1500 5327 914 6058 1918
internal_value=0.000127614 -0.00857702 -0.00406705 0.00697156 0.0127491 0.00708637 0.00869315 0.020635 -0.00120898 0.0202406 -0.00386348 -0.0063185 0.0246371 -0.000876436 0.00636805 -0.0240745 -0.0180778 -0.00592074 -0.0256009 -0.0041701 -0.002636 -0.0185535 0.0173903 0.0329207 0.00195486 -0.0103379 0.00447269 -0.0200715 -0.0276599 0.0135122
internal_weight=8503.45 3742.92 3417.43 4760.53 3318.08 1902.73 1859.95 843.137 1016.81 2286.82 1031.25 1442.45 1843.57 980.318 747.03 233.288 1514.69 579.018 935.675 1388.79 1355.27 418.403 218.718 1056.73 443.256 281.769 936.87 360.3 916.192 786.839
internal_count=60908 28534 23055 32374 23245 12417 12080 5436 6644 16631 6614 9129 13466 6119 4450 1669 10638 3843 6795 8809 8576 2893 1499 7759 3165 1838 5683 2344 6699 5707
is_linear=0
shrinkage=0.05


Tree=57
num_leaves=31
num_cat=0
split_feature=14 16 9 7 7 13 15 3 9 7 5 7 15 15 15 4 11 7 15 15 14 3 9 4 2 3 9 9 9 5
split_gain=211.764 168.689 121.797 343.185 162.348 119.714 139.875 97.1691 89.1772 202.355 50.1156 49.8233 54.2734 92.2301 78.219 53.8839 46.1185 45.1944 35.7789 33.5752 32.2231 29.6474 28.779 27.8372 17.773 19.4937 17.7018 16.9654 14.5597 13.8716
threshold=-0.089096451031183035 4.1931887143493514 2.4657295647232109 0.5962169274950242 0.5962169274950242 0.38570273101662977 0.64567461127417125 -129583571.95917168 2.9164533527842011 0.65559012594549382 -0.0064943303487210941 1.03848579220904 -0.15355049999999998 -0.15547933117248722 -26.563697518630935 -8.1815948238373686 0.35318872195448742 0.19748568935653485 -0.44770399999999994 6.7048310073591137 -0.29009215643929859 -542971165.30731535 1.583416557229828 1.0681181044507062 0.56589942840358665 315230649.96911532 2.4856060517015774 1.4992795000000003 -1.2624041547586848 -0.058998979751076673
decision_type=2 2 2 2 2 2 2 2 2 2 2 2 2 2 2 2 2 2 2 2 2 2 2 2 2 2 2 2 2 2
left_child=11 2 4 26 5 7 -7 -2 10 -10 -5 12 13 14 20 21 22 -17 -16 -18 -1 -15 -3 -14 25 -25 -4 -21 -13 -6
right_child=1 16 3 8 29 6 -8 -9 9 -11 -12 28 23 15 18 17 19 -19 -20 27 -22 -23 -24 24 -26 -27 -28 -29 -30 -31
leaf_value=-0.086377717827080439 -0.039244486085374231 0.049894130054281567 0.032563233890534414 0.0053111074590981577 -0.0099823126172553459 -0.024144499547161358 0.0030561940344006537 0.0043432781809953818 0.080086440057487773 -0.0004287780035490572 -0.031586826234418067 0.019706201078491265 0.05555034495790389 -0.093627777196625905 0.02011597798422456 -0.059925174466121112 0.04377413188441466 0.0075962758822768249 0.04779576975233843 -0.091136613953494428 -0.0084842863857479394 -0.021227173180318235 -0.058263929774759096 0.02696496328268715 0.039177797457064949 -0.0097482740673132309 0.080697443637476607 0.0060869508166797705 0.05027412208271155 0.058642380129156874
leaf_weight=16.125975832343102 142.63976700603962 8.6021772027015704 22.131372690200806 128.38192519545555 8.0231311321258527 2166.7199738100171 604.48728328570724 1234.0996966660023 83.051612362265587 1292.2801159247756 324.9618286266923 58.105136331170797 83.579733736813068 15.303814828395842 441.600460909307 26.179408900439739 254.18561892211437 464.36280599981546 158.70202157273889 5.3171960711479178 75.157254058867693 185.89698919653893 21.577932849526405 84.629922587424517 93.037030857056379 63.126207761466503 139.48418100550771 28.7399259544909 118.19560438394547 89.617361761629581
leaf_count=90 667 43 116 683 55 18259 3637 6937 457 8520 1864 916 757 140 3342 134 1743 3826 1274 26 479 1475 109 689 638 363 789 171 1915 794
internal_value=0.000119722 -0.00412693 -0.00593953 0.00426633 -0.0107239 -0.0122241 -0.0182112 -0.000172717 -0.001906 0.00443326 -0.0211377 0.0148935 0.0122809 0.00796457 0.0208766 -0.00494448 0.0313705 0.00399277 0.0274337 0.0375278 -0.0222448 -0.0267341 -0.0274359 0.0306886 0.022059 0.0112799 0.074106 -0.00909216 0.0401996 0.0530035
internal_weight=8438.3 6554.3 6235.88 1990.29 4245.59 4147.95 2771.21 1376.74 1828.68 1375.33 453.344 1884 1707.7 1383.33 691.586 691.743 318.423 490.542 600.302 288.243 91.2832 201.201 30.1801 324.373 240.793 147.756 161.616 34.0571 176.301 97.6405
internal_count=60908 44870 42778 12429 30349 29500 21896 7604 11524 8977 2547 16038 13207 10760 5185 5575 2092 3960 4616 1940 569 1615 152 2447 1690 1052 905 197 2831 849
is_linear=0
shrinkage=0.05


Tree=58
num_leaves=31
num_cat=0
split_feature=14 16 16 16 3 10 3 3 1 2 5 10 5 3 9 9 8 5 11 12 3 4 14 4 15 15 15 8 12 11
split_gain=193.31 163.726 211.416 272.694 139.67 110.786 171.115 109.52 108.606 69.6394 66.3757 61.9078 60.5518 59.9809 59.6786 51.2747 48.7285 59.5725 45.5739 57.9221 57.0036 41.5384 41.8826 38.2837 34.944 35.8431 57.3601 43.1185 32.6039 31.3413
threshold=-0.10393980089738279 0.18790459736821771 0.11336008305615382 0.11364250000000002 435547250.72355181 4.3386910000000007 3629862518.5600004 -306787686.60867286 1.1103241234743817 0.095907871498461819 0.32380250000000005 49.801189268146764 0.16306327980268051 193689049.75500003 3.8948821766202735 1.6335040000000001 0.76068300000000011 -0.0081598658382599411 1.6763310000000002 0.81615834557150202 1289683671.2200003 -8.1815948238373686 -0.19800834328166397 6.3299980000000007 -0.15355049999999998 -0.15547933117248722 -13.198390499999997 1.3083512286134742 2.2027575459112678 0.53336658983398733
decision_type=2 2 2 2 2 2 2 2 2 2 2 2 2 2 2 2 2 2 2 2 2 2 2 2 2 2 2 2 2 2
left_child=21 2 4 -4 8 14 7 9 10 -7 -2 15 -9 -10 18 -6 17 -5 20 -20 -3 24 -23 -13 25 26 -1 -27 -18 -8
right_child=1 5 3 16 11 6 29 12 13 -11 -12 23 -14 -15 -16 -17 28 -19 19 -21 -22 22 -24 -25 -26 27 -28 -29 -30 -31
leaf_value=-0.012915535858565481 0.0019107455569271001 -0.0483199438540272 -0.059944775133355083 0.018139564280100998 -0.032461111124818386 0.017006799441751205 -0.06902106339074171 0.031250919207264395 0.051025304875988081 -0.037148577913215117 -0.041011261587148393 -0.0091340389694048296 0.0096261397299133005 0.012578587160864678 0.02195754754410098 -0.010146981828761552 0.002949574648035979 -0.024449566324362338 0.0050263061903129437 -0.021043823203555859 0.0027917957393571884 0.030046542764137759 0.011649714484761315 0.046342853140366028 0.056134739236662567 -0.023639480234249787 0.048368024748498301 0.035587496394129725 0.063804578019692387 -0.020916560561295216
leaf_weight=79.174788948148489 1008.0634834952652 150.91118631511927 439.50146121904254 109.96067022532225 489.46338204294443 105.64502454921603 54.888114180415869 858.95819257944822 168.22842532396317 135.50112531334162 98.909556392580271 67.251915395259857 519.49919252470136 255.54694075137377 164.00859701260924 543.1005168184638 57.678110405802727 324.1661490611732 545.34963467344642 349.6659149825573 85.432727862149477 561.82381955906749 688.52194214239717 57.846470698714256 27.493203699588776 198.43995694816113 73.747037675231695 36.360944587737322 35.591445855796337 88.381622154265642
leaf_count=582 5853 938 6658 569 4018 854 361 4963 916 773 556 437 3179 1585 1286 3484 425 2172 3376 2204 522 5252 5540 324 279 1631 715 618 217 621
internal_value=0.000118442 -0.00366427 -0.0108064 -0.0308573 -0.00359498 0.00487223 0.0130298 0.017663 0.00631591 -0.0134234 -0.00192439 -0.0166999 0.0231012 0.027841 -0.0062295 -0.0207245 -0.00661753 -0.0136621 -0.0103157 -0.00515881 -0.0298443 0.0153658 0.019916 0.0165189 0.00166351 -0.00219902 0.0166387 -0.0144677 0.0261717 -0.0393459
internal_weight=8379.11 6713.55 3655.31 966.898 2688.41 3058.24 1762.87 1619.6 1530.75 241.146 1106.97 1157.66 1378.46 423.775 1295.37 1032.56 527.396 434.127 1131.36 895.016 236.344 1665.56 1250.35 125.098 415.216 387.723 152.922 234.801 93.2696 143.27
internal_count=60908 46291 27214 10041 17173 19077 10751 9769 8910 1627 6409 8263 8142 2501 8326 7502 3383 2741 7040 5580 1460 14617 10792 761 3825 3546 1297 2249 642 982
is_linear=0
shrinkage=0.05


Tree=59
num_leaves=31
num_cat=0
split_feature=14 16 10 13 12 12 3 11 11 12 11 7 16 13 10 12 11 2 7 11 12 4 3 15 15 0 0 16 10 7
split_gain=176.765 150.216 108.878 107.58 95.669 221.945 106.178 72.5216 72.1442 68.7954 74.5857 59.1702 54.6432 48.3158 60.045 62.0086 41.9392 41.6756 41.3543 40.872 38.6299 38.4322 37.9556 31.4457 26.7143 31.1616 26.5232 26.4038 26.0444 24.2927
threshold=-0.089096451031183035 4.1931887143493514 5.3945740000000013 0.33384864524258279 0.91689043771886247 0.94596650000000004 2616390865.6350007 13.3884768141334 2.1582392541670679 0.85599164805628802 1.9232765000000003 0.33756450000000005 0.14005809378718145 1.0415335000000001 5.4976820000000011 1.5229820000000001 0.41478743555216274 0.14425650000000004 0.18979791466350457 0.35318872195448742 0.94400269028935813 -7.7470292291856531 283719581.87442291 6.7048310073591137 -0.081367499999999995 0.49308623529908496 1.0715356368816813 0.53035927747361722 24.308344475206436 0.40257122017431418
decision_type=2 2 2 2 2 2 2 2 2 2 2 2 2 2 2 2 2 2 2 2 2 2 2 2 2 2 2 2 2 2
left_child=13 2 3 9 6 20 12 11 -7 10 -2 -5 -4 14 15 18 -16 24 -1 28 -6 -20 -9 -21 25 -15 -19 -8 -3 -11
right_child=1 19 4 7 5 8 27 22 -10 29 -12 -13 -14 17 16 -17 -18 26 21 23 -22 -23 -24 -25 -26 -27 -28 -29 -30 -31
leaf_value=-0.035081498549162947 -0.013686428763991674 0.014734969735266315 0.0051509862085862487 -0.03870151752890634 3.3201323367673129e-05 -0.038816945559544819 -0.0094554026715562445 0.027615011033635523 0.0028436392023719103 0.0092451501978090284 0.017367590280608126 -0.017467202192736644 0.03129753934282261 0.001408550701806806 -0.023698187680525416 -0.11329032045018297 0.028923415670869625 -0.076713203940139349 -0.0041896177812145051 0.042270878690593983 -0.05490518257868298 0.018054594083216993 -0.013372691310815152 -0.009268481521891107 0.0047865768734596907 -0.16970600209116052 0.0065566887023343155 -0.053412261531139926 -0.080222690325709597 -0.051075549649917278
leaf_weight=50.839105248451233 306.87133171036839 16.929124824702743 335.44706674292684 450.78899805620313 37.061587367206812 109.6470328271389 95.82955638691783 112.02903416752815 1988.8590500503778 21.234545305371284 522.716677647084 1205.1135891973972 494.23999170586467 3.6335838772356537 39.942402645945549 10.511353783309458 727.82484286278486 10.98798483610153 279.75223569944501 246.59932541847229 234.15637654066086 634.79713918268681 113.91394451633096 33.631586436182261 5.7398116812109938 9.9364909864962083 73.734098941087723 53.088483661413193 12.59190911054611 78.007223416119814
leaf_count=287 1799 82 2076 4206 240 735 655 750 12276 120 3212 7951 2778 44 228 79 6708 84 2519 1743 4262 5473 762 197 47 58 511 367 70 589
internal_value=0.000110762 -0.0037851 -0.00549382 -0.0127498 0.000597003 -0.00483421 0.0137489 -0.0196221 0.000666872 0.00117396 0.00588046 -0.0232479 0.0207263 0.0137501 0.015725 0.00749524 0.0261858 -0.0193514 0.00881038 0.0301904 -0.0473979 0.0112503 0.00695019 0.0360854 -0.0856396 -0.123888 -0.00424295 -0.0251258 -0.0257683 -0.0381689
internal_weight=8316.46 6468.76 6159 2810.68 3348.33 2369.72 978.605 1881.85 2098.51 928.83 829.588 1655.9 829.687 1847.7 1743.67 975.9 767.767 104.032 965.388 309.752 271.218 914.549 225.943 280.231 19.3099 13.5701 84.7221 148.918 29.521 99.2418
internal_count=60908 44870 42778 19389 23389 17513 5876 13669 13011 5720 5011 12157 4854 16038 15294 8358 6936 744 8279 2092 4502 7992 1512 1940 149 102 595 1022 152 709
is_linear=0
shrinkage=0.05


Tree=60
num_leaves=31
num_cat=0
split_feature=14 9 7 7 0 13 15 3 9 7 9 5 3 3 15 3 15 15 13 2 3 15 0 7 7 0 4 14 7 14
split_gain=165.608 140.218 331.631 169.096 142.964 127.483 133.94 98.5475 85.9968 207.153 78.8633 44.3112 40.6755 56.2703 39.7467 36.7544 35.4113 61.6895 45.2947 54.2506 42.7828 54.7259 39.2096 33.1946 27.5235 23.0473 22.2106 19.1432 16.6541 13.7239
threshold=-0.11707458416655205 2.4657295647232109 0.5962169274950242 0.5962169274950242 1.0809493519323701 0.34288502311716429 4.627055239010109 805721548.86814427 2.9496620941693679 0.66274960126998372 6.3577694315709499 -0.0081598658382599411 38920902.888339251 29446292.214853022 -26.563697518630935 5369046957.6150007 -0.15547933117248722 -0.15355049999999998 0.71703805476614091 0.13929800000000003 819768799.06663311 -0.81615594364135069 0.76329750000000007 0.6661016285111524 0.71349165971291006 3.9616340331871744 6.3299480000000008 -0.29009215643929859 0.14854850000000003 -0.34271979458452317
decision_type=2 2 2 2 2 2 2 2 2 2 2 2 2 2 2 2 2 2 2 2 2 2 2 2 2 2 2 2 2 2
left_child=14 3 -3 4 12 7 -7 -6 11 -10 -11 15 13 -2 24 -4 20 18 22 -20 28 25 -18 -13 27 -22 -19 -1 -16 -26
right_child=1 2 8 -5 5 6 -8 -9 9 10 -12 23 -14 -15 16 -17 17 26 19 -21 21 -23 -24 -25 29 -27 -28 -29 -30 -31
leaf_value=-0.10088455432388753 -0.032068195028927431 0.070654947426716561 -0.0026755528587881884 0.050681354755696767 0.020778453189908827 -0.015046568564674496 0.026811099958912444 -0.0099717652474344901 0.068381945126907359 -0.005782525878723993 0.020160867037334055 -0.027466017100441376 -0.072730302216727438 0.067223808260585591 -0.045552911807246667 0.070790003286174352 0.02345718949163407 0.042757946889782107 -0.12564532979870574 -0.011991174207269646 -0.065225063525522362 0.039475337869200842 -0.0024225440230486377 0.070843099895286546 -0.06670359350454301 0.018127535872578242 0.0096008081861304467 -0.025648775915437294 0.036492692112668472 0.028809313446043414
leaf_weight=10.947317749261854 464.23786986991763 188.02511117979884 131.57738676667213 118.92869744822383 638.20350596308708 2614.4771717954427 206.19003130495548 440.30500952154398 127.25567352771759 1004.0205935500562 413.59747250005603 370.42439675331116 59.866320483386517 14.721380986273287 6.285048432648181 19.555035978555679 242.85107231512666 173.56020423397422 13.558019980788229 46.545384999364614 31.647659808397293 37.225982762873173 368.34089877456427 8.7903315089642984 4.3230636678636065 11.238093443214892 71.236454047262669 37.134731709957123 389.18479797244072 28.92201267182827
leaf_count=51 2582 1167 724 1166 3549 21326 1120 2578 785 6009 3902 2132 330 76 40 97 3302 1667 106 373 150 224 2672 60 55 72 427 194 3674 307
internal_value=0.000180452 -0.00310318 0.00706972 -0.00815565 -0.00973235 -0.00639634 -0.0119868 0.00822457 0.00130859 0.00727224 0.00178659 -0.0160632 -0.0338732 -0.0290163 0.0153841 0.00683016 0.0173696 0.0116229 0.00378767 -0.0376291 0.0284391 -0.0048806 0.00786051 -0.0251872 -0.0185918 -0.0433827 0.0331091 -0.0427785 0.0351888 0.0163892
internal_weight=8293.18 6820.18 2263.25 4556.93 4438 3899.18 2820.67 1078.51 2075.22 1544.87 1417.62 530.347 538.826 478.959 1473 151.132 1391.67 916.092 671.295 60.1034 475.582 80.1117 611.192 379.215 81.3271 42.8858 244.797 48.082 395.47 33.2451
internal_count=60917 47603 14876 32727 31561 28573 22446 6127 13709 10696 9911 3013 2988 2658 13314 821 12707 8547 6453 479 4160 446 5974 2192 607 222 2094 245 3714 362
is_linear=0
shrinkage=0.05


Tree=61
num_leaves=31
num_cat=0
split_feature=16 15 15 13 10 4 15 15 9 11 11 13 5 16 7 12 10 15 16 2 11 1 11 12 16 6 12 4 5 4
split_gain=151.993 158.668 198.462 138.207 134.123 107.063 240.4 97.1651 104.976 87.7372 83.2168 77.8379 73.398 70.9332 66.5575 63.4814 50.735 48.8237 41.8052 37.2638 36.4073 34.3326 33.9764 33.1393 32.9494 28.5312 28.4298 26.2003 25.9125 26.425
threshold=0.34883496922447738 1.1359320000000002 -0.15547933117248722 0.51893600000000017 2.3392585000000006 0.84947225114345171 -3.7420669566421521 -0.14252315466331378 2.8529610000000001 5.3705650000000009 0.53336658983398733 0.38277573744128074 0.32380250000000005 1.1132125000000002 1.0089576624809551 0.8453320660451612 63.219024139932039 29.121680791723541 0.11336008305615382 0.061214238612158516 4.129261500000001 0.81767774622412481 2.0107560000000002 0.25053966004743866 0.14353900000000003 14.153852302673496 0.71562950000000003 -7.7470292291856531 0.53280529315051461 1.1734140447623844
decision_type=2 2 2 2 2 2 2 2 2 2 2 2 2 2 2 2 2 2 2 2 2 2 2 2 2 2 2 2 2 2
left_child=1 2 5 14 11 6 -1 18 -9 16 19 22 -11 15 20 -12 -7 -17 -5 -6 -4 -21 23 -2 -3 28 -24 -25 29 -26
right_child=4 24 3 7 10 9 -8 8 -10 12 13 -13 -14 -15 -16 17 -18 -19 -20 21 -22 -23 26 27 25 -27 -28 -29 -30 -31
leaf_value=-0.0087294644109569032 0.016040147840399071 0.030878088578669034 -0.016042563163636735 -0.023668704916668122 0.033042559606895922 -0.016696916109970577 0.056490844414948477 -0.024337348197132864 0.02841531226056454 0.015681590186743779 0.023384798350459687 -0.036808938865732319 -0.017136812955196735 0.030663075750547188 0.035597316500019661 -0.0017421020110029316 0.023283773775062522 0.090864289244106639 -0.049411914529893436 -0.046719610848225152 0.002560629813681865 0.0053052070111149945 0.018351529368804683 -0.09979086475599111 0.059807093609532597 -0.057612712605458333 -0.049918387026179872 -0.02295754702322762 0.083816040483522258 -0.0029149415364837991
leaf_weight=303.28938592225313 54.281881887465715 340.05861382931471 650.1421577706933 234.36245288327336 29.650593906641006 922.82381276041269 264.51450249180198 453.22458644583821 119.08492232859135 722.09434067085385 561.06206335127354 197.0123050622642 222.97715335339308 753.70437180623412 92.766662996262312 627.17209657654166 86.814970970153809 14.563246838748453 482.14586541987956 91.370896823704243 441.66275181621313 48.568980790674686 221.22292323037982 12.520795010030268 19.300456378608942 16.854234524071217 16.378465227782726 97.471277665346861 11.288362778723238 129.22817137092352
leaf_count=2069 382 1898 4409 1633 192 6549 2230 3677 764 4283 3732 1336 1469 5428 1581 4125 519 69 7078 533 3168 252 1640 69 149 103 110 677 64 729
internal_value=0.00017652 -0.00459858 -0.00732668 -0.0173907 0.00983655 0.00254137 0.0216538 -0.0287219 -0.0133607 -0.0030104 0.0157239 -0.011064 0.00793852 0.0186363 -0.00506239 0.0111 -0.0132591 0.000359465 -0.0409916 -0.0178749 -0.0085171 -0.0286633 0.001557 -0.0159275 0.0217775 0.00426068 0.0136455 -0.0317038 0.0107858 0.00523543
internal_weight=8237.61 5512.63 4995.9 2473.39 2724.98 2522.51 567.804 1288.82 572.31 1954.71 2126.09 598.888 945.071 1956.5 1184.57 1202.8 1009.64 641.735 716.508 169.59 1091.8 139.94 401.875 164.274 516.73 176.671 237.601 109.992 159.817 148.529
internal_count=60917 42372 39429 22310 18545 17119 4299 13152 4441 12820 14331 4214 5752 13354 9158 7926 7068 4194 8711 977 7577 785 2878 1128 2943 1045 1750 746 942 878
is_linear=0
shrinkage=0.05


Tree=62
num_leaves=31
num_cat=0
split_feature=9 7 7 0 4 4 3 0 10 3 0 3 3 9 4 7 3 2 7 16 12 1 0 13 9 9 9 7 9 16
split_gain=141.587 274.162 228.029 136.206 142.258 105.065 103.856 151.733 99.9251 97.9264 111.309 82.4266 74.2568 63.2375 67.989 63.9606 58.6653 55.0677 53.9111 49.9273 51.1053 54.597 45.9837 37.2034 35.0398 30.9953 30.2773 20.0523 26.4856 26.8355
threshold=3.2003294673042331 0.68521732518093581 0.68910450000000012 1.1632230000000001 6.3299480000000008 6.3299980000000007 189068030.4211657 2.6140940000000001 55.7894329369134 38920902.888339251 1.0277203899756442 1665868611.9550002 555307174.12286222 7.6871483118841581 2.3153350000000006 0.86698369409256137 -2128508895.617614 0.10682494775277827 0.87352362826642238 11.718802277185002 0.80566329890074206 0.68603907169666245 1.0902179281992246 1.2074310000000004 3.379789936379066 1.5756923310462658 2.1919999419003573 0.98948890815735857 -8.5960316116470672 -0.097703644840504353
decision_type=2 2 2 2 2 2 2 2 2 2 2 2 2 2 2 2 2 2 2 2 2 2 2 2 2 2 2 2 2 2
left_child=2 -2 3 9 6 11 17 -8 -7 10 16 -6 13 14 18 -15 -1 -5 -3 20 21 -14 -11 -17 -16 -12 -24 -4 29 -29
right_child=1 12 27 4 5 8 7 -9 -10 22 25 -13 19 15 24 23 -18 -19 -20 -21 -22 -23 26 -25 -26 -27 -28 28 -30 -31
leaf_value=-0.047920730693553903 0.067107046737797396 -0.013083019113078763 0.061313678921791404 -0.027142906231909597 -0.01420764995140357 -0.0047134237015915475 -0.0057321905068606991 0.027017781804865845 0.039660563234147149 -0.068996638191029899 -0.077178251253105942 -0.048536899646494928 -0.037738317574002755 0.057321335882238658 -0.02826694727043598 0.016653208911152975 -0.012369224899713285 0.037056532706807942 0.055135552622766773 0.047122511731051787 -0.048304310641348887 0.018950329595133725 -0.052804401567863049 -0.12348746940381544 0.025743702566989726 0.046772981676365309 -0.0097068179813318001 -0.16348066259948402 0.038705059284491222 0.0016401879284081531
leaf_weight=135.9457967877388 204.58048743754625 463.02119370922446 88.283390201628208 36.820407636463642 922.1324562355876 1334.3443551063538 1346.632323320955 479.63821258768439 140.1999255232513 120.12806012481451 5.3498197495937339 215.76972204819322 74.084586426615715 121.65026774257421 33.349683690816164 300.2751791253686 792.4637461937964 359.80155695974827 30.893262721598148 28.437226168811321 114.19293581321836 99.541432127356529 71.910633087158203 4.8116967231035224 301.59661043435335 88.092661712318659 94.052359752357006 2.9226221628487137 162.01743815839291 15.566028509289024
leaf_count=706 1678 3203 905 220 8060 11263 7185 2910 839 682 34 2202 465 1338 207 3527 4628 2277 441 175 943 546 450 29 2010 541 560 37 2637 219
internal_value=0.000168996 0.0126602 -0.00329163 -0.00526392 -0.00139181 -0.00930279 0.00790555 0.00286902 -0.000494337 -0.0195788 -0.0123397 -0.0207172 0.00557378 0.0110279 0.00297652 0.0266663 -0.017575 0.0310966 -0.0088161 -0.0160802 -0.0223248 -0.00523818 -0.0454351 0.014443 0.020366 0.0396765 -0.0283807 0.0417859 0.0322351 -0.0244615
internal_weight=8188.51 1776.43 6412.07 6143.28 4835.34 2612.45 2222.89 1826.27 1474.54 1307.94 1021.85 1137.9 1571.85 1255.6 828.861 426.737 928.41 396.622 493.914 316.256 287.819 173.626 286.091 305.087 334.946 93.4425 165.963 268.789 180.506 18.4887
internal_count=60917 14562 46355 42557 34956 22364 12592 10095 12102 7601 5909 10262 12884 10755 5861 4894 5334 2497 3644 2129 1954 1011 1692 3556 2217 575 1010 3798 2893 256
is_linear=0
shrinkage=0.05


Tree=63
num_leaves=31
num_cat=0
split_feature=14 16 9 7 7 15 13 10 9 7 1 15 16 12 7 11 11 7 15 10 3 13 10 12 10 1 5 9 10 13
split_gain=143.011 128.749 112.56 311.679 155.198 115.136 105.065 75.3323 68.3834 201.01 42.0968 41.7514 37.3472 33.3444 35.5532 32.939 27.0184 25.2102 25.0906 23.4997 22.4657 20.6864 20.6765 33.8442 16.7879 21.3601 15.8542 15.2811 15.2496 15.1831
threshold=-0.15434542046398916 4.1931887143493514 2.4657295647232109 0.5962169274950242 0.5962169274950242 2.2730589408986677 0.51893600000000017 2.1658809361532909 3.0122301492725514 0.6661016285111524 0.92516151214236675 -30.336928167116362 -0.31985295034411138 1.9353605000000003 0.31950668464203891 0.41478743555216274 0.53336658983398733 0.7048647291788529 10.799937800944576 29.161624031845459 5369046957.6150007 0.63476591864038612 5.4976820000000011 1.5382907974496058 14.990165678068415 0.69263822663687946 -0.30850005330640179 1.6650074504394852 7.8817664828771425 1.0893570000000004
decision_type=2 2 2 2 2 2 2 2 2 2 2 2 2 2 2 2 2 2 2 2 2 2 2 2 2 2 2 2 2 2
left_child=11 2 4 -4 5 6 -2 -7 10 -10 -5 17 13 14 -13 19 -6 28 -17 27 22 -19 23 -14 25 -20 -16 -3 -1 -24
right_child=1 15 3 8 16 7 -8 -9 9 -11 -12 12 20 -15 26 18 -18 21 24 -21 -22 -23 29 -25 -26 -27 -28 -29 -30 -31
leaf_value=-0.074975280065809904 -0.005022104040139838 0.059982558785846733 0.068516311307340358 -0.024845060298050774 -0.15283308408045193 -0.036419885911786062 -0.021417129783000421 0.021656741544075188 0.073007979030774481 0.00038894273105222503 0.0032567022076979025 -0.078207789230525349 0.019097351395540047 -0.12990823067344082 -0.055854122282128688 0.037795468363919602 0.049424196063888995 0.028555042329732008 0.046066790476753279 -0.072553566840920777 -0.071061895481260365 -0.10323269652778629 0.035713420617595845 -0.075689659700434647 0.027920561780211118 -0.094497292468757751 0.013265686317869677 -0.02094775025663544 0.0041938437309668444 -0.0013867385206497067
leaf_weight=23.343135029077533 2053.2619609199464 9.8185707554221171 179.18936339765787 372.34371060505509 1.6737656630575646 64.928646214306355 1864.5452276039869 398.73861158639193 102.55574778094888 1345.4554579369724 207.55245383828878 12.995528146624563 482.72584913298488 5.0640876777470103 8.9065069928765279 272.17219986394048 122.29757611453533 23.255490172654394 3.8126212805509594 12.48815795406699 6.2588483095169059 3.4149035438895217 349.17383474111557 9.6046808399260026 12.211099401116369 9.2837015539407712 121.07136330381036 14.368228495121 8.2260361611843091 29.941914904862642
leaf_count=109 12297 51 1143 2104 13 445 16824 2188 675 9769 1261 69 4593 36 79 2071 1372 277 33 70 31 26 3433 76 70 45 1396 76 44 241
internal_value=0.000165008 -0.0024358 -0.00394373 0.00530703 -0.00847542 -0.0100364 -0.0128248 0.0135241 -0.000278254 0.0055322 -0.0147871 0.0170722 0.0194105 -0.00382058 0.000645421 0.0278556 0.0466935 -0.0241095 0.0333676 -0.0168534 0.0233287 0.0116808 0.0240066 0.0172482 -0.0142531 -0.0535761 0.00852937 0.0119057 -0.054346 0.0327833
internal_weight=8130.68 7046.7 6712.54 2207.1 4505.45 4381.47 3917.81 463.667 2027.91 1448.01 579.896 1083.98 1025.74 148.037 142.973 334.155 123.971 58.2396 297.48 36.675 877.705 26.6704 871.446 492.331 25.3074 13.0963 129.978 24.1868 31.5692 379.116
internal_count=60917 50507 48091 14952 33139 31754 29121 2633 13809 10444 3365 10410 9954 1580 1544 2416 1385 456 2219 197 8374 303 8343 4669 148 78 1475 127 153 3674
is_linear=0
shrinkage=0.05


Tree=64
num_leaves=31
num_cat=0
split_feature=14 14 11 10 16 13 11 13 5 13 11 4 5 14 10 2 10 16 13 7 11 7 0 1 10 10 11 13 13 10
split_gain=136.537 244.656 91.2453 80.8425 98.875 78.1961 77.1358 87.8409 77.6474 84.2132 68.6052 58.9326 54.4192 50.1588 59.3001 45.7155 41.6938 45.235 44.6548 40.3245 39.678 35.1431 35.409 34.6534 32.0415 28.9623 27.5248 34.2276 27.4098 25.3096
threshold=0.075356761861594554 0.075600500000000015 5.6568360922709866 1.8019274957807558 0.3290070000000001 0.18479589708221381 4.129261500000001 0.67269457450725401 0.32380250000000005 1.9072695000000002 4.1176966072146834 -1.388992556604262 -0.024118731464683459 1.2395170985147359 21.255781600130508 1.0414531805223215 157.04495081613626 0.58503106464130616 1.1777240648102592 0.35204900000000006 0.41478743555216274 0.14854850000000003 5.4130900000000013 2.4001799177933312 26.994209000000001 3.8530750769973525 1.3047297858571791 0.36232102230492363 1.1078165000000004 76.233559549362596
decision_type=2 2 2 2 2 2 2 2 2 2 2 2 2 2 2 2 2 2 2 2 2 2 2 2 2 2 2 2 2 2
left_child=3 -2 11 5 6 -1 7 10 9 -8 -5 -3 25 14 -13 -10 17 -14 -18 -7 24 -22 -23 -15 -6 -4 -21 -28 -27 -9
right_child=1 2 12 4 20 19 8 29 15 -11 -12 13 16 23 -16 -17 18 -19 -20 26 21 22 -24 -25 -26 28 27 -29 -30 -31
leaf_value=0.010043843545897504 -0.054446164607745456 0.020456388897630115 0.00076460388050246856 -5.0314484199277346e-05 0.0088478643965736927 -0.058487672894623914 0.015865715188340717 -0.052306343291612149 -0.028366313968996939 -0.056812854008065218 -0.070614885038272096 -0.02146946051750398 -0.0090949815535733471 0.038205056307874928 0.0071866881588838957 0.012293257467738154 0.064394484702356578 0.01855805467609983 -0.043235416412201813 -0.060647562883651134 -0.014571675220985772 0.020967021300801424 0.06574073100183711 -0.01789742488221167 -0.052080980345669048 0.046351273793718645 0.0034747039005730736 -0.034556103442564767 0.0051847987590452563 0.0092888553234500484
leaf_weight=238.89246351644397 261.46261537447572 132.53705574572086 84.173710286617279 1074.3009263463318 60.426222041249275 78.822079978883266 1437.972956020385 123.4397135078907 195.14581122249365 40.993525240570307 35.585772033780813 1160.6085295416415 609.07679326832294 73.038965787738562 213.78944828733802 107.05774838849902 45.514989905059338 195.30862661637366 12.225556306540964 33.248045075684786 66.954488389194012 1202.1465063206851 45.841756343841553 44.170185782015324 33.562830328941345 153.59280472993851 143.92762473970652 100.45498768240213 54.883816257119179 19.282709270715714
leaf_count=2051 5466 786 521 7165 304 515 10599 793 1220 218 242 9574 4163 438 1414 681 254 1255 74 210 389 8703 341 378 177 900 1071 605 295 115
internal_value=0.000161305 -0.00820627 -0.00385566 0.005211 0.00752956 -0.0120911 0.0024463 -0.00706086 0.00913222 0.0138512 -0.00231279 -0.0114953 0.0068892 -0.0143344 -0.017012 -0.0139624 0.000565281 -0.00238069 0.0416057 -0.0269258 0.0184751 0.0207184 0.0226117 0.0170629 -0.0129094 0.025519 -0.017965 -0.0121581 0.0355137 -0.0439844
internal_weight=8078.44 3040.38 2778.92 5038.06 4442.71 595.345 3033.78 1252.61 1781.17 1478.97 1109.89 1624.14 1154.78 1491.61 1374.4 302.204 862.126 804.385 57.7405 356.453 1408.93 1314.94 1247.99 117.209 93.9891 292.65 277.631 244.383 208.477 142.722
internal_count=60917 25518 20052 35399 30947 4452 21033 8315 12718 10817 7407 12590 7462 11804 10988 1901 5746 5418 328 2401 9914 9433 9044 816 481 1716 1886 1676 1195 908
is_linear=0
shrinkage=0.05


Tree=65
num_leaves=31
num_cat=0
split_feature=14 14 14 10 10 5 3 15 15 4 10 12 12 0 1 9 9 11 7 4 5 6 3 3 9 6 3 12 5 1
split_gain=148.99 220.511 83.0521 82.2745 77.9354 72.1293 69.684 62.2256 153.008 100.44 56.7319 65.241 56.663 55.822 52.648 98.4429 60.9116 46.9419 42.1108 38.2644 36.79 49.797 41.7766 35.8401 35.4994 32.6945 31.6394 30.2989 29.2913 28.6337
threshold=0.075356761861594554 0.075600500000000015 -0.19357335052690453 5.4473263975973305 2.0592775000000003 0.26321496007116429 6762279253.9350004 -0.15355049999999998 -0.15547933117248722 1.0681181044507062 9.277035500000002 1.1689914063047546 0.5777232948149601 2.4680879717231048 1.1364290745526799 3.8307350000000002 2.1632502702547272 2.1866398665690361 0.30715595029598536 -8.1815948238373686 0.0015009840355846081 0.058215180481547425 4882846729.8306608 1841637884.1900003 1.4166905000000003 5.0997097532546407 1806963983.7350004 0.14175472882837417 0.06023976850563726 0.6444597680757933
decision_type=2 2 2 2 2 2 2 2 2 2 2 2 2 2 2 2 2 2 2 2 2 2 2 2 2 2 2 2 2 2
left_child=2 -2 19 12 18 7 14 8 -6 -9 11 -7 17 -12 15 -5 -16 25 27 28 22 -22 -14 26 -19 -3 -20 -4 -1 -25
right_child=1 3 4 6 5 10 -8 9 -10 -11 13 -13 20 -15 16 -17 -18 24 23 -21 21 -23 -24 29 -26 -27 -28 -29 -30 -31
leaf_value=0.013847154895850644 -0.054033705114025998 0.0017621504616213487 0.025557044649814745 -0.01543066798034836 0.014599042773745845 -0.0088769894124931178 -0.04796484250228935 0.060966305382479859 -0.01380123685365342 0.012654848433853731 -0.010314072688844451 -0.054390555693447556 -0.010121131533022026 0.027513722839973376 0.0090292506239985013 0.027995628825736543 0.050021792102404587 -0.017037078997967497 -0.0061892122121462488 0.027387849487204519 0.097101675033496898 -0.028285809689820852 0.078476941974690351 0.079059298474328146 0.036041181997284816 -0.045782171657693965 0.086276136060740846 -0.052559585860537307 -0.02528636591218816 -0.069739074905292783
leaf_weight=183.49886739626527 250.59930580109358 99.550521068274975 14.208521395921705 503.2118799239397 1215.9563613906503 255.52421594038606 63.347105573862791 124.9327409863472 777.4950073286891 774.72894989699125 256.7700622305274 113.80459147319198 323.70773094519973 157.25564644113183 574.36922845244408 176.19733657501638 107.59762913733721 42.154572825878859 388.90848851203918 537.3138871230185 8.0155036933720094 653.25311240926385 13.875620946288107 3.5784172117710105 124.64777129888535 56.784538969397545 9.4769110307097417 98.233432993292809 64.668479952961206 33.505595434457064
leaf_count=2121 5505 590 88 3105 7890 1716 584 1030 5503 4483 1489 766 2073 937 4233 1223 679 389 2617 5418 50 5696 76 16 773 581 50 656 506 188
internal_value=-0.000317107 -0.00913482 0.00495838 -0.00503842 0.00218238 0.00480416 0.00329733 0.0084484 0.00352224 0.0193637 -0.00865488 -0.0229015 -0.014022 0.00405372 0.00568264 -0.00416853 0.0154969 0.00417768 -0.0154097 0.0198879 -0.0199097 -0.0267659 -0.0064795 -0.00836602 0.0226272 -0.0155071 -0.00398962 -0.0426885 0.00364958 -0.0553808
internal_weight=8007.17 2997.31 5009.86 2746.71 4224.38 3676.47 1424.72 2893.11 1993.45 899.662 783.355 369.329 1321.99 414.026 1361.38 679.409 681.967 323.137 547.911 785.481 998.852 661.269 337.583 435.469 166.802 156.335 398.385 112.442 248.167 37.084
internal_count=61031 25557 35474 20052 27429 23814 9824 18906 13393 5513 4908 2482 10228 2426 9240 4328 4912 2333 3615 8045 7895 5746 2149 2871 1162 1171 2667 744 2627 204
is_linear=0
shrinkage=0.05


Tree=66
num_leaves=31
num_cat=0
split_feature=5 6 16 10 6 12 9 13 10 13 14 0 10 13 15 14 7 12 15 10 9 15 16 14 4 12 13 8 5 0
split_gain=139.21 200.701 133.013 108.881 99.1048 90.5852 61.5162 58.5327 92.6932 70.999 56.2745 61.7878 55.8361 41.1183 35.0768 33.411 35.771 28.3071 21.7114 22.2942 28.5859 20.0681 19.9032 19.6584 16.0466 13.4027 13.3532 13.303 13.1621 12.8607
threshold=0.025733500000000003 0.35638671174309011 2.6536810665080579 8.7031680595156562 5.2039180000000007 1.5685826984920868 2.9796723299171179 0.51893600000000017 4.3386910000000007 0.51895246327195366 -0.13505582127614882 2.1214590000000002 1.5706869434520849 0.17391308767980623 -0.15547933117248722 -0.20655143461530398 0.20821477633610458 3.0553140000000005 5.8630984763715972 13.981050000000002 3.4777496750662835 -0.11380299999999999 42.900875857984566 0.039743949968849314 33.043336538256433 0.36622397231329007 1.073172312237286 0.53232922460427823 0.0015009840355846081 8.8236480000000022
decision_type=2 2 2 2 2 2 2 2 2 2 2 2 2 2 2 2 2 2 2 2 2 2 2 2 2 2 2 2 2 2
left_child=4 -2 3 5 7 6 -3 12 22 -10 26 -12 13 29 -15 -14 -17 -11 24 20 -20 -7 23 -9 25 -4 -5 -21 -6 -1
right_child=1 2 18 10 28 21 -8 8 9 17 11 -13 15 14 -16 16 -18 -19 19 27 -22 -23 -24 -25 -26 -27 -28 -29 -30 -31
leaf_value=0.015986864458812668 0.062829343341034141 -0.015821518182298513 0.010381951635476526 0.030644820721339068 0.069768737726032801 -0.050654420014869452 0.0048349493496517458 -0.011527646962904066 -0.057503100287726844 0.014344808777307467 -0.0084118783360159263 0.012763998806187957 0.033454523248840261 0.0046112955155476294 -0.039437792465929628 -0.011213460448582332 0.015685411892951456 -0.022942708306886314 -0.082189953105274216 0.046202684779786965 0.053650187610177348 -0.023905866047171705 0.050285551139711809 -0.037214146271627078 -0.03859255202276253 0.042220786587508198 -0.014397257410536915 -0.033764775177625182 0.031389632264698215 -0.09086323148400062
leaf_weight=136.59935808554292 105.52427346631885 1971.1991632189602 40.740647960454226 169.71792420744896 67.295992460101843 194.36576740071177 441.07627638056874 121.58659388870001 39.928568495437503 598.69290233775973 1242.1322379689664 476.67061283253133 230.60656215623021 74.792845580726862 114.20354974269867 138.53085329756141 1146.3871963843703 55.628144312649965 14.051034327596428 20.063584990799431 5.3465778082609168 109.69480279460549 8.49785617738962 192.28344528004527 7.4151268713176242 175.17612757906318 18.221256203949451 7.0205056667327872 33.44038487225771 2.8754164949059478
leaf_count=1244 868 15963 247 1573 498 1428 3581 809 588 4071 8777 3913 2834 460 847 806 7973 332 75 119 45 810 55 1444 48 1235 120 40 210 18
internal_value=-0.000304831 -0.00539443 -0.0068658 -0.00885739 0.00828582 -0.0152863 -0.0120446 0.00656935 -0.00306319 0.00722486 0.00030114 -0.00253923 0.0118799 -0.00680887 -0.0220059 0.0159304 0.0127854 0.0111748 0.0272589 -0.00383082 -0.0447482 -0.0410044 -0.0252195 -0.0272637 0.0337295 0.0362132 0.0262779 0.0254742 0.0570284 0.013784
internal_weight=7959.77 4998.42 4892.89 4623.08 2961.35 2716.34 2412.28 2860.61 1016.62 694.25 1906.74 1718.8 1844 328.471 188.996 1515.52 1284.92 654.321 269.814 46.4817 19.3976 304.061 322.368 313.87 223.332 215.917 187.939 27.0841 100.736 139.475
internal_count=61031 38842 37974 36165 22189 21782 19544 21481 7299 4991 14383 12690 14182 2569 1307 11613 8779 4403 1809 279 120 2238 2308 2253 1530 1482 1693 159 708 1262
is_linear=0
shrinkage=0.05


Tree=67
num_leaves=31
num_cat=0
split_feature=14 14 16 10 9 7 10 3 9 13 9 4 0 1 9 5 9 7 4 7 4 5 3 14 16 7 14 9 13 13
split_gain=130.975 208.656 74.4311 77.1098 74.0188 78.9981 73.3309 88.9979 72.1677 70.4946 69.7648 62.2154 61.842 61.2783 70.1639 58.4342 54.9014 76.3839 32.1457 26.6226 25.022 18.204 17.4321 14.8715 11.5287 13.9696 6.43508 6.29508 5.5831 5.57771
threshold=0.075356761861594554 0.075600500000000015 4.1931887143493514 5.4473263975973305 0.85774762693530382 1.0089576624809551 5.4976820000000011 -1121640873.1996281 1.2999880000000001 0.39179250000000004 2.1218534170441909 6.3299480000000008 0.73519465079947 1.1364290745526799 3.8307350000000002 0.1676445 2.5277533272294437 0.60307015951865706 1.305347069639466 0.98948890815735857 25.034859500000003 0.13958834497918163 3629862518.5600004 0.15730075573196484 -0.61237117503100091 1.1452738429301828 0.19024800000000003 -1.8299724480872157 0.32491898667033176 0.51893600000000017
decision_type=2 2 2 2 2 2 2 2 2 2 2 2 2 2 2 2 2 2 2 2 2 2 2 2 2 2 2 2 2 2
left_child=4 29 3 16 19 6 8 12 11 -10 -9 -6 -8 14 -5 -15 18 -18 -3 -1 22 24 26 -22 25 -21 -4 -26 -24 -2
right_child=1 2 20 13 5 -7 7 10 9 -11 -12 -13 -14 15 -16 -17 17 -19 -20 21 23 -23 28 -25 27 -27 -28 -29 -30 -31
leaf_value=0.060955956200070827 0.040141457965821997 0.0054403874553559627 0.019128037008685966 -0.019378422811288584 0.0061349708165561586 0.053601012062650659 -0.0057539565938495895 0.0048305104993447813 0.0085956993911688543 -0.010286681817561732 0.023471007559380218 -0.041947219064140673 -0.064891690931531992 0.028947476760815945 0.017812331442615046 -0.00075492639113538531 0.081940177359937652 -0.0061264179184493742 -0.026214248098280775 -0.15365829955777921 0.026389733144915418 -0.13522126387726263 -0.062724572926078678 -0.08151572280351907 0.018452283220651872 -0.00019968208422612278 0.042896583327431868 0.043275295143738624 0.023927853075430473 -0.054311694299701008
leaf_weight=66.641886133700609 1.5734874419867981 89.623664788901806 38.333098404109478 476.12730604410172 99.632528986781836 77.301440395414829 305.57714159786701 1184.7755710110068 1052.0925162807107 932.30214601010084 870.94087952375412 207.17072176188231 51.684420466423035 290.95082818344235 172.86117400228977 384.29767967015505 26.540912736207247 340.51270724833012 762.97278987616301 1.688797216862439 5.3034600988030425 1.825082879513501 6.0229484662413579 8.0241765528917295 56.508893020451069 12.170056644827126 110.74978355318308 46.605053156614304 2.6887248232960701 234.84930019080639
leaf_count=726 11 439 270 2997 601 1359 2275 7117 7329 5791 6274 1494 297 1635 1207 3320 145 2148 6895 30 29 27 46 42 943 248 866 963 13 5494
internal_value=-0.000289442 -0.00863152 -0.00470844 -0.00685561 0.00466757 0.00346554 0.00264168 0.00872481 -0.00376476 -0.000275562 0.0127279 -0.0263328 -0.0143093 0.0014987 -0.00947249 0.0120432 -0.0159263 0.000241501 -0.0228868 0.0356615 0.0272112 0.0214722 0.0327678 -0.038577 0.023917 -0.0188997 0.0367851 0.0296717 -0.0359806 -0.0536831
internal_weight=7918.35 2951.43 2715.01 2543.89 4966.92 4781.48 4704.18 2412.98 2291.2 1984.39 2055.72 306.803 357.262 1324.24 648.988 675.249 1219.65 367.054 852.596 185.44 171.122 118.798 157.795 13.3276 116.973 13.8589 149.083 103.114 8.71167 236.423
internal_count=61031 25557 20052 18786 35474 32537 31178 15963 15215 13120 13391 2095 2572 9159 4204 4955 9627 2293 7334 2937 1266 2211 1195 71 2184 278 1136 1906 59 5505
is_linear=0
shrinkage=0.05


Tree=68
num_leaves=31
num_cat=0
split_feature=16 14 14 5 6 11 11 9 9 1 4 11 9 13 15 15 16 13 1 15 4 1 14 9 15 12 4 7 12 8
split_gain=122.082 134.318 180.789 73.6036 90.0204 72.0375 66.5285 55.0369 54.2121 49.6767 47.5352 44.2041 44.1161 43.119 42.724 73.8106 39.2467 40.2429 38.9452 28.6498 28.0846 23.5506 20.8237 20.361 20.275 19.3527 18.8435 14.9346 14.5455 13.6339
threshold=2.6536810665080579 0.075356761861594554 0.075600500000000015 0.025733500000000003 0.49989051574029614 6.3133492838083827 1.1655376583108044 0.85774762693530382 2.9796723299171179 1.1451194053393503 0.48382297098320504 0.41478743555216274 2.4284160000000008 0.74723773910913194 -0.15355049999999998 -0.15547933117248722 -0.39460832587882438 0.2873118968390494 0.76542824174547464 5.8630984763715972 0.48382297098320504 0.89550854096279131 0.15391500000000002 1.6650074504394852 -0.15355049999999998 0.071502200873157992 33.043336538256433 0.98948890815735857 0.98704350000000007 1.0370936484885964
decision_type=2 2 2 2 2 2 2 2 2 2 2 2 2 2 2 2 2 2 2 2 2 2 2 2 2 2 2 2 2 2
left_child=1 3 -3 6 -5 10 16 27 -9 18 24 21 -11 -12 15 -8 29 -18 -7 25 -16 23 -21 -2 -4 -13 28 -6 -27 -1
right_child=11 2 5 4 7 9 14 8 -10 12 13 19 -14 -15 20 -17 17 -19 -20 22 -22 -23 -24 -25 -26 26 -28 -29 -30 -31
leaf_value=-0.090975077940904689 0.046348308383274056 -0.053695907375288912 0.0058513273902466639 0.047583762385077645 0.064286989400399466 0.0053673955877752205 0.022981080609055987 -0.008303939070725198 0.0082334052274101958 0.0066729047238982464 -0.011776935296325756 -0.064798392286909132 0.042097044439259657 -0.032974600688552576 0.059749928788430967 -0.0019613693114505482 0.0054405831278166407 -0.047572658237194754 -0.025769754710745579 0.018567373574499609 0.02340203528752452 0.02669236130690433 -0.044990087293344028 -0.062103045321519161 0.061565923880878663 0.029410738843558121 -0.029082999488936508 0.015963556339374088 0.050068862870636971 0.0022722820388031634
leaf_weight=20.289576739072803 5.1172511503100386 225.00593855045736 140.16334002092481 89.74520967155695 35.234779428690672 214.14389073848724 581.53028579801321 2081.984796218574 650.37787700071931 425.03610290959477 1061.7224221229553 4.956389680504798 110.80151883140206 309.93202662095428 64.245612613856792 605.37405198812485 155.92871055006981 46.465736877173185 189.10587196797132 34.596031408756971 307.52574895322323 17.223590336740017 20.538018930703402 28.053574442863464 18.482296817004681 247.1299082506448 11.268324695527552 29.27188728004694 130.04932636395097 4.8587404489517203
leaf_count=108 31 5501 763 877 367 1276 4548 12162 5206 2953 8688 40 631 2841 650 5472 1023 255 1120 233 1971 93 129 171 128 2029 78 526 1079 82
internal_value=-0.000277474 -0.00189848 -0.0107894 0.00322808 -0.00170823 -0.00687979 0.0112054 -0.0032899 -0.00436759 0.0040218 -0.0135697 0.0236582 0.013998 -0.0165667 0.0148923 0.0102593 -0.0140499 -0.0067302 -0.00923452 0.0286468 0.0296833 -0.0207423 -0.00510846 -0.0453723 0.0123421 0.0333774 0.0346301 0.0423587 0.0365335 -0.0729594
internal_weight=7866.16 7367.23 2694.39 4672.83 2886.61 2469.39 1786.22 2796.87 2732.36 939.087 1530.3 498.932 535.838 1371.65 1558.68 1186.9 227.543 202.394 403.25 448.538 371.771 50.3944 55.1341 33.1708 158.646 393.404 388.448 64.5067 377.179 25.1483
internal_count=61031 57148 23901 33247 19138 18400 14109 18261 17368 5980 12420 3883 3584 11529 12641 10020 1468 1278 2396 3588 2621 295 362 202 891 3226 3186 893 3108 190
is_linear=0
shrinkage=0.05


Tree=69
num_leaves=31
num_cat=0
split_feature=13 13 10 11 5 16 5 13 11 10 0 12 11 7 15 16 14 15 2 8 6 13 7 0 6 10 16 8 15 15
split_gain=114.143 199.88 148.382 117.414 127.117 73.6589 63.0123 57.9895 104.77 56.8345 69.4913 56.4585 53.2399 48.974 47.8029 56.1129 43.766 46.6551 42.4915 40.6431 38.6417 37.9654 41.1584 34.7864 37.1567 34.2561 34.1607 31.3495 28.214 27.3331
threshold=0.51893600000000017 0.51895246327195366 5.3945740000000013 1.7704073778535259 0.1676445 1.2339437610811819 0.1676528396078385 0.77332900000000004 4.7569991667050182 1.9190133623401653 1.4149745000000002 0.89796578741171584 140.92289800000003 0.83550431905461242 0.64567461127417125 0.90730000000000011 0.015680279043008529 -0.15355049999999998 0.25152200000000008 0.091273500000000021 25.498611002752597 0.23361079704080273 0.41288100000000011 1.7903150000000003 5.1567338390551098 2.3071603516025867 0.69304396761210663 0.95701818669339167 29.121680791723541 0.21003550000000001
decision_type=2 2 2 2 2 2 2 2 2 2 2 2 2 2 2 2 2 2 2 2 2 2 2 2 2 2 2 2 2 2
left_child=3 -2 14 11 9 7 -6 20 -9 21 13 16 19 -11 15 18 17 -1 -3 -8 -4 -5 -23 27 -25 -17 28 -18 -16 -19
right_child=1 2 5 4 6 -7 12 8 -10 10 -12 -13 -14 -15 26 25 23 29 -20 -21 -22 22 -24 24 -26 -27 -28 -29 -30 -31
leaf_value=-0.0057280631240975016 -0.053965283196480821 -0.040422502284574779 0.014472597918707001 0.018121788584980661 -0.062533810678698412 0.037020880274211111 -0.052531264756709495 -0.037268944681412279 0.0015757956622951164 0.00593794239195074 0.032372519555668812 -0.070922185300314119 -0.061264278253666829 0.03150416117291626 0.0071242326887255075 -0.0543718521244482 -0.039660908096412088 0.049841656077766971 -0.017327149896488155 0.0025027562570979454 -0.027821151014556119 -0.044210586890708628 0.00072535899334721997 0.01268542080726294 -0.023991635014551361 0.029643834978873046 -0.025938542643560838 0.028119903909547769 0.083004308008655978 0.0090897345056141481
leaf_weight=540.55131186544895 213.63659875839949 371.32934448495507 752.24183980748057 180.40501664951444 45.025401052087545 156.57969591394067 34.888560902327299 217.51783506572247 859.46317263692617 757.12315509840846 749.80297105759382 34.688488755375147 36.422036910429597 248.89171192422509 164.61144740879536 14.70936970040202 186.62615312635899 64.248796597123146 429.52119774930179 872.97345125302672 58.183404177427292 70.926670003682375 180.99512789398432 133.38934091106057 143.17197657003999 69.261730376631021 83.871211670339108 18.775374740362167 13.235345274209974 114.43079403787851
leaf_count=3692 5486 2634 5421 1621 487 1175 310 1673 5687 5177 4930 226 248 3842 1114 94 1148 384 3808 5712 454 475 1239 753 1259 479 593 138 65 707
internal_value=-0.000264851 -0.00714408 -0.00400895 0.00504134 0.0101276 0.00406684 -0.00474561 0.00133296 -0.00626968 0.0168521 0.0208506 -0.00803532 -0.00199015 0.0122631 -0.018406 -0.0239585 -0.00621926 0.00159351 -0.0280357 0.000387834 0.0114362 0.000612588 -0.011926 -0.0178782 -0.00630178 0.0149267 0.000366134 -0.0334652 0.0127712 0.0237431
internal_weight=7817.5 3404.16 3190.53 4413.34 3177.45 2043.99 989.309 1887.41 1076.98 2188.14 1755.82 1235.88 944.284 1006.01 1146.54 884.822 1201.19 719.231 800.851 907.862 810.425 432.327 251.922 481.963 276.561 83.9711 261.718 205.402 177.847 178.68
internal_count=61031 28683 23197 32348 24041 14410 6757 13235 7360 17284 13949 8307 6270 9019 8787 7015 8081 4783 6442 6022 5875 3335 1714 3298 2012 573 1772 1286 1179 1091
is_linear=0
shrinkage=0.05


Tree=70
num_leaves=31
num_cat=0
split_feature=9 9 7 0 7 10 13 9 3 3 9 7 6 9 13 5 7 3 7 9 4 9 9 2 13 5 0 7 15 6
split_gain=114.501 107.702 310.126 109.673 137.204 112.114 147.143 127.809 90.237 80.0947 79.9583 197.209 75.8992 72.7186 56.91 46.4798 42.9767 33.9043 28.2146 18.2088 15.8021 14.3427 14.1376 13.1644 13.0518 15.0767 16.4751 12.0374 13.736 11.4789
threshold=0.85774762693530382 2.4657295647232109 0.5962169274950242 1.3959929881925082 0.59969609433139215 1.4485190000000003 0.34288502311716429 1.4441135000000003 2011094513.7400002 598208429.8320024 2.9496620941693679 0.65903936204372748 -23.177528310706531 4.893503882638683 0.17023308122663894 -0.0081598658382599411 0.66274960126998372 5369046957.6150007 0.98948890815735857 -5.4649685791829237 6.3299980000000007 2.2679356444345786 2.4856060517015774 0.042726487825991068 0.26228808523193142 -0.058998979751076673 0.31886799573206148 0.59305722871388611 -0.49593349999999997 11.816183500000003
decision_type=2 2 2 2 2 2 2 2 2 2 2 2 2 2 2 2 2 2 2 2 2 2 2 2 2 2 2 2 2 2
left_child=18 3 22 4 9 14 8 -8 -7 12 15 -12 -2 -13 20 17 -17 -4 -1 24 -5 -16 27 -11 -20 -26 -27 -3 -29 -21
right_child=1 2 10 5 -6 6 7 -9 -10 23 11 13 -14 -15 21 16 -18 -19 19 29 -22 -23 -24 -25 25 26 -28 28 -30 -31
leaf_value=0.061478176838280552 0.050089456318764138 0.069013014405638451 -0.00026387549759430848 -0.0073679853113794358 0.060997317202277204 0.023362784087381641 -0.019347237560390185 0.0040372526444615595 -0.020166543528592661 0.019851183935210515 0.068982696964651521 -0.0066711077771244983 -0.0193794399962532 0.013709212346304085 -0.056513785891256635 -0.026390782854073772 0.067526347220136396 0.070396937393394823 0.019184062389830212 0.035559897770690622 0.059283705942046322 0.0037149277092065492 0.068741478778702389 -0.05980002018198121 -0.17966814770991679 -0.1820066775993168 -0.0042147365334033789 0.050985882540435651 -0.041210626266578107 -0.11294876008567988
leaf_weight=75.231760986149311 40.841359172016382 11.859735500067474 144.19083415344357 53.659314125776291 52.724056962877512 860.4662043005228 984.55279651470482 1437.3532051648945 138.1774711869657 5.3930339999496928 119.68513630516827 956.14595229737461 1054.4463937878609 807.18616046570241 142.8941835090518 395.60903597809374 12.567981258034704 19.241433940827847 16.152121208608154 92.679806929081678 10.659139700233935 10.619331549853085 191.77477616071701 136.09855569899082 1.8549500666558749 1.4890507236123056 10.428640503436325 7.7160127758979824 8.4796691499650461 1.3197096325457085
leaf_count=827 265 77 938 309 672 5345 9363 11553 892 28 938 6180 6689 8476 998 2411 124 94 251 1809 52 63 1484 991 18 30 154 34 56 13
internal_value=-0.000100766 -0.00108118 0.00699715 -0.00546544 -0.0179949 -0.00102479 0.00119013 -0.00546901 0.0173398 -0.0213623 0.00190182 0.00687383 -0.0167891 0.00265823 -0.0358051 -0.0144771 -0.023499 0.00805526 0.0373243 0.0226609 0.00367783 -0.0523475 0.0638916 -0.0567641 -0.0113078 -0.0470677 -0.0264289 0.0307403 0.00271401 0.0334749
internal_weight=7801.5 7602.34 2674.46 4927.89 1289.5 3638.38 3420.55 2421.91 998.644 1236.78 2454.63 1883.02 1095.29 1763.33 217.832 571.609 408.177 163.432 199.156 123.924 64.3185 153.514 219.83 141.492 29.9248 13.7726 11.9177 28.0554 16.1957 93.9995
internal_count=61134 58032 20812 37220 8645 28575 27153 20916 6237 7973 19161 15594 6954 14656 1422 3567 2535 1032 3102 2275 361 1061 1651 1019 453 202 184 167 90 1822
is_linear=0
shrinkage=0.05


Tree=71
num_leaves=31
num_cat=0
split_feature=16 15 15 3 10 3 3 2 6 15 4 3 0 8 13 10 0 10 3 12 4 10 16 1 4 13 15 15 3 0
split_gain=107.818 116.949 152.792 126.284 93.1535 104.306 96.1334 103.949 91.4665 100.106 108.463 83.1503 97.0722 75.1009 64.7731 63.5406 62.8991 57.3485 77.431 70.0974 50.3221 48.6091 37.2634 30.5104 38.5851 30.2681 27.4136 34.8846 27.4992 26.266
threshold=0.3357070287362392 1.1359320000000002 -0.15547933117248722 832347534.31500018 2.3392585000000006 2616390865.6350007 -306787686.60867286 0.095907871498461819 5.2033459752417643 -0.15355049999999998 1.0681181044507062 109215363.13407458 1.3326110000000002 0.93884819485221727 0.38857950000000002 63.219024139932039 1.3864300000000001 5.3945740000000013 -2128508895.617614 1.3423714067975865 6.428812619860957 248.59772398159285 7.9760259773381881 0.76542824174547464 6.3008315811964453 0.51893600000000017 -7.4539195280007355 -0.15547933117248722 83000144.162370533 2.6140940000000001
decision_type=2 2 2 2 2 2 2 2 2 2 2 2 2 2 2 2 2 2 2 2 2 2 2 2 2 2 2 2 2 2
left_child=1 2 3 17 14 6 7 -6 9 13 -11 -8 -13 -4 26 25 -5 19 -19 -1 -17 -18 23 -7 -25 -10 -2 -28 -29 -3
right_child=4 29 8 16 5 22 11 -9 15 10 -12 12 -14 -15 -16 20 21 18 -20 -21 -22 -23 -24 24 -26 -27 27 28 -30 -31
leaf_value=0.0038495136505456613 -0.070658458823022949 0.013096971025873941 -0.024980458795218732 -0.057892580499915615 0.018991965195504942 -0.059396258805996582 0.039341944272677704 -0.049453937778438872 -0.020981122675068953 0.063128017947226084 -0.00017330631405710741 -0.021369591953497337 0.019925832266110249 0.011434729061172745 -0.034213351806194177 -0.022591459505865087 -0.014593233378728549 -0.017099153211955747 0.021966820172929766 -0.043673953611627604 0.044630281803948665 0.054499697182719402 0.026978582028857626 0.014512228613143061 -0.042092277939492231 -0.040782490451625047 0.032781271393645041 0.016140804017071072 -0.015625240519607828 0.041649773337963922
leaf_weight=647.77916335687041 12.616093866527079 376.40190472453833 696.79838495887816 83.082599297165871 115.25704503618181 57.258812356740236 451.80477593652904 106.93851464241743 316.36688574030995 82.71916377171874 371.95342133194208 165.67302164435387 1009.0819823779166 177.69189058989286 183.44592352584004 63.335887955501676 507.42109034024179 147.90871172398329 890.4711424857378 88.152801129966974 49.677480200305581 26.800507083535194 35.179446637630463 57.593891814351082 63.080853834748268 494.87184522300959 83.467045947909355 108.15458865091205 184.09642726182938 102.47242923825979
leaf_count=4706 84 2226 5231 569 1306 408 3750 714 2425 786 2282 968 6537 2743 1327 549 3863 1129 6127 579 407 147 231 298 545 7710 594 1087 1199 607
internal_value=-9.32896e-05 -0.00431931 -0.00674472 0.00205769 0.00812866 0.0130806 0.0168988 -0.0139498 -0.016087 -0.00768683 0.0113432 0.0211128 0.014102 -0.0175811 -0.00972826 -0.0281672 -0.0174212 0.00883461 0.0164022 -0.00184303 0.00695732 -0.011127 -0.0200423 -0.0293388 -0.0150769 -0.0330604 0.0018383 0.00427264 -0.00386944 0.0192069
internal_weight=7757.55 5123.91 4645.03 2391.62 2633.65 2061.87 1848.76 222.196 2253.41 1329.16 454.673 1626.56 1174.76 874.49 571.78 924.252 617.304 1774.31 1038.38 735.932 113.013 534.222 213.113 177.934 120.675 811.239 388.334 375.718 292.251 478.874
internal_count=61134 42086 39253 17120 19048 14757 13275 2020 22133 11042 3068 11255 7505 7974 4291 11091 4579 12541 7256 5285 956 4010 1482 1251 843 10135 2964 2880 2286 2833
is_linear=0
shrinkage=0.05


Tree=72
num_leaves=31
num_cat=0
split_feature=9 16 16 16 11 3 11 3 3 0 0 7 0 3 0 0 11 8 0 9 9 0 7 16 14 9 5 14 5 6
split_gain=104.163 104.304 134.69 263.488 84.9727 77.2978 64.1482 61.2199 147.968 131.2 121.609 70.5473 59.29 57.5806 90.3855 51.8895 45.9709 60.2709 44.6516 42.0155 41.8887 35.5353 27.6504 25.0337 18.5096 17.1012 16.4518 13.7441 12.4298 11.6811
threshold=0.85774762693530382 0.18050250000000004 0.11336008305615382 0.11364250000000002 4.129261500000001 2867818415.9630742 4.1176966072146834 -306787686.60867286 109215363.13407458 0.82303159893494071 1.3676685000000004 0.69280811539301823 1.0715356368816813 869824588.09466684 1.2085950858786947 1.3326110000000002 0.59432750000000012 0.57312650000000009 1.2626838425691698 1.5978938691557818 2.4284160000000008 1.5804180000000001 0.98948890815735857 3.4271025532330035 0.0028343131417539881 -5.4649685791829237 -0.017405636618055515 -0.20655143461530398 0.12081100000000002 -0.19090649999999995
decision_type=2 2 2 2 2 2 2 2 2 2 2 2 2 2 2 2 2 2 2 2 2 2 2 2 2 2 2 2 2 2
left_child=22 2 4 24 6 7 19 9 12 11 -10 -3 -9 14 -6 -15 -7 23 -19 -2 21 -5 -1 -18 29 28 -22 -8 -24 -4
right_child=1 5 3 20 13 16 27 8 10 -11 -12 -13 -14 15 -16 -17 17 18 -20 -21 26 -23 25 -25 -26 -27 -28 -29 -30 -31
leaf_value=0.060867789314968383 -0.021369128217622203 -0.030348201966132506 -0.17595659497498212 -0.034056524810928059 -0.0012222771750817658 -0.053482578901829836 -0.17089615694157567 0.018778296942287189 -0.022008100151063234 -0.090360413944395146 0.009300789265403198 0.016295165912947614 0.049174475267359491 -0.054627743038046343 0.023888373284945915 -0.004106969142005994 -0.045160796251485891 -0.042958459356267575 0.032976205318382572 -0.002374767448953102 0.043342752754458036 -0.00065273247934288185 -0.0040873970897338146 0.032910730869680306 -0.056047970959106477 0.032475954870372185 0.0083471986504658445 -0.055643865396924591 -0.15743308252054522 -0.084488352441737982
leaf_weight=71.726032050326467 444.36078000627458 126.26218322664499 3.9519679658114901 124.70310759916902 818.79721440374851 73.703650150448084 2.7026591561734667 413.06528912857175 377.81172855570912 45.791919685900211 1731.7879854869097 226.47228804603219 262.30537391267717 59.694815967231989 637.28169145435095 342.06722741946578 88.670700799673796 24.583272915333509 91.109600126743317 844.33568403869867 44.629512317478657 220.2152219042182 28.39984600245953 11.612538389861582 283.62099355831742 90.152543345466256 135.69178885966539 60.323836248368025 1.3859725035727013 29.88960325717926
leaf_count=827 3596 745 22 811 5998 503 20 3376 2255 241 11571 2392 1910 414 4230 2453 784 174 564 5759 350 1618 442 72 6480 1822 986 560 11 148
internal_value=-8.95637e-05 -0.00101662 -0.00646626 -0.0242562 -0.00179534 0.00534166 -0.0113331 0.00759174 0.0102146 -0.0107376 0.00369363 -0.000400944 0.0305838 0.00514413 0.00976789 -0.0116135 -0.019386 -0.00775027 0.016841 -0.00892429 -0.00252015 -0.0127297 0.0363099 -0.0361203 -0.0602184 0.0216237 0.0170086 -0.060586 -0.0112228 -0.0951699
internal_weight=7717.11 7525.44 4052.27 842.702 3209.56 3473.18 1351.72 3183.5 2784.97 398.526 2109.6 352.734 675.371 1857.84 1456.08 401.762 289.68 215.976 115.693 1288.7 525.24 344.918 191.664 100.283 317.463 119.938 180.321 63.0265 29.7858 33.8416
internal_count=61134 58032 33445 10415 23030 24587 9935 22490 19112 3378 13826 3137 5286 13095 10228 2867 2097 1594 738 9355 3765 2429 3102 856 6650 2275 1336 580 453 170
is_linear=0
shrinkage=0.05


Tree=73
num_leaves=31
num_cat=0
split_feature=9 9 7 7 2 13 9 7 9 7 9 10 3 5 9 7 3 7 9 9 16 13 7 15 9 6 5 11 11 12
split_gain=96.7517 98.6073 285.332 88.667 93.0406 96.3882 75.9252 87.1488 71.7943 184.206 70.8527 57.4093 46.465 41.2229 40.5621 38.9432 30.4124 26.9374 15.9944 13.8847 11.5242 12.4398 11.4506 11.9459 10.5972 10.4014 10.0113 8.02062 5.6395 11.2079
threshold=0.85774762693530382 2.4657295647232109 0.5962169274950242 0.59969609433139215 0.33316911716313941 0.49293316652313363 1.2348320000000002 0.18979791466350457 2.9496620941693679 0.66274960126998372 3.7024410953455331 35.658576327853787 -823352822.41731453 -0.0081598658382599411 2.083859051068826 0.66274960126998372 5369046957.6150007 0.98948890815735857 -5.4649685791829237 2.4856060517015774 -0.88752678526865225 0.26228808523193142 0.59305722871388611 -0.43952950022580295 2.9796723299171179 11.816183500000003 -0.058998979751076673 0.47719950000000005 1.1655376583108044 0.37340149279111806
decision_type=2 2 2 2 2 2 2 2 2 2 2 2 2 2 2 2 2 2 2 2 2 2 2 2 2 2 2 2 2 2
left_child=17 3 19 4 5 12 11 -8 13 24 -11 -6 -2 16 -7 -15 -4 -1 20 22 -19 27 -3 -24 -10 28 -23 -22 29 -20
right_child=1 2 8 -5 6 14 7 -9 9 10 -12 -13 -14 15 -16 -17 -18 18 25 -21 21 26 23 -25 -26 -27 -28 -29 -30 -31
leaf_value=0.060336647717793096 -0.04267633970278107 0.067919130786113682 -0.00037722780734126085 0.060539157634586074 -0.021796814656811603 -0.036314748896707938 0.084696100766193633 0.0021629939499983142 0.030761351771869963 -0.013961224811009266 0.0086137592603296662 0.021878591372280806 -0.0006641795378915967 -0.024953936754468817 -0.012836343707044002 0.066586668611253383 0.066122264240790499 -0.1472472170745395 0.023998774483801652 0.067717037911705871 -0.072259087874034969 -0.1450145233351148 0.045646929628214726 -0.040905449533843445 0.067813378292471069 -0.10666861973178035 -0.020638007921764873 0.042430945242682483 0.038597067355202332 -0.10983429194605998
leaf_weight=68.81333545409143 71.539377473294735 11.322896055877209 142.5187074560672 50.775138745084405 563.11090546473861 514.10809286683798 32.410487990826368 2435.8395151458681 23.086383884772658 485.15223676152527 1225.6200240533799 86.843561938032508 822.30450608208776 389.92446977086365 286.4634813554585 11.975161466747521 19.551799971610308 1.4672009758651281 8.499683875590561 182.66240096837282 1.7301833704113985 1.8683837652206428 7.9358006343245515 8.0108971204608661 117.5907142944634 1.3369843028485764 12.068244725465771 12.816217143088577 75.979407548904419 1.9172276221215714
leaf_count=827 362 77 938 676 5022 4690 194 18717 142 3011 11466 589 4868 2411 2102 124 94 22 154 1484 12 17 36 54 975 13 183 219 1630 25
internal_value=-8.68827e-05 -0.000972782 0.00683623 -0.00518823 -0.00588168 -0.0153127 -0.00075693 0.00324673 0.0019767 0.00673433 0.00221179 -0.0159611 -0.00402665 -0.0136421 -0.0279136 -0.0222264 0.00764511 0.0354862 0.0209554 0.0627487 -0.0105931 -0.00355386 0.0294686 0.00216694 0.0617328 0.0317254 -0.0373123 0.0287894 0.033867 -0.000633138
internal_weight=7675.24 7488.75 2625.35 4863.4 4812.62 1694.42 3118.2 2468.25 2415.42 1851.45 1710.77 649.954 893.844 563.97 800.572 401.9 162.071 186.497 117.684 209.932 29.9502 28.483 27.2696 15.9467 140.677 87.7333 13.9366 14.5464 86.3963 10.4169
internal_count=61134 58032 20812 37220 36544 12022 24522 18911 19161 15594 14477 5611 5230 3567 6792 2535 1032 3102 2275 1651 453 431 167 90 1117 1822 200 231 1809 179
is_linear=0
shrinkage=0.05


Tree=74
num_leaves=31
num_cat=0
split_feature=10 12 3 7 3 10 16 15 15 11 11 3 3 3 7 0 16 9 0 5 4 6 7 0 9 3 3 0 9 3
split_gain=92.241 110.426 101.023 81.7844 76.6984 75.0909 72.0344 86.791 135.043 67.9496 65.4345 62.7625 59.8046 83.2279 66.8387 61.3413 59.3884 56.2058 52.7451 48.8342 58.0367 43.9225 38.472 36.0113 34.6714 34.0703 41.344 28.2495 46.8911 26.6345
threshold=5.3945740000000013 0.66735139968648649 13005157313.35 0.2751262988713094 1315777783.1591022 1.5706869434520849 0.18050250000000004 0.56836300000000006 -0.15547933117248722 1.6763310000000002 1.3721235000000003 832347534.31500018 -306787686.60867286 118515038.62113485 0.70040250000000015 1.280084518750821 0.10726375161161604 1.3851539704638784 3.3350245000000007 0.25898500000000008 105.51857450000001 5.2033459752417643 0.22954700000000003 0.85244037734804612 3.3275263975341312 4198057687.5939326 5959136460.7700014 0.65693452993893608 24.653083982779723 869824588.09466684
decision_type=2 2 2 2 2 2 2 2 2 2 2 2 2 2 2 2 2 2 2 2 2 2 2 2 2 2 2 2 2 2
left_child=1 3 6 17 9 27 7 8 11 -3 -7 -2 14 -14 24 -15 -10 21 25 20 -11 -1 -20 -16 -8 -6 -27 -5 -29 -12
right_child=2 4 -4 5 18 10 12 -9 16 19 29 -13 13 15 23 -17 -18 -19 22 -21 -22 -23 -24 -25 -26 26 -28 28 -30 -31
leaf_value=0.0034293497681497178 0.014141349628209891 -0.050570585411767045 -0.060441506625648067 0.024542954540826757 -0.060414777977000705 -0.0040237713589886337 -0.047682819095144505 0.025532764336519544 -0.0085117310703922647 -0.0055965647223998639 0.034173996639461586 -0.013286425057232279 0.038105111990622234 -0.023344409421676295 0.019520973483114917 0.015103559506774424 -0.035918286643643847 0.071745092169051103 -0.035838820763276089 -0.027726478184660286 0.055052926379237178 -0.033738379873439785 0.058034091324598906 -0.093750666574302977 0.056349989921219916 0.025047210870305276 -0.05973410489052712 -0.01003195999215066 -0.19522274950500879 0.0092741007168544807
leaf_weight=120.82582679390907 898.5848877504468 96.973601054400206 57.908868167549372 62.608273796737194 163.09859390743077 219.8082445897162 95.627608843147755 299.97337776236236 552.24909072741866 1349.0287274774164 435.16229920648038 271.62036393024027 379.4382328633219 117.32925599440932 135.5731757171452 895.68141437880695 307.85776476562023 17.11955401301384 21.68582359701395 252.4964592307806 40.632753908634186 232.32479993999004 21.974144406616688 7.3997311294078818 8.7409289032220823 29.93087350949645 27.676518451422453 372.84763257205486 3.4497815147042266 142.58578165993094
leaf_count=799 6329 783 505 973 1393 1442 516 1838 4484 10305 3853 2020 3076 714 1560 5682 5523 109 262 2525 323 1978 162 38 91 223 271 2446 33 878
internal_value=-7.96705e-05 -0.00588347 0.0051222 0.00388129 -0.0137145 0.0100544 0.00607854 0.000428776 -0.00328027 -0.00990024 0.019195 0.00777499 0.0141073 0.0181317 -0.00854872 0.0106504 -0.0183214 -0.0167328 -0.0388063 -0.00749856 -0.00382321 -0.0210219 0.0114076 0.0136585 -0.03897 -0.0487396 -0.0156846 -0.00655557 -0.0117297 0.0280288
internal_weight=7638.21 3610.23 4027.98 1606.73 2003.5 1236.46 3970.08 2330.29 2030.31 1739.13 797.556 1170.21 1639.79 1392.45 247.341 1013.01 860.107 370.27 264.366 1642.16 1389.66 353.151 43.66 142.973 104.369 220.706 57.6074 438.906 376.297 577.748
internal_count=61134 28758 32376 12511 16247 9625 31871 20194 18356 13936 6173 8349 11677 9472 2205 6396 10007 2886 2311 13153 10628 2777 424 1598 607 1887 494 3452 2479 4731
is_linear=0
shrinkage=0.05


Tree=75
num_leaves=31
num_cat=0
split_feature=11 11 3 5 12 10 12 10 12 8 11 9 7 7 12 16 10 12 11 3 15 5 15 2 9 7 1 2 7 8
split_gain=91.7036 106.127 104.207 107.726 90.4852 81.5445 77.7329 68.3935 64.7683 62.3002 68.2176 62.1091 74.1193 71.0898 56.8424 54.3279 47.5483 40.6232 42.3288 38.71 44.7804 35.2261 33.195 29.5516 32.0577 50.3641 25.3374 24.5554 23.4737 23.1409
threshold=4.129261500000001 4.1176966072146834 990519084.19891834 -0.21879025077361638 1.2014142582302381 2.4070275000000003 0.79458148547472085 26.994209000000001 0.5051555000000002 0.20540550000000002 0.35318872195448742 2.4657295647232109 0.59305722871388611 0.5962169274950242 0.43599692576456378 5.8392420073701734 1.5706869434520849 1.9861500018410141 2.2734239061894348 1594239579.5372736 5.8630984763715972 0.076449391977912104 -1.5853916951030784 0.083760727423158182 1.6407761702209194 0.38814550000000003 2.0237872657405842 1.0630255143232381 0.37212600000000007 0.091273500000000021
decision_type=2 2 2 2 2 2 2 2 2 2 2 2 2 2 2 2 2 2 2 2 2 2 2 2 2 2 2 2 2 2
left_child=1 4 3 -2 5 8 16 19 21 14 -11 13 -13 -8 -7 23 28 18 -9 20 -6 -1 -10 -4 27 -26 -21 -25 -5 -18
right_child=2 -3 15 6 7 9 11 17 22 10 -12 12 -14 -15 -16 -17 29 -19 -20 26 -22 -23 -24 24 25 -27 -28 -29 -30 -31
leaf_value=0.0056295785507531875 0.036479060283421405 -0.053959878471953784 -0.073981611155784874 -0.070554147739405881 -0.049286001920081257 0.01083643014106786 -0.00840043835004004 -0.044888184966760461 -0.067782257270226423 -0.025096664308348244 0.0090644530917851646 0.067157949395985198 0.0076795854855691752 0.043490893881421064 -0.036057279133199019 0.0438409875414007 -0.035176593666380866 -0.047955051577659072 0.046549710241387349 -0.019679822864681094 0.020782628233858663 -0.026513953042711876 -0.024527361490233254 -0.043115298211722511 0.11274482205035199 -0.0072594794218460218 0.059259671819929187 -0.012987379653049897 0.0001384701931235047 0.030273530616429147
leaf_weight=341.69496366754174 316.77772453986108 112.18660934455693 20.951909247785807 13.608389448374508 267.22067555040121 101.99616285040975 1227.0627289135009 15.934959746897219 51.494920000433922 158.67544950172305 1850.0299384053797 55.464937394484878 941.2829388268292 69.754027975723147 176.36056593991816 40.848160836845636 13.901191905140875 22.985022258013487 61.523552559316158 31.474683523178101 24.929720688611269 113.56263091042638 319.89983889646828 125.30168544128537 8.9472241997718793 383.30047581717372 15.014181885868309 146.94463387876749 85.65870713815093 474.06642945855856
leaf_count=2764 2662 1185 135 100 2067 656 10342 107 300 952 14284 459 7461 1087 1774 298 107 143 454 298 138 856 2464 1095 48 2616 129 1197 783 4227
internal_value=-0.000391896 -0.00607907 0.00492005 0.00880339 -0.00456714 -0.00157068 0.00576013 -0.0258162 -0.0150295 0.00329395 0.00636593 0.00160422 0.0109893 -0.00560927 -0.0188744 -0.0121767 0.0219919 0.0104174 0.0277389 -0.0365634 -0.0433069 -0.00238853 -0.0305248 -0.015515 -0.0136715 -0.00452216 0.00581471 -0.0268538 -0.00955268 0.028409
internal_weight=7588.86 3664.98 3923.87 3197.58 3552.8 3113.71 2880.8 439.083 826.652 2287.06 2008.71 2293.56 996.748 1296.82 278.357 726.294 587.235 100.444 77.4585 338.639 292.15 455.258 371.395 685.446 664.494 392.248 46.4889 272.246 99.2671 487.968
internal_count=61188 28571 32617 27228 27386 24050 24566 3336 6384 17666 15236 19349 7920 11429 2430 5389 5217 704 561 2632 2205 3620 2764 5091 4956 2664 427 2292 883 4334
is_linear=0
shrinkage=0.05


Tree=76
num_leaves=31
num_cat=0
split_feature=7 10 13 3 3 8 11 11 12 10 10 16 8 16 3 6 14 3 7 10 4 8 7 4 6 16 6 11 6 3
split_gain=84.9868 88.4965 89.925 86.5489 68.516 73.0169 64.4284 59.2422 55.651 57.069 55.3819 62.7048 55.0558 53.7213 41.659 34.2309 32.8369 31.6141 31.5907 30.3318 24.3819 17.5502 8.00889 7.33165 15.3913 7.70618 15.2772 7.46924 5.46252 4.92711
threshold=1.0089576624809551 5.3945740000000013 0.32217044492846308 13005157313.35 -1121640873.1996281 0.091273500000000021 15.132774176688253 37.687665304503021 0.9042432216078311 1.6136196149120574 2.3071603516025867 0.40028425871826218 0.71452500000000008 0.17328000000000002 5369046957.6150007 5.2033459752417643 0.84173920685245796 -1828288039.6982462 0.66984271670934137 1.3095773863565832 119.23928935011362 0.48878397025344994 0.95310827206950555 -8.6917323984916095 4.9771005388953844 -2.4224899165297251 -4.5921913678890638 0.35318872195448742 -3.0182256845177307 1527635918.7450001
decision_type=2 2 2 2 2 2 2 2 2 2 2 2 2 2 2 2 2 2 2 2 2 2 2 2 2 2 2 2 2 2
left_child=1 2 8 4 7 29 10 12 9 18 14 -12 -3 -7 -4 19 21 -11 -1 -8 -17 -10 -9 24 25 26 -2 -27 -29 -6
right_child=23 3 6 -5 5 13 15 22 16 17 11 -13 -14 -15 -16 20 -18 -19 -20 -21 -22 -23 -24 -25 -26 27 -28 28 -30 -31
leaf_value=-0.019320439938684889 0.052394945137691266 -0.034460456305483195 -0.034975653370008138 -0.059166763528767097 -0.057995499475750278 0.0026808481306940914 -0.08241164926536268 -0.085138576376323605 -0.0045282409652686005 -0.048800536277566246 -0.018227182063236785 0.0043900734325918005 0.0034777533355996697 0.015532115931896932 0.033617984890063041 -0.022058925165284446 0.081685572893024957 0.015283340870557542 0.011175101981843695 0.028647591266954309 0.067153412963531445 -0.059311431229626947 0.0032216222114636569 0.040032600035941945 -0.12876333095017176 -0.081267613756488111 -0.22670529081496135 0.00021395667437827532 0.039034348878141605 -0.021913493911891124
leaf_weight=264.72366200387478 1.083701506257057 137.12367698736489 434.48359910212457 53.538797575980425 42.439730279147625 1847.4266230221838 6.4000187069177619 29.999608708545566 19.763818494975567 19.723269021138549 1042.0371125917882 434.12109002657235 316.01513944193721 1452.5904251523316 23.323320843279362 83.624426832422614 5.4797058477997771 794.03026090934873 125.0342307575047 156.08523381687701 8.4308784417808038 56.164308365434408 2.8041895851492873 126.31853771209717 1.7247304841876019 1.5558467879891384 0.89542071521282096 11.827136088162659 38.756170494481921 12.175675749778746
leaf_count=1654 25 766 3244 492 347 16141 38 200 111 172 9082 3037 2579 10083 159 710 30 5728 1112 1136 59 524 34 2488 21 16 20 219 843 118
internal_value=-0.000374461 -0.00120862 -0.00701088 0.00396681 0.00484691 0.00738869 -0.0131753 -0.0126999 0.00348859 0.00619489 -0.0162877 -0.0115757 -0.00800267 0.00833768 -0.0314811 0.0104719 -0.0365207 0.0137301 -0.00953748 0.0242732 -0.0138884 -0.0450516 -0.0775852 0.0333631 0.0182765 0.0229626 -0.0738793 0.0266386 0.0299576 -0.0499516
internal_weight=7549.7 7367.54 3473.42 3894.11 3840.58 3354.63 2188.51 485.943 1284.92 1203.51 1933.97 1476.16 453.139 3300.02 457.807 254.541 81.4078 813.754 389.758 162.485 92.0553 75.9281 32.8038 182.162 55.843 54.1183 1.97912 52.1392 50.5833 54.6154
internal_count=61188 57556 26796 30760 30268 26689 17465 3579 9331 8666 15522 12119 3345 26224 3403 1943 665 5900 2766 1174 769 635 234 3632 1144 1123 45 1078 1062 465
is_linear=0
shrinkage=0.05


Tree=77
num_leaves=31
num_cat=0
split_feature=9 7 7 0 9 7 13 11 3 6 0 0 9 7 9 7 10 0 15 2 7 16 7 9 0 9 1 3 12 6
split_gain=84.2148 287.959 142.146 112.165 113.685 230.933 96.1058 84.5723 78.9453 71.9362 64.9375 63.625 63.0996 150.234 59.7185 178.455 58.8542 41.0719 29.5494 34.4764 35.8693 30.6301 24.8842 24.8078 24.1215 23.1756 21.7174 18.3568 14.8827 14.6631
threshold=2.6191653743241923 0.61714021969701471 0.6206015254615721 1.4149745000000002 1.5047174665046137 0.33465250000000007 0.34012601281580085 3.4023797193730139 598208429.8320024 -23.177528310706531 1.0809493519323701 2.8571014465908378 3.045696254985629 0.67349982468270975 3.8948821766202735 0.74388810698545893 1.8019274957807558 1.2710181969775027 0.53066000000000013 0.19471587089100501 0.67349982468270975 0.39185954994083005 0.98948890815735857 -0.83613251929425736 1.3326110000000002 2.0203493920867657 1.1182940000000003 193689049.75500003 0.60926387255060066 9.5979795912278387
decision_type=2 2 2 2 2 2 2 2 2 2 2 2 2 2 2 2 2 2 2 2 2 2 2 2 2 2 2 2 2 2
left_child=2 -2 3 8 6 -6 16 -8 9 -1 -11 -7 18 -14 17 -16 -5 -15 19 20 -3 26 -4 29 -10 -26 -20 -21 -23 -24
right_child=1 12 22 4 5 11 7 -9 24 10 -12 -13 13 14 15 -17 -18 -19 21 27 -22 28 23 -25 25 -27 -28 -29 -30 -31
leaf_value=0.050818397892964356 0.068826169314803634 -0.041291243285811761 0.060491631784092573 -0.027269307242693754 0.084819919530976826 0.00078358169115693452 -0.036339567250099521 -0.0080483652445338099 -0.064062050781378707 -0.025736457668548124 -0.0025470785225797238 0.034083447485846512 0.060676617073925826 -0.021546772048316638 0.063990033354435941 0.0017498894542968891 0.012317469079806109 0.011174558847037084 0.016218019433417993 0.010413121659467749 0.05577443831847996 -0.078445829871073292 0.008813334073239457 0.049076667230842468 -0.063349129919993127 -0.0054180957703148487 0.088546610943508727 -0.022346376452566739 -0.0052707710486838491 -0.14869920468280151
leaf_weight=42.734843913465738 177.24303055182099 172.33899606764317 71.779217397794127 113.43346959352493 93.082814734429121 1524.7314152792096 419.49598110467196 713.37490050494671 103.87387997098267 663.28387532383204 554.09327943064272 158.34048252366483 120.78318151272833 333.72151320241392 130.81362041831017 962.84112364985049 544.93489557877183 134.57310329563916 34.616964373737574 92.513159329071641 10.074044987559317 8.480222571641205 76.761021303012967 57.315508374944329 27.318998608738184 46.907826831564307 14.822069548070429 79.517863627523184 38.471839722245932 1.50652765482664
leaf_count=296 1537 1061 917 806 602 11665 4149 6958 820 4101 3730 1085 1000 2131 1167 9571 3583 869 187 605 127 56 1504 1297 209 305 80 537 223 10
internal_value=-0.000357192 0.00758804 -0.00387916 -0.00555964 -0.000807318 0.00815628 -0.00969543 -0.0185244 -0.0173475 -0.0129434 -0.0151817 0.00391638 0.00250077 0.0069515 0.00279702 0.00919452 0.00549687 -0.0121437 -0.0141115 -0.0207869 -0.0359306 0.0104351 0.0366865 0.0240838 -0.0485072 -0.0267395 0.0379025 -0.00472929 -0.0184872 0.00578146
internal_weight=7523.78 2310.81 5212.97 5005.61 3567.39 1776.15 1791.24 1132.87 1438.21 1260.11 1217.38 1683.07 2133.57 1682.73 1561.95 1093.65 658.368 468.295 450.835 354.444 182.413 96.3911 207.362 135.583 178.101 74.2268 49.439 172.031 46.9521 78.2675
internal_count=61188 19151 42037 38309 28848 13352 15496 11107 9461 8127 7831 12750 17614 14738 13738 10738 4389 3000 2876 2330 1188 546 3728 2811 1334 514 267 1142 279 1514
is_linear=0
shrinkage=0.05


Tree=78
num_leaves=31
num_cat=0
split_feature=11 11 3 12 12 11 10 9 12 10 6 12 16 0 9 0 12 12 1 9 10 14 10 14 12 8 3 0 11 6
split_gain=80.9414 97.5705 93.7159 90.3239 82.5642 70.3562 71.1179 76.5537 66.1611 62.7977 54.8475 51.0359 48.1172 48.9408 48.3496 52.6016 46.7188 108.294 59.2564 50.5524 46.3014 43.4763 40.3068 36.1209 35.7211 32.7439 29.1438 29.0678 29.0389 26.9082
threshold=4.129261500000001 4.1176966072146834 990519084.19891834 0.79458148547472085 1.3224650323919616 1.6763310000000002 5.4976820000000011 1.6335040000000001 0.8613223548811878 25.133013315423444 -20.196775773608099 0.67265319322065564 5.8392420073701734 1.2898224963161389 1.6407761702209194 1.9135942391935246 0.95304310255752733 0.94400269028935813 2.5962520000000002 2.4657295647232109 1.5319005809899475 0.56661950000000016 20.617405199444814 0.042690500000000006 1.9861500018410141 0.091273500000000021 1594239579.5372736 1.3676685000000004 2.3018208693013551 -3.0182256845177307
decision_type=2 2 2 2 2 2 2 2 2 2 2 2 2 2 2 2 2 2 2 2 2 2 2 2 2 2 2 2 2 2
left_child=1 4 3 20 5 11 8 -8 -7 10 -6 23 13 -4 29 -16 17 -5 19 -18 -2 -20 -13 -1 28 -22 -12 -27 -11 -15
right_child=2 -3 12 16 9 6 7 -9 -10 24 26 22 -14 14 15 -17 18 -19 21 -21 25 -23 -24 -25 -26 27 -28 -29 -30 -31
leaf_value=0.00038890407034990106 -0.0059111318506487502 -0.05244609553720108 -0.052847885950569939 0.0085114977988396002 0.086080214379643402 0.0045472258244086588 -0.0031526134510346769 0.031620704079735343 -0.020123685836218135 -0.047326044273447276 -0.056338751054838536 -0.041868643376338666 0.042217376068559992 -0.08878317860724147 -0.0095895715446180328 0.034802504933274421 -0.0032622901603614747 -0.047865007917522802 0.044502582232758756 0.012989361962855045 -0.036247180978808219 -0.049312120030124418 0.0055582594223128265 -0.020096973810740496 -0.046236967997051133 0.018419370914620373 -0.0018715570921948805 0.041081230659561513 0.042763098057662867 -0.021879708705070732
leaf_weight=681.79042392410338 108.72118724510074 108.35123019292951 75.027552217245102 226.23938531056046 7.8235299587249747 915.95810074359179 267.474932808429 387.68334137648344 386.38706736266613 10.859487883746622 177.4125679563731 197.68779282830656 39.185001909732819 15.986901579424737 241.86070928629488 92.158155009150505 1025.0139674302191 136.6218745559454 142.44685519486666 897.46927035786211 18.330733578652143 13.521810881793497 57.925925359129906 314.3987271822989 22.920272517949343 242.85999694652855 28.505286462605 339.04450082220137 50.735175516456366 250.8010466042906
leaf_count=4571 956 1185 583 1837 47 7177 2517 3090 3332 72 1403 1623 298 96 1619 606 7005 3811 1040 6934 144 146 406 2366 145 2794 263 2561 374 2187
internal_value=-0.000337861 -0.005715 0.00469237 0.00840149 -0.00427144 -0.00193286 0.00398728 0.0174241 -0.00277228 -0.0294351 -0.0438619 -0.0111905 -0.0116495 -0.0147727 -0.0100179 0.00265851 0.00383906 -0.012715 0.00672911 0.00432444 0.0241123 0.0363693 -0.031121 -0.00607647 0.00705074 0.0295505 -0.0487988 0.0316232 0.0268799 -0.0258888
internal_weight=7481.2 3615.91 3865.29 3150.27 3507.56 3209.31 1957.5 655.158 1302.35 298.256 213.741 1251.8 715.019 675.834 600.807 334.019 2441.31 362.861 2078.45 1922.48 708.956 155.969 255.614 996.189 84.5149 600.235 205.918 581.904 61.5947 266.788
internal_count=61188 28571 32617 27228 27386 25082 16116 5607 10509 2304 1713 8966 5389 5091 4508 2225 20773 5648 15125 13939 6455 1186 2029 6937 591 5499 1666 5355 446 2283
is_linear=0
shrinkage=0.05


Tree=79
num_leaves=31
num_cat=0
split_feature=3 9 8 9 0 9 8 3 13 6 4 13 3 9 2 15 0 8 3 6 15 14 16 8 4 16 14 1 9 14
split_gain=78.9084 86.1716 124.315 85.9005 79.3357 122.063 131.678 91.3256 84.6407 73.1673 62.8128 63.9841 52.4815 44.6171 40.1813 34.6556 25.6556 20.9666 12.3923 13.1403 9.00859 1.72254 1.52794 2.43818 1.25234 1.08379 2.65847 2.31229 1.06857 0.796613
threshold=17885777249.226963 2.8244417602745209 0.65280810802266076 0.85774762693530382 1.4149745000000002 1.518533145753352 0.3518170000000001 598208429.8320024 0.3106956658872409 -23.177528310706531 2.7794024598384643 0.074531416528191771 -21432504611.069996 7.6871483118841581 0.19213200000000002 -0.19540401303306024 1.3326110000000002 0.99898848030535958 -21432504611.069996 9.5979795912278387 -0.15547933117248722 -0.020219151229573597 0.49978586822432952 0.64541227801888701 3.5974452743784426 -0.073521392868778665 -0.030627946666309434 0.66388919286087655 2.9496620941693679 0.018775499037722295
decision_type=2 2 2 2 2 2 2 2 2 2 2 2 2 2 2 2 2 2 2 2 2 2 2 2 2 2 2 2 2 2
left_child=1 3 21 17 7 8 -7 9 -6 -5 12 14 20 -14 -12 -13 -9 24 -19 -20 -4 -3 28 -24 -1 27 -27 -2 -23 -26
right_child=25 2 10 4 5 6 -8 16 -10 -11 11 15 13 -15 -16 -17 -18 18 19 -21 -22 22 23 -25 29 26 -28 -29 -30 -31
leaf_value=0.054309457482678382 -0.003273211954865512 0.055338245347050535 -0.053824688221373207 0.04973246772863793 0.0066289184136704401 0.072330246391295663 0.0062707142369909184 -0.059577702464894071 -0.016609049400939165 -0.011029227671035941 0.044105072767198689 0.036664658685391087 -0.0058055902051592778 0.016393227733528356 -0.063477815313017993 0.01294773578070711 -0.023594705390623184 -0.16090806334121871 0.024668782645232958 -0.11281255306284846 -0.12644095455177592 0.087156689823300451 0.062652861407652624 0.0028329106203766872 0.065159001908080938 -0.093551089603242765 -0.060119247405806188 -0.062900638381856652 0.068798150114001505 0.089324149541070819
leaf_weight=27.405808290466666 2.2947856932878485 45.084529250860214 9.1195407807827014 51.340873628854752 573.99498502537608 78.91900715790689 1709.5427831467241 119.11596542596817 1234.8694851286709 1416.184585377574 11.393368951976298 250.33622418157756 825.26679521426558 311.89659645594656 36.432174131274223 400.36245357617736 84.804052367806435 0.92617733404040237 120.10833340883255 1.7635557651519764 8.033233914524315 10.984489046037195 16.228534519672397 1.9031460918486107 13.482389874756338 7.1403120011091223 35.561452623456717 5.5779270343482494 28.469369662925601 4.5652139633893958
leaf_count=411 14 567 53 391 3813 564 12866 949 11974 9527 86 1688 6088 4302 444 3207 584 17 2531 17 51 55 174 20 105 32 374 57 204 23
internal_value=-0.000324414 0.000101404 0.00910272 -0.00313606 -0.00425914 -7.6934e-05 0.00918571 -0.0132602 -0.0092351 -0.0089035 0.00613512 0.0179695 -0.00102637 0.000283012 -0.0378486 0.0220721 -0.0446135 0.0320331 0.0212947 0.0226793 -0.0878334 0.0626577 0.0683881 0.056374 0.0610444 -0.0625667 -0.0657095 -0.0455201 0.0739094 0.0712717
internal_weight=7443.11 7392.53 1955.51 5437.02 5268.77 3597.33 1788.46 1671.45 1808.86 1467.53 1852.84 698.524 1154.32 1137.16 47.8255 650.699 203.92 168.251 122.798 121.872 17.1528 102.67 57.5855 18.1317 45.4534 50.5745 42.7018 7.87271 39.4539 18.0476
internal_count=61188 60711 16939 43772 40668 29217 13430 11451 15787 9918 15919 5425 10494 10390 530 4895 1533 3104 2565 2548 104 1020 453 194 539 477 406 71 259 128
is_linear=0
shrinkage=0.05


Tree=80
num_leaves=31
num_cat=0
split_feature=10 13 3 3 8 15 15 3 3 11 7 1 16 2 4 5 10 11 3 3 7 3 15 16 16 16 7 3 2 6
split_gain=80.8156 92.6766 75.9397 53.605 53.9513 54.8275 135.061 61.0019 52.6596 59.9395 50.7777 68.459 49.8018 46.6451 46.1032 39.2747 36.4076 38.5419 77.8344 50.3138 35.6295 52.9948 39.5286 34.7808 33.8433 29.403 25.8003 23.5509 22.216 46.0195
threshold=5.4473263975973305 0.33694834798055173 13005157313.35 -21432504611.069996 0.091273500000000021 -0.15547933117248722 -0.15355049999999998 693594858.2700001 286415675.21383256 3.5428473854794893 0.34043977094028655 1.0338856687764684 1.7395388719184928 0.1183028884651067 85.489001500000015 0.10079656993323481 5.3749035641996095 2.0107560000000002 819768799.06663311 -129583571.95917168 0.31311000000000005 1366890148.8650002 -9.0250466626035522 0.56118900307409458 0.19166318151423964 0.085766858629942058 0.64090426685178226 24403912.140208427 1.1351940757761729 5.2033459752417643
decision_type=2 2 2 2 2 2 2 2 2 2 2 2 2 2 2 2 2 2 2 2 2 2 2 2 2 2 2 2 2 2
left_child=1 16 3 14 -5 7 -7 -6 9 12 28 23 27 15 -2 -11 17 20 19 -19 21 -1 -22 -12 -13 -15 -20 -3 -10 -30
right_child=2 8 -4 4 5 6 -8 -9 10 13 11 24 -14 25 -16 -17 -18 18 26 -21 22 -23 -24 -25 -26 -27 -28 -29 29 -31
leaf_value=-0.048391894016372339 -0.088952666724421259 -0.051101583397494516 -0.058699609447260374 -0.045037051520109173 0.020339809570139283 -0.01331653968501173 0.011922494414290656 -0.0019365492849388875 -0.043398960458786912 -0.0026406491509041253 -0.051854932302126171 -0.01650236499548299 0.051140344293339537 0.03111648284838682 0.067249878670055593 -0.060462458834960313 -0.045437051819554708 -0.00076315156618169322 -0.029572961219448954 0.028321119659433919 -0.05920835529451577 0.014081780559360836 0.0069304528650684458 -0.0071396305408597781 0.0060224238141142984 0.0039386945243048655 0.028861831129089702 -0.017986986321547306 0.027080019608067742 -0.035000501555577067
leaf_weight=93.772007051855326 25.25924228318036 74.843264326453209 46.377730848267674 50.684867547824979 1108.1525554936379 881.61771648470312 1329.2500206194818 425.25962091237307 234.09809012338519 138.60811701789498 136.50389868859202 307.96050550509244 21.881708534434438 178.50887461751699 5.8104714713990679 37.262678576633334 35.852128017693758 215.49896180070937 124.82436263933778 479.71772216074169 24.02437612041831 53.205597974359989 378.69071949273348 63.819707691669464 363.70515352115035 224.90036487206817 22.257792893797159 189.98737628385425 40.163247972726822 116.27413089759648
leaf_count=646 158 603 461 438 8158 10424 9278 3054 2360 1289 1055 2523 174 1204 31 291 388 2519 824 3690 155 364 2841 393 2424 2105 111 1462 272 1493
internal_value=-0.000100822 -0.00554268 0.00489689 0.00566778 0.00620329 0.00689691 0.00185804 0.0141619 -0.0121535 -0.00265764 -0.0186669 -0.0119563 -0.0213555 0.00659676 -0.0597406 -0.0148917 0.00431218 0.00559352 0.0123147 0.0193058 -0.00470539 -0.0257765 0.00298488 -0.0376094 -0.00430525 0.0159649 -0.0207301 -0.0273454 -0.0336503 -0.0190621
internal_weight=7428.77 3556.36 3872.41 3826.03 3794.96 3744.28 2210.87 1533.41 2128.52 865.992 1262.52 871.989 286.712 579.28 31.0697 175.871 1427.84 1391.99 842.299 695.217 549.693 146.978 402.715 200.324 671.666 403.409 147.082 264.831 390.535 156.437
internal_count=61188 29186 32002 31541 31352 30914 19702 11212 17648 7128 10520 6395 2239 4889 189 1580 11538 11150 7144 6209 4006 1010 2996 1448 4947 3309 935 2065 4125 1765
is_linear=0
shrinkage=0.05


Tree=81
num_leaves=31
num_cat=0
split_feature=10 13 3 9 0 13 16 16 16 3 3 11 3 8 3 1 2 3 7 11 3 11 2 16 5 11 3 10 3 0
split_gain=73.4418 101.792 68.3494 59.2333 70.089 54.0273 51.3857 110.119 111.263 58.304 48.8475 47.8283 47.6985 85.1464 65.5204 61.4515 45.9518 43.8048 63.5296 44.6913 42.3466 37.4558 36.3785 34.7236 34.4116 37.0318 33.8428 34.6789 29.6231 24.0955
threshold=6.4290620000000009 0.51231124140223072 13005157313.35 1.5538016801090022 1.7903150000000003 0.3106956658872409 0.14694772944849452 0.11336008305615382 0.11364250000000002 -21432504611.069996 869824588.09466684 2.1259445000000006 -291319949.86814672 0.7305169556137534 101738221.02000001 0.63252842613051363 0.17666770349600716 -2008842466.478658 0.85484660793394818 1.6179035000000004 283719581.87442291 3.4367407473000853 0.13708867991266457 6.8210312316801618 -0.19557066704772025 37.687665304503021 2867818415.9630742 1.5319005809899475 850022176.81000006 1.0809493519323701
decision_type=2 2 2 2 2 2 2 2 2 2 2 2 2 2 2 2 2 2 2 2 2 2 2 2 2 2 2 2 2 2
left_child=1 3 6 5 17 26 7 9 -9 -2 28 -11 13 -8 29 -16 -15 18 -5 -19 21 -7 -12 24 25 -3 27 -1 -6 -14
right_child=2 23 -4 4 10 20 12 8 -10 11 22 -13 14 16 15 -17 -18 19 -20 -21 -22 -23 -24 -25 -26 -27 -28 -29 -30 -31
leaf_value=-0.020535165751120913 -0.082232394166218747 -0.0058341440766901329 -0.058745718951686898 -0.081018856496909375 0.03916697854137649 -0.033170226474748203 -0.047072661078728213 -0.058335244061537242 0.0050228697788209549 -0.017225873026330919 0.059031047425770533 0.0098554505989982555 0.025532795343085741 0.025737342169943164 -0.030656126125835678 0.01423890947855418 -0.04309216608641353 -0.013940568407722837 0.01807270593445499 0.0082899631555713848 -0.033607549295027496 0.029276970254971463 -0.0051157570126567561 0.035969409932658479 -0.019264643339915736 0.061190364623090888 -0.07001773877430556 0.011530289581902286 0.18477153576392927 0.053494818138643013
leaf_weight=110.26407028362155 18.666503839194775 96.332969317212701 41.166983949020505 37.698303658515215 206.51600228622556 40.029351698234677 86.547220975160599 147.14564931951463 130.96493919938803 184.85456570610404 26.338227860629559 1381.3488200958818 201.30000063404441 140.53248842991889 83.821659065783024 840.60230315849185 29.30567979440093 292.32597569748759 28.330480894073844 997.64667945727706 280.09552827849984 60.010710781440139 137.42187628149986 31.932906728237867 1244.4081541458145 26.21723935380578 15.975791182368992 358.36376657150686 3.5532779544591895 124.81474144198
leaf_count=1089 118 775 419 212 1483 362 514 3947 957 1330 146 10373 1739 1627 487 5443 220 1919 473 7494 2511 577 862 260 11539 179 140 3008 22 963
internal_value=-9.7342e-05 -0.00469952 0.00529059 0.001162 0.00650347 -0.00952312 0.00607286 0.000519911 -0.0284993 0.00561216 0.0256719 0.00665912 0.0129379 -0.00670834 0.0169657 0.0101681 0.0138608 0.00121902 -0.0385024 0.00325221 -0.0236341 0.00428977 0.00520124 -0.0155711 -0.0167751 0.00850445 0.00154592 0.00398557 0.0416298 0.0362348
internal_weight=7404.53 3993.46 3411.07 2594.57 1729.83 864.739 3369.9 1862.98 278.111 1584.87 373.829 1566.2 1506.92 256.385 1250.54 924.424 169.838 1356 66.0288 1289.97 380.136 100.04 163.76 1398.89 1366.96 122.55 484.604 468.628 210.069 326.115
internal_count=61188 33051 28137 20298 12611 7687 27718 16725 4904 11821 2513 11703 10993 2361 8632 5930 1847 10098 685 9413 3450 939 1008 12753 12493 954 4237 4097 1505 2702
is_linear=0
shrinkage=0.05


Tree=82
num_leaves=31
num_cat=0
split_feature=16 5 9 7 7 0 9 3 11 11 3 9 0 9 9 3 9 4 11 16 3 4 3 7 3 8 3 3 14 5
split_gain=67.2354 66.6074 70.0765 82.5749 75.4183 88.2223 117.6 114.296 60.1123 51.9236 38.3708 33.137 32.1758 28.8918 27.5802 25.8702 22.6753 22.1586 21.4894 22.4291 21.2514 19.7755 18.6458 18.4858 17.2736 35.1502 16.562 19.8093 16.2601 16.2192
threshold=1.1919220000000001 -0.32991199999999993 7.6871483118841581 0.87352362826642238 0.87352362826642238 1.2537020000000003 1.5047174665046137 132306190.61500001 0.41478743555216274 2.8490033374874906 929559197.38500011 -1.2624041547586848 0.69382397540631902 1.5538016801090022 3.8307350000000002 73043652.243111029 8.7691654131668404 -0.53838927837769213 1.7090285000000003 20.122746030491715 3629862518.5600004 -1.388992556604262 2211593233.2650008 0.16223100000000004 -1304708865.1999998 0.95701818669339167 1665868611.9550002 3629862518.5600004 -0.23351562793960798 -0.88192791718176922
decision_type=2 2 2 2 2 2 2 2 2 2 2 2 2 2 2 2 2 2 2 2 2 2 2 2 2 2 2 2 2 2
left_child=1 9 4 -4 5 7 -7 -3 20 13 -11 21 17 -1 18 -15 -14 -5 19 28 -2 -6 -17 29 25 -16 -12 -28 -10 -20
right_child=8 2 3 12 11 6 -8 -9 14 10 26 -13 16 15 24 22 -18 -19 23 -21 -22 -23 -24 -25 -26 -27 27 -29 -30 -31
leaf_value=-0.039309447744645842 -0.010203907606479386 -0.0077390401011304955 0.055706843001168488 -0.0052225717004385549 -0.015107155176568784 -0.011776995280861178 0.0067620353848868572 -0.037266245180813194 0.044498497399675617 0.038064196127242718 -0.07316474885109775 0.048517990053648423 -0.098927174693038994 -0.1184988687313886 0.015352682161352075 0.034922249455017429 -0.012038097280970645 0.035038338343331421 -0.13420907791697162 0.049847594320912479 -0.063950007640465767 0.042187562380867134 -0.080238240830562274 0.019904795158196632 0.041855534632014732 -0.19885409649556429 0.029231606338313572 -0.10137459033258862 -0.015627078157198104 -0.0079739036364510039
leaf_weight=48.301829803735018 56.589007001370192 1626.0135979726911 105.2607141751796 59.225630272179842 47.699167463928461 1424.6937266467139 2140.7332775536925 410.47105233743787 12.32283543422818 226.17863717488945 10.423958342522385 93.604016037657857 8.1826659888029081 3.3655011393129817 16.836608491837982 41.533808659762144 91.159087989479303 80.801006134599447 2.7700909599661818 17.372956462204456 27.248227845877409 22.009757427498698 3.8398574218153945 473.84233126230538 137.31624526530504 2.1609520763158789 15.698356032371523 3.5619795545935622 128.51772869750857 31.249464962631464
leaf_count=340 320 10798 1355 1056 1007 13139 16361 2732 123 1937 69 1965 71 18 169 261 1104 1042 17 114 217 377 24 3689 1655 31 103 23 846 225
internal_value=-9.40408e-05 -0.00188248 -0.00310241 0.018799 -0.00441162 -0.00538805 -0.000645897 -0.0136905 0.0126602 0.0192383 0.0310496 0.0290817 0.00256906 -0.011904 0.0167719 0.0152555 -0.0191951 0.0180096 0.0123361 -0.00375448 -0.0276721 0.00298297 0.0251765 0.0173488 0.0356732 -0.00901311 -0.0223981 0.00507748 -0.0103664 -0.0182528
internal_weight=7368.98 6462.76 6109.85 344.629 5765.22 5601.91 3565.43 2036.48 906.226 352.904 255.863 163.313 239.368 97.041 822.389 48.7392 99.3418 140.027 666.075 158.214 83.8372 69.7089 45.3737 507.862 156.314 18.9976 29.6843 19.2603 140.841 34.0196
internal_count=61188 53782 51007 4628 46379 43030 29500 13530 7406 2775 2132 3349 3273 643 6869 303 1175 2098 5014 1083 537 1384 285 3931 1855 200 195 126 969 242
is_linear=0
shrinkage=0.05


Tree=83
num_leaves=31
num_cat=0
split_feature=10 12 7 3 10 9 11 3 0 12 12 10 5 16 3 3 3 11 4 11 3 5 0 3 8 4 3 13 9 2
split_gain=69.5231 83.302 85.7948 65.1772 59.8179 50.5213 49.7978 62.0353 60.2957 56.6632 48.3151 53.3097 81.8608 60.3459 49.5473 46.8356 44.4228 41.8948 39.9149 43.3466 39.0972 38.4999 41.3745 38.1198 44.3969 36.8867 35.4439 34.5754 33.8914 31.4535
threshold=5.3945740000000013 0.82216784416971722 0.2751262988713094 13005157313.35 2.0592775000000003 1.3851539704638784 3.5800829467759532 286415675.21383256 1.1733755077356609 1.3531600000000001 3.0553140000000005 37.118476645152903 0.16306327980268051 -0.1899329004921976 -193160161.23397949 2399938246.7700005 2077728721.9100001 1.3721235000000003 6.3299480000000008 1.8936598284059645 69023689.570715353 0.25898500000000008 1.2085950858786947 -1304708865.1999998 0.47573950000000004 5.7399846159680337 869824588.09466684 0.33384864524258279 1.8015905000000003 0.13002373623437516
decision_type=2 2 2 2 2 2 2 2 2 2 2 2 2 2 2 2 2 2 2 2 2 2 2 2 2 2 2 2 2 2
left_child=1 2 5 10 27 18 -3 8 9 -8 11 12 14 -14 -2 16 -13 -6 19 -1 23 22 -9 -12 -25 -17 -19 -4 -29 -10
right_child=3 6 4 -5 17 -7 7 21 29 -11 20 15 13 -15 -16 25 -18 26 -20 -21 -22 -23 -24 24 -26 -27 -28 28 -30 -31
leaf_value=-0.039495661824527253 -0.0049462985292307591 -0.029414413698181041 0.0035331393243028773 -0.056895646621931667 -0.0051797731963770036 0.068466847435201428 0.0034800948957170634 -0.069833786451399968 -0.03154186012574247 -0.042340368325954794 -0.02954223980360391 0.02055030085512172 0.024107970261717585 -0.01134418593773031 0.01541672590292263 0.014821385234096483 0.088381230564742244 0.026995143358882642 -0.031948014784663893 0.02155693595952643 -0.043064801963766171 -0.052839857509861678 -0.010391119437768215 -0.058649345517008858 0.026042994368690422 -0.050043758172946665 0.00042977427265438465 -0.048436474968207521 -0.0075574877655070179 0.030995500925569526
leaf_weight=43.56940383464098 390.46652696467936 404.529072644189 487.40744049847126 42.70251146517694 199.17254309169948 16.119175532832742 221.94469173066318 31.858569949865341 22.561683988198638 96.942601941525936 81.190188482403755 645.56408827193081 137.07037824392319 965.73678207956254 1271.4716741573066 46.555533412843943 25.0749437417835 538.50882768630981 293.82471262849867 87.377748966217041 84.072109073400497 82.225585182197392 360.78477509040385 17.987597659230232 110.73737135715783 41.414181340485811 163.73661783710122 71.57352589443326 173.87555424124002 184.74240129068494
leaf_count=220 4014 3583 4103 461 1334 123 1764 232 221 680 518 5386 956 9406 9335 260 154 4812 2778 615 536 1027 3021 116 771 323 1135 574 1084 1646
internal_value=-8.70163e-05 -0.00521117 0.00115479 0.00453364 0.00643531 -0.0184188 -0.0146097 -0.00862705 0.00319722 -0.0104495 0.00522081 0.00684568 0.00362404 -0.00693776 0.0106325 0.0185869 0.0230865 0.0150605 -0.0217159 0.0012432 -0.0142527 -0.0217293 -0.0152142 -0.00271333 0.0142084 -0.0157157 0.0208011 -0.00417374 -0.0194779 0.0241893
internal_weight=7340.8 3480.75 2075.17 3860.04 1634.27 440.891 1405.59 1001.06 526.191 318.887 3817.34 3523.35 2764.75 1102.81 1661.94 758.609 670.639 901.418 424.772 130.947 293.987 474.869 392.643 209.915 128.725 87.9697 702.245 732.857 245.449 207.304
internal_count=61188 28952 16778 32236 13042 3736 12174 8591 4311 2444 31775 29834 23711 10362 13349 6123 5540 7281 3613 835 1941 4280 3253 1405 887 583 5947 5761 1658 1867
is_linear=0
shrinkage=0.05


Tree=84
num_leaves=31
num_cat=0
split_feature=15 15 4 16 16 3 14 3 15 3 3 13 3 4 16 10 1 3 16 11 4 9 3 7 10 2 13 5 10 8
split_gain=71.4595 140.689 242.521 142.263 158.839 107.254 89.6092 60.6388 53.9669 68.7517 89.4369 53.1166 49.8807 65.1618 60.2193 49.5073 71.3919 52.2976 49.0206 46.1526 45.2523 40.9584 40.7666 87.3722 45.2716 39.6637 37.7631 36.9422 32.4853 29.8894
threshold=-0.15547933117248722 -0.15355049999999998 1.0079748951842518 0.11364250000000002 0.11336008305615382 832347534.31500018 0.37925818443384779 -11756214611.393471 -1.3158873400484574 1806963983.7350004 1594239579.5372736 1.0893570000000004 673017178.50000012 2.217867393930594 28.503928620325652 6.8843614587119211 1.227699108448552 300761508.8973406 0.5199464404781905 1.6763310000000002 11.305384537861483 1.9047880000000001 -2128508895.617614 0.79705122031904763 19.454028030758789 2.3969170000000006 0.17391308767980623 0.32380250000000005 11.056661575646826 1.3631480518891288
decision_type=2 2 2 2 2 2 2 2 2 2 2 2 2 2 2 2 2 2 2 2 2 2 2 2 2 2 2 2 2 2
left_child=5 3 -3 4 7 18 15 -2 9 10 21 20 13 -5 26 17 -17 -4 19 -1 27 -7 23 -21 -24 -15 -14 -10 -22 -9
right_child=1 2 6 12 -6 8 -8 29 11 -11 -12 -13 14 25 -16 16 -18 -19 -20 22 28 -23 24 -25 -26 -27 -28 -29 -30 -31
leaf_value=-0.016553311402433483 -0.14054036792112753 0.057404851918019834 0.011060814667695869 -0.0057272139606116918 -0.059967656128216557 -0.065609386411916826 -0.025010810240748069 -0.015822880663114845 0.020126038366172164 -0.072679306882521166 0.044801344157959187 -0.045411079179913216 0.0050865991727941373 0.027452553825462217 0.041142132780137099 -0.0011052393471623521 0.026335039493318599 -0.012938227495724836 0.030554799606162322 -0.045366081158212314 -0.051974482987042651 0.00082130217818394274 0.009098491902470569 0.031554545056067113 0.029979259927333052 -0.089594037673200969 -0.042949703260272476 -0.015916785645997342 0.01049314320672318 0.027669615041765017
leaf_weight=164.20976944640279 9.4566832184791547 195.07765841670334 351.22400608099997 507.62995162606239 275.95048093609512 58.56497947499156 324.59268889017403 612.22386124543846 291.4557024743408 68.680058423429728 46.912990961223841 61.629135854542255 55.101577114313841 271.99119762890041 33.901871722191572 516.13983574323356 438.33980230428278 641.84134595282376 299.65459131076932 88.928247839212418 54.959968954324722 38.428027421236038 1169.2200171072036 63.120564710348845 333.6571633964777 7.4358179606497279 158.89643036574125 94.028481876477599 33.496489252895117 42.227577198296785
leaf_count=1162 70 1981 2316 4912 6724 375 2787 4637 2053 455 283 526 301 2030 235 3413 2940 5312 2402 508 625 202 8604 812 2424 48 940 944 240 927
internal_value=-8.44588e-05 -0.00405629 0.00390475 -0.0140023 -0.0280849 0.00606947 -0.000688582 -0.014833 -0.0102053 -0.03152 -0.0118764 -0.0017448 -0.00121371 0.00494671 -0.0207724 0.00336515 0.0114966 -0.00445033 0.0118162 0.00872949 0.00393337 -0.03929 0.0112382 -0.0134337 0.0137343 0.0243378 -0.030581 0.0113344 -0.0283194 -0.0130166
internal_weight=7308.98 4442.03 2467.22 1974.82 939.859 2866.95 2272.14 663.908 748.156 212.586 143.906 535.57 1034.96 787.057 247.9 1947.54 954.48 993.065 2118.79 1819.14 473.941 96.993 1654.93 152.049 1502.88 279.427 213.998 385.484 88.4565 654.451
internal_count=61188 39573 18749 20824 12358 21615 16768 5634 5703 1315 860 4388 8466 6990 1476 13981 6353 7628 15912 13510 3862 577 12348 1320 11028 2078 1241 2997 865 5564
is_linear=0
shrinkage=0.05


Tree=85
num_leaves=31
num_cat=0
split_feature=16 15 15 3 15 4 13 14 11 3 7 7 13 16 11 5 15 4 3 5 3 3 9 3 4 14 5 15 3 6
split_gain=65.612 70.2806 114.966 104.126 76.9063 171.479 74.6319 65.6468 62.8183 48.2333 92.2185 45.4822 45.3263 44.6343 42.9669 39.5123 38.3902 29.0146 34.0032 32.2314 24.9471 27.8373 23.8164 23.7034 23.1288 23.0828 23.0251 20.5926 24.7388 25.8549
threshold=0.90730000000000011 1.283651904825289 -0.15547933117248722 832347534.31500018 -0.15355049999999998 1.0681181044507062 0.51893600000000017 0.36767104253974964 1.5871311247085096 -2128508895.617614 0.79705122031904763 0.92725493827564709 1.3848695483947828 0.42964907678703518 1.6763310000000002 0.067257781018836713 -1.3772924999999998 8.9569432927063541 270890556.07964605 0.46093255778084147 3629862518.5600004 -493653640.33877224 3.2003294673042331 1500898206.5587661 1.1734140447623844 0.066539500000000015 1.6002440000000002 -0.15547933117248722 532969914.03000003 -15.998260291585106
decision_type=2 2 2 2 2 2 2 2 2 2 2 2 2 2 2 2 2 2 2 2 2 2 2 2 2 2 2 2 2 2
left_child=1 2 3 9 6 -6 11 -7 20 10 -1 -4 16 17 -11 -8 -5 19 -19 24 21 -2 23 -23 -3 -21 -15 -10 -29 -30
right_child=8 13 4 12 5 7 15 -9 27 14 -12 -13 -14 26 -16 -17 -18 18 -20 25 -22 22 -24 -25 -26 -27 -28 28 29 -31
leaf_value=-0.046952289747769667 -0.10313488199798251 0.054347751647559943 -0.013791012645682391 -0.029483415258788316 0.058913798862189365 -0.0024501489635715837 -0.01963600317849119 -0.035714147719896221 0.034061955528145657 -0.011549435044782801 0.028709604444033365 0.018569520035919936 -0.065111411262696928 -0.0099737408945162823 0.014603855508178849 -0.045022575102491136 -0.0021953914029709909 0.026672233112367563 -0.040546642862903076 0.025480690701995282 -0.0410090796253436 -0.020349837247173107 0.028969872765284177 0.016245856933583359 0.017105189916136226 0.1009551540479937 0.1009244853931574 0.021954922499434995 -0.07765209231714032 0.0051475904263476903
leaf_weight=98.644107274711132 6.608127072453498 47.818382913246751 765.54357250779867 179.40164905413985 106.60832407511771 1026.4664359688759 318.52729619853199 173.37380643002689 169.37574862129986 173.976278077811 68.056512363255024 126.52559514902532 39.444147437810898 185.89832397736609 1613.5837375856936 295.43184956908226 457.76418102532625 37.306332677602768 37.954629000276327 17.80338716134429 48.18371763266623 126.55831936746836 57.913874417543411 68.034002732485533 325.18911931663752 23.505438663065434 4.801395207643508 410.48992085270584 9.8294083550572378 230.9374243170023
leaf_count=571 60 453 5240 1133 1102 7939 3103 1753 1477 1201 909 2475 296 1291 11844 6028 3852 207 258 110 387 889 430 394 1929 127 26 3869 62 1634
internal_value=0.000228436 -0.00181275 -0.00370637 0.00380669 -0.0107343 -0.00185709 -0.0184351 -0.00725671 0.0113102 0.00965968 -0.0160629 -0.00920119 -0.0130985 0.0133394 0.0120585 -0.0318518 -0.00987866 0.0213327 -0.00722672 0.0265205 -0.00797243 -0.00182908 0.000822107 -0.00755513 0.0218796 0.068427 -0.00718157 0.0185309 0.0144916 0.00176726
internal_weight=7251.56 6123.62 5443.35 2630.87 2812.48 1306.45 1506.03 1199.84 1127.93 1954.26 166.701 892.069 676.61 680.277 1787.56 613.959 637.166 489.577 75.261 414.316 307.298 259.114 252.506 194.592 373.008 41.3088 190.7 820.633 651.257 240.767
internal_count=61049 51847 47446 19806 27640 10794 16846 9692 9202 14525 1480 7715 5281 4401 13045 9131 4985 3084 465 2619 2160 1773 1713 1283 2382 237 1317 7042 5565 1696
is_linear=0
shrinkage=0.05


Tree=86
num_leaves=31
num_cat=0
split_feature=14 15 15 4 3 14 14 3 7 4 10 12 3 2 5 6 15 5 12 14 10 4 12 13 10 10 3 15 3 2
split_gain=63.528 61.1902 149.586 197.375 74.9297 74.0226 58.9795 57.284 66.9414 50.3206 50.1947 65.4041 49.0661 47.5739 42.8776 42.8347 49.0183 72.6566 67.7237 38.0166 31.3136 30.0394 29.8658 24.1568 27.938 23.577 22.4036 22.1101 17.1495 17.4077
threshold=-0.19800834328166397 -0.15547933117248722 -0.15355049999999998 1.0079748951842518 832347534.31500018 0.34462800000000005 0.37925818443384779 -2008842466.478658 0.79705122031904763 -8.6917323984916095 5.4473263975973305 1.3423714067975865 -10108671171.356323 1.6152560000000002 -0.53213956011262087 9.5979795912278387 -1.0045707874246166 0.92578125194006755 0.60383936308933384 0.17501950000000002 3.6276780000000004 6.7443134876259938 0.94596650000000004 0.61840567341053998 3.0436421292358715 299.67924213263797 5369046957.6150007 -41.904976864551692 20111537.218583908 0.37976650000000006
decision_type=2 2 2 2 2 2 2 2 2 2 2 2 2 2 2 2 2 2 2 2 2 2 2 2 2 2 2 2 2 2
left_child=9 4 5 -4 7 12 14 8 21 23 11 -9 22 -14 -5 16 17 -6 -18 -12 -8 -2 -3 24 -1 -17 27 -11 29 -7
right_child=1 2 3 6 15 28 20 10 -10 26 19 -13 13 -15 -16 25 18 -19 -20 -21 -22 -23 -24 -25 -26 -27 -28 -29 -30 -31
leaf_value=-0.01759199186114891 -0.055672738917832025 0.0089837099136035933 0.057239264482641918 0.050013514725779543 -0.030381147112220421 0.011722431649600391 -0.04487994251080904 0.0081864571105541972 0.025044554762532187 -0.075643649870915847 0.024792087067123755 -0.038290221645361472 -0.01777228030426772 -0.061225344829114653 0.0011533136438220358 -0.043675940625119092 0.032638830296750715 0.087596557552772777 -0.010403774388837543 -0.0021165761749401234 -0.010699021432792104 0.010289784521644228 -0.14875045287942418 -0.054146480659700263 0.02139687076043488 0.055743058457999053 -0.12423138371853988 0.026146744480991975 0.00058966160561635275 0.061667264347521858
leaf_weight=99.260193703696132 83.94157661870122 4.0300954338163129 155.57668524049222 46.034331098198891 204.3137902803719 42.147157775238156 95.262605678290129 711.67491824738681 57.196445554494858 5.3984659593552342 785.01724722236395 84.705940833315253 1338.8011388648301 66.099409935064614 1824.413506930694 103.39382605627179 152.71891712956131 13.940565340220926 227.5565870590508 157.61281974986196 225.88508321158588 21.72735146060586 11.752039887011049 22.749982070177794 85.544307036325336 6.3283393234014502 2.530729576945304 452.33459035865963 103.18682789243758 29.76836752705276
leaf_count=1027 485 47 1525 326 1317 353 944 5131 631 60 5460 577 13954 1016 12975 1048 995 96 2037 1082 1844 139 77 189 1218 34 12 5301 867 282
internal_value=0.0002183 -0.00127884 -0.00520988 0.00282017 0.00465954 -0.017021 -0.00104293 0.00982928 -0.0185259 0.0149093 0.0124849 0.00324303 -0.0208016 -0.0198167 0.00235583 -0.00922282 -0.00395807 -0.0228456 0.00688217 0.0202928 -0.0208382 -0.0421097 -0.108472 -0.00552932 0.000455595 -0.0379418 0.024126 0.0249462 0.0136529 0.0323964
internal_weight=7220.9 6553.09 3942.96 2347.17 2610.13 1595.79 2191.6 1901.88 162.865 667.818 1739.01 796.381 1420.68 1404.9 1870.45 708.252 598.53 218.254 380.276 942.63 321.148 105.669 15.7821 207.554 184.805 109.722 460.264 457.733 175.102 71.9155
internal_count=61049 53242 34210 17614 19032 16596 16089 13505 1255 7807 12250 5708 15094 14970 13301 5527 4445 1413 3032 6542 2788 624 124 2434 2245 1082 5373 5361 1502 635
is_linear=0
shrinkage=0.05


Tree=87
num_leaves=31
num_cat=0
split_feature=16 16 16 3 10 3 0 3 0 0 3 4 3 13 10 4 13 9 13 9 0 9 3 12 9 3 3 13 1 2
split_gain=62.9752 111.179 205.522 57.4686 68.8267 65.3903 72.1029 55.0019 88.1435 107.967 74.9618 71.5936 69.8812 53.2537 52.3139 56.7087 49.3036 76.2898 43.697 55.5341 42.1819 41.4449 38.7776 37.5528 42.595 43.2019 38.5199 37.0988 34.9552 32.0466
threshold=0.16940850000000002 0.11336008305615382 0.11364250000000002 2867818415.9630742 4.015694122933211 -306787686.60867286 0.82303159893494071 435547250.72355181 1.2004510000000004 0.91394437011214769 193689049.75500003 2.7794024598384643 -2008842466.478658 1.4288555000000003 9.7805027056194742 6.3299980000000007 0.74723773910913194 2.5277533272294437 0.29860845236892969 1.518533145753352 2.1214590000000002 1.6335040000000001 263888019.39500001 0.3450357235385047 2.3908220156725934 3952413741.8779621 17885777249.226963 0.045982270249598022 1.3655160000000002 0.10682494775277827
decision_type=2 2 2 2 2 2 2 2 2 2 2 2 2 2 2 2 2 2 2 2 2 2 2 2 2 2 2 2 2 2
left_child=1 7 -3 4 18 6 29 8 9 12 21 -11 -1 14 28 -16 27 -18 -2 -20 -21 -10 -12 -5 -25 -26 -27 -7 -9 -6
right_child=3 2 -4 23 5 16 -8 13 10 11 22 -13 -14 -15 15 -17 17 -19 19 20 -22 -23 -24 24 25 26 -28 -29 -30 -31
leaf_value=-0.016388205703574219 0.0098796836907296369 -0.058323552762560106 -0.0013014713217529845 -0.0512671046618174 0.015707004594959821 -0.045925501640502887 -0.085996167476041885 -0.027255903272245544 0.013525277183107757 -0.050341619787867831 -0.022270802060497721 -0.0030770609232389588 0.014830288730372907 -0.051328367149738555 -0.005450840682501827 0.034887439021957005 -0.014451511831556364 0.032381825492302667 -0.033155128161583086 -0.0070765942945968559 0.03190915702035732 0.052206662075769676 0.013840838246038748 -0.02947656579974452 -0.069861079944534638 0.039538804912364521 -0.062113807789769875 0.023526368975128872 -0.0054212619440440236 -0.020089979244906676
leaf_weight=250.7958189342171 484.98127957992256 252.13386429194361 423.34319406189024 61.499089736491442 137.20384734869003 19.55338766053319 27.409201465547085 282.52681414037943 108.88291993364692 169.05162720568478 97.876454034820199 152.30282667279243 628.42844243347645 68.297273676842451 234.01179102808237 138.8088835068047 251.50024111941457 132.90763576515019 185.04585712589324 507.69549926556647 80.366256970912218 190.23439808189869 309.15464894473553 103.81800511851907 12.912567544728516 80.954937998205423 10.531818989664314 1155.1741423718631 521.89821013621986 114.86226212419569
leaf_count=2665 4148 6699 3245 478 1665 152 151 2259 688 1009 688 923 5744 512 1693 928 1789 1058 1806 3595 585 1224 2134 932 85 524 103 8227 4501 839
internal_value=0.000209548 -0.00417755 -0.022586 0.00519785 0.00712584 0.0132919 -0.0089797 -0.000232937 0.00510511 -0.00313957 0.0191225 -0.027941 0.00592532 -0.00840463 -0.00591444 0.00956794 0.0172841 0.00174095 -0.00188547 -0.00926592 -0.00174869 0.0381261 0.00515728 -0.0169381 -0.00679864 0.015753 0.0278367 0.0223703 -0.0130899 -0.000605075
internal_weight=7194.16 3827.75 675.477 3366.42 3096.7 1838.61 279.475 3152.27 1906.73 1200.58 706.148 321.354 879.224 1245.54 1177.25 372.821 1559.14 384.408 1258.09 773.108 588.062 299.117 407.031 269.716 208.217 104.399 91.4868 1174.73 804.425 252.066
internal_count=61049 34912 9944 26137 24015 13881 2655 24968 15075 10341 4734 1932 8409 9893 9381 2621 11226 2847 10134 5986 4180 1912 2822 2122 1644 712 627 8379 6760 2504
is_linear=0
shrinkage=0.05


Tree=88
num_leaves=31
num_cat=0
split_feature=16 5 6 6 11 13 14 9 6 6 6 11 13 16 12 12 12 3 3 3 15 15 3 5 6 16 5 16 4 9
split_gain=58.5924 62.4282 144.578 92.5183 73.459 70.5622 55.7692 46.5142 45.2198 53.7027 45.524 44.1668 40.6742 38.5378 33.574 25.6421 24.1877 22.1742 18.5325 18.4454 17.6333 17.0298 16.8658 12.2952 10.1117 16.2452 9.34244 9.25404 9.72844 9.23855
threshold=2.6536810665080579 0.027154554712235462 0.28718074451947995 5.2039180000000007 1.4363540380349884 0.51893600000000017 0.17123526826018345 3.7604220661118792 5.2039180000000007 7.0174004949249298 5.2033459752417643 3.8634458282098532 0.28473779917230285 -0.24427318394218286 0.55684977954505988 0.99462200000000012 1.4835635000000003 -1624786852.1949997 226122656.48000005 10881424774.977518 5.8630984763715972 -0.15547933117248722 3629862518.5600004 -0.43797844919916379 28.076211500000003 20.122746030491715 0.0071151473050959455 15.243506577236829 16.452180000000002 4.7598582923952195
decision_type=2 2 2 2 2 2 2 2 2 2 2 2 2 2 2 2 2 2 2 2 2 2 2 2 2 2 2 2 2 2
left_child=1 3 -3 4 12 16 8 14 10 -10 -4 -7 13 -1 -8 19 -6 -9 -14 21 24 23 29 -2 -17 -26 -5 28 -22 -23
right_child=15 2 6 26 5 11 7 17 9 -11 -12 -13 18 -15 -16 20 -18 -19 -20 -21 27 22 -24 -25 25 -27 -28 -29 -30 -31
leaf_value=-0.048250671122890609 -0.057101843318058398 0.065100897333943281 -0.0031941657041690726 0.067787849204503231 0.01641312459821449 -0.0231238765432435 0.004534848042580206 -0.040985906530945304 0.020746846118823128 -0.0018838942331693351 -0.020208685818637488 0.0030123509632219744 -0.011429815757309095 0.003722764274047944 -0.026748611177669537 0.048026730462362499 -0.028318829245884716 0.022636531916392547 -0.052056615400103548 -0.067878819500312854 0.030703890936748787 0.0064115301916755924 -0.044934555451424711 0.045946693644807024 -0.10460458320850839 0.059662708212173593 0.032010006671501195 -0.091780329685015288 -0.067191862516691056 0.035760166714846567
leaf_weight=42.788197163492441 3.0923779867589465 72.990947110578418 1426.5340560227633 58.376892734318972 1147.3866611551493 217.15490807592869 99.947321401908994 16.122243322432041 353.04052165616304 1018.1523387972265 542.69452917948365 632.28505019564182 41.000539846718311 214.2999808806926 604.44473063759506 102.91553821787238 31.037761570885777 90.97124220430851 89.010002600960433 7.3738062903285018 10.16181952878833 208.8086240068078 14.734299864619969 45.265761667862535 2.873690038919448 3.1602852120995522 26.542145585641265 2.9274008572101584 3.3825346380472174 30.765135629102588
leaf_count=339 32 646 10809 469 10145 1727 836 87 2290 8798 6496 4906 287 1521 5990 1030 313 644 665 73 80 1594 108 442 20 25 177 18 17 465
internal_value=0.00019814 -0.000952826 -0.00465855 0.00530999 0.00350626 0.00731629 -0.00588493 -0.0176421 -0.00302876 0.00394283 -0.00788315 -0.00366924 -0.0164531 -0.00492738 -0.0223098 0.0179724 0.015235 0.0130586 -0.0392444 0.0102554 0.0370487 0.0121589 0.00698708 0.039357 0.0443384 -0.0185698 0.0566052 -0.0111676 0.00625564 0.0101804
internal_weight=7160.24 6724.78 4224.9 2499.88 2414.96 2027.86 4151.91 811.486 3340.42 1371.19 1969.23 849.44 387.099 257.088 704.392 435.461 1178.42 107.093 130.011 310.04 125.421 302.666 254.308 48.3581 108.95 6.03398 84.919 16.4718 13.5444 239.574
internal_count=61049 57145 36596 20549 19903 17091 35950 7557 28393 11088 17305 6633 2812 1860 6826 3904 10458 731 952 2714 1190 2641 2167 474 1075 45 646 115 97 2059
is_linear=0
shrinkage=0.05


Tree=89
num_leaves=31
num_cat=0
split_feature=7 9 3 9 7 3 10 9 4 9 11 9 9 15 3 16 5 12 16 4 3 14 16 3 7 9 16 9 12 7
split_gain=58.538 77.7105 65.6363 91.0497 325.116 65.9664 65.9798 63.1075 49.2309 68.1058 44.6415 36.3 27.1202 26.7801 21.7777 28.6807 17.3483 16.9193 14.023 16.187 18.981 9.94159 9.72191 20.6729 3.9838 5.80719 7.85328 3.05767 2.71028 2.48616
threshold=1.0089576624809551 0.85774762693530382 -2008842466.478658 2.1489325896594651 0.53462280585518185 4549091951.8252401 2.4070275000000003 2.4657295647232109 -1.1020276509389932 4.893503882638683 53.004014337793258 -1.2624041547586848 2.083859051068826 -0.49593349999999997 -4598348295.7886858 0.39185954994083005 0.12081100000000002 0.93741850000000004 -0.27903851388757461 -16.907388414189938 -2560822111.5530424 1.0000000180025095e-35 0.11336008305615382 -1528673300.4067059 0.98948890815735857 -21.448242657421812 0.2898645671167826 1.0000000180025095e-35 1.3978351647829799 1.655315267838702
decision_type=2 2 2 2 2 2 2 2 2 2 2 2 2 2 2 2 2 2 2 2 2 2 2 2 2 2 2 2 2 2
left_child=1 24 8 5 21 6 -4 -6 14 13 -11 16 -7 -10 17 -16 18 -3 19 -2 -21 -5 28 -24 -1 26 -26 29 -20 -13
right_child=11 2 3 4 7 12 -8 -9 9 10 -12 27 -14 -15 15 -17 -18 -19 22 20 -22 -23 23 -25 25 -27 -28 -29 -30 -31
leaf_value=0.059076066089917147 -0.20946205264305098 -0.052134053578877508 -0.018990845858072338 0.062840739329096298 -0.012990270001827679 -0.054755300318654693 -0.00083159163439928659 0.0067400726742930517 -0.057076096864810889 0.022273895770097189 -0.12516192776824486 0.052854606275469257 0.021614462732985645 -0.018831835560025573 -0.026139831148530759 -0.16633406383394325 -0.15946789034076381 -0.16125769986200306 0.043967919394352691 -0.12992648422861486 0.020127848106900589 0.087308710152528154 -0.10008147529639266 0.016944790842829797 -0.11867904167993806 0.056069512535618031 0.053703516268236641 0.053218306298857876 -0.0041962434533517352 0.018273768980981969
leaf_weight=56.384626274928451 1.3311871085315932 5.735718108713626 593.95984498877078 83.651608718559146 508.08411094360054 87.675594969652593 3169.2458444982767 2002.9142113504931 71.574753388762474 111.51873547211289 5.381975855678319 8.6201497223228234 13.401869056746362 126.98328913375735 25.721187233924869 4.2510583959519854 1.6667823810130347 9.3303527086973173 21.693844500929121 2.9861094802618018 7.1623421888798466 82.415651785209775 4.779318597167733 17.936243321746588 1.4311985038220885 4.0370384752750388 1.2272478677332399 78.039138074964285 3.3752654679119578 13.090484514832495
leaf_count=791 26 56 4485 787 3612 993 26373 16879 418 1095 41 236 92 779 263 46 18 60 497 57 155 544 97 308 18 73 24 1789 56 381
internal_value=0.000190092 -0.000498246 -0.00100316 0.000141503 0.0072288 -0.00476837 -0.00369773 0.00274777 -0.0217734 -0.0147918 0.0154861 0.030027 -0.0446294 -0.0326178 -0.0706745 -0.046024 -0.000380253 -0.119714 0.00409402 -0.045528 -0.0240246 0.0749837 0.0160151 -0.00767735 0.0547461 0.0182823 -0.0391002 0.048601 0.0374832 0.032004
internal_weight=7125.61 6964.93 6901.85 6541.35 2677.07 3864.28 3763.21 2511 360.497 315.459 116.901 160.681 101.077 198.558 45.0383 29.9722 60.9311 15.0661 59.2643 11.4796 10.1485 166.067 47.7847 22.7156 63.0801 6.69548 2.65845 99.7498 25.0691 21.7106
internal_count=61049 57429 56523 53765 21822 31943 30858 20491 2758 2333 1136 3620 1085 1197 425 309 1214 116 1196 238 212 1331 958 405 906 115 42 2406 553 617
is_linear=0
shrinkage=0.05


Tree=90
num_leaves=31
num_cat=0
split_feature=3 16 16 16 11 12 10 3 0 3 0 2 6 3 6 0 12 4 11 3 1 8 3 3 5 0 11 10 3 14
split_gain=60.2166 61.3946 101.288 211.021 53.6655 53.7211 51.7721 52.9835 93.7911 65.9029 108.893 52.9988 51.5279 48.7335 32.7076 31.1996 28.6801 30.0903 27.9027 25.8772 42.9412 20.9652 20.5955 35.2964 20.9772 17.4773 16.5573 12.6145 7.37432 6.21124
threshold=17885777249.226963 0.16940850000000002 0.11336008305615382 0.11364250000000002 1.9830875000000001 0.56731000000000009 2.2732195467889205 -306787686.60867286 0.82303159893494071 166305387.51500002 1.2537020000000003 0.095907871498461819 -23.177528310706531 463694872.75578517 5.2033459752417643 1.0809493519323701 0.69947750000000009 -8.1815948238373686 0.12594786088780099 189068030.4211657 0.98520918600881235 0.40214550000000004 57254363.338418759 -129583571.95917168 0.06914555556872512 1.2444860000000002 5.0493567176828122 2.1320855000000005 -6800960462.6308031 0.009373745225975701
decision_type=2 2 2 2 2 2 2 2 2 2 2 2 2 2 2 2 2 2 2 2 2 2 2 2 2 2 2 2 2 2
left_child=1 2 4 29 5 18 14 8 11 15 -11 -8 21 -14 16 -9 17 -3 -1 20 -5 -6 23 -16 -24 -21 -18 -7 -10 -4
right_child=-2 6 3 19 12 27 7 9 28 10 -12 -13 13 -15 22 -17 26 -19 -20 25 -22 -23 24 -25 -26 -27 -28 -29 -30 -31
leaf_value=-0.072175820316675007 -0.058857383601507191 -0.027194799424887412 -0.078773734227328807 0.0025997570500015544 0.00055217892618525215 -0.078778333700724151 0.019423313237384818 0.014504016006695051 -0.018132998780662293 -0.034996759877668614 0.0098096581457457425 -0.022576131427325313 0.0063058948667188688 -0.0083433705930405552 -0.099428340031502249 0.036712185676939783 -0.042491502328371261 0.012983716716673767 0.00088560369559756945 -0.055625277301345692 0.066434105498034454 0.051134187407342262 -0.010078048427984095 0.058480970514874692 -0.0465343286163801 -0.0071619649621718229 -0.002323283050142531 -0.032313329236301772 -0.092859095590826543 -0.055741719848231633
leaf_weight=13.677288562059401 43.214968179352582 55.463553551584482 34.073241125792265 152.03754684887826 28.202828265726566 15.94931900501251 154.98647912591696 342.50164819601923 3.6661032773554316 148.57437737844884 1552.7977299336344 145.75198205374181 1635.1372907422483 869.67484272271395 4.5878135971725014 293.81603978574276 54.238948768004775 291.57113641314209 293.35693246871233 20.326066929847002 31.867554407566786 74.864023042842746 67.709174059331417 15.476539185270665 94.572785336524248 219.47317531332374 48.679703544825315 173.54100702144206 33.201316561549902 207.74257437512279
leaf_count=69 479 507 190 1226 196 126 1984 3181 22 989 10952 1106 12912 7238 28 2371 374 2315 2217 151 195 602 529 110 969 1686 320 1425 181 6537
internal_value=-1.51541e-05 0.000344134 -0.00401785 -0.0217186 -0.000223184 -0.0152893 0.00531583 0.00835698 -0.0101588 0.011031 0.00589688 -0.00093159 0.00264532 0.00121965 -0.00755143 0.0247585 -0.000312109 0.00656233 -0.00236902 -0.000448778 0.0136611 0.0372931 -0.025415 0.0223742 -0.0313236 -0.0112699 -0.0234923 -0.0362243 -0.0854283 -0.0589871
internal_weight=7120.73 7077.52 3769.92 665.52 3104.4 496.525 3307.6 2675.3 337.606 2337.69 1701.37 300.738 2607.88 2504.81 632.3 636.318 449.953 347.035 307.034 423.704 183.905 103.067 182.346 20.0644 162.282 239.799 102.919 189.49 36.8674 241.816
internal_count=61187 60708 34770 9985 24785 3837 25938 20786 3293 17493 11941 3090 20948 20150 5152 5552 3516 2822 2286 3258 1421 798 1636 138 1498 1837 694 1551 203 6727
is_linear=0
shrinkage=0.05


Tree=91
num_leaves=31
num_cat=0
split_feature=3 9 7 7 1 10 9 16 14 7 15 15 15 13 1 7 9 16 11 9 14 16 10 7 14 14 8 14 16 3
split_gain=56.4427 62.0209 218.851 105.843 94.8065 104.965 92.4044 50.8604 54.3957 41.4748 43.0708 74.3254 51.2533 31.2211 25.6795 25.5868 22.0199 16.9917 4.591 2.86624 2.29021 1.59572 5.57468 1.47959 1.22714 1.17255 1.25785 0.995867 0.711564 0.274328
threshold=17885777249.226963 2.8529610000000001 0.64773188814794358 0.65167190129648178 1.1451194053393503 1.4485190000000003 1.4787633735912629 0.8363575000000002 0.12988650000000004 1.0089576624809551 -0.15547933117248722 -0.15355049999999998 -0.91962387299812909 0.17023308122663894 0.72149351833537778 0.98948890815735857 -1.2624041547586848 -0.61237117503100091 0.92547896773716409 2.9164533527842011 -0.051928704937812591 0.014305910033402374 3.215784761903993 0.61714021969701471 -0.020219151229573597 0.0014575000000000002 0.76540930371671934 -0.028432580995561802 0.19611000000000003 819768799.06663311
decision_type=2 2 2 2 2 2 2 2 2 2 2 2 2 2 2 2 2 2 2 2 2 2 2 2 2 2 2 2 2 2
left_child=1 3 19 4 7 13 -7 8 -1 10 12 -12 -4 -6 -9 25 17 -17 -18 20 -3 22 -2 -22 29 -5 -27 -23 -26 -21
right_child=21 2 9 15 5 6 -8 14 -10 -11 11 -13 -14 -15 -16 16 18 -19 -20 24 23 27 -24 -25 28 26 -28 -29 -30 -31
leaf_value=-0.011386981458732747 0.031160662580816335 0.059445561514698944 -0.0021234160443987277 0.055554897372135106 -0.0033476838057538596 -0.0049537627583068448 0.012785302332526838 -0.015349929445549007 -0.033951653113347156 0.053101416113919477 -0.016849116994040177 0.010863341808138279 0.026245233851874612 -0.045467820309378341 0.016082344005899696 -0.074555058700879043 -0.010701713863364822 0.010049973161221465 0.048214547161529502 0.055724659929785605 0.074019077750436521 -0.080676192264373475 -0.059891916720608729 0.10412827474737237 0.072467889987978859 0.097191584403252429 0.064364312780474928 -0.058961158120022131 0.061983804770115405 0.063814171064896216
leaf_weight=1259.1403316380456 2.1279438287019721 8.4011814743280429 322.34063374437392 44.135044971480966 63.046128053218126 1460.6410692567006 1475.9451381806284 94.726035971194506 338.98784587346017 40.310022922232747 556.34586384147406 428.1508409306407 314.61334105022252 145.59845958743244 206.92004244215786 6.5985707193613043 3.5334715358912936 58.967960139736533 51.491615656763315 50.96099884994328 7.0519174039363888 6.7049948871135738 8.0041129253804666 9.6824954152107221 31.878073735162616 3.5317525714635876 16.794135777279735 24.840215742588043 32.874314622953534 13.193271603435276
leaf_count=8706 12 75 2735 772 379 13510 11808 606 2698 890 5475 3401 2645 1109 1376 131 69 1162 1455 780 41 33 100 44 232 17 140 334 353 99
internal_value=-1.65297e-05 0.00032664 0.00828807 -0.00243746 -0.00379973 0.00152728 0.00396199 -0.012619 -0.0161733 0.00300306 0.00175759 -0.00479716 0.0118888 -0.0327404 0.00621165 0.0347016 0.0211084 0.00153538 0.0444312 0.0653011 0.0807465 -0.058032 -0.040769 0.0914402 0.0622894 0.0601313 0.0700683 -0.0635767 0.0671452 0.0573883
internal_weight=7087.54 7045.86 1815.8 5230.06 5045.01 3145.23 2936.59 1899.77 1598.13 1661.76 1621.45 984.497 636.954 208.645 301.646 185.053 120.592 65.5665 55.0251 154.042 25.1356 41.6773 10.1321 16.7344 128.907 64.4609 20.3259 31.5452 64.7524 64.1543
internal_count=61187 60708 16770 43938 40192 26806 25318 13386 11404 15146 14256 8876 5380 1488 1982 3746 2817 1293 1524 1624 160 479 112 85 1464 929 157 367 585 879
is_linear=0
shrinkage=0.05


Tree=92
num_leaves=31
num_cat=0
split_feature=16 7 9 0 3 9 7 10 9 0 9 15 12 5 10 4 10 3 3 5 12 15 0 3 4 1 12 0 7 9
split_gain=54.0944 52.2968 64.6316 60.059 115.418 107.29 142.224 81.8703 63.7021 36.4238 28.2197 18.8069 21.1558 17.2902 14.4236 14.1933 20.5315 14.6415 15.4013 13.0356 15.6858 14.3568 15.1731 12.8806 8.286 8.14362 7.63071 6.86829 6.00691 9.13836
threshold=2.881021731910256 1.0089576624809551 0.85774762693530382 1.2444860000000002 132306190.61500001 2.178325123232935 0.54098804659672284 2.4070275000000003 2.4468305000000004 1.0809493519323701 1.0000000180025095e-35 6.7048310073591137 1.0298795000000003 0.12081100000000002 0.82014546587114556 3.8298470302584833 13.981050000000002 2399938246.7700005 1841637884.1900003 -0.43797844919916379 0.26060200000000006 -0.15547933117248722 3.9616340331871744 -2560822111.5530424 29.790107269492683 0.079542071843212978 2.9400744635098381 4.9317915000000001 0.98948890815735857 -21.448242657421812
decision_type=2 2 2 2 2 2 2 2 2 2 2 2 2 2 2 2 2 2 2 2 2 2 2 2 2 2 2 2 2 2
left_child=1 2 28 4 8 7 -7 -5 -4 -6 13 12 19 14 23 -13 -17 18 -18 20 -2 -21 -23 -3 26 -16 -14 -22 -1 -30
right_child=11 10 3 5 9 6 -8 -9 -10 -11 -12 15 24 -15 25 16 17 -19 -20 21 27 22 -24 -25 -26 -27 -28 -29 29 -31
leaf_value=0.058347558872400798 -0.11586887799224943 -0.17155119991489698 -0.016453207359487385 -0.020898595504083475 -0.064034238191329237 0.073569010017619424 0.0097556602385029251 0.00070679306962735092 0.0027358426880339684 -0.025622766860503146 0.052908058938065196 0.040428474296507089 0.04795358540586038 -0.14326350128798657 -0.059304449274343196 -0.067495877534434423 -0.056199827582747088 -0.059453136448058996 0.062177756437544078 0.043217181406109091 0.022002548089154337 0.005106793524865324 0.043154386335654507 -0.017238933254735599 -0.035904793764399333 0.023039499399178202 -0.021483180170150981 -0.084233789550247434 -0.071636242072056003 0.056092950262301128
leaf_weight=48.489946534857154 4.0271275006234637 1.7749106734991071 641.56067992467433 524.83515729103237 75.977885561063886 97.798290913924575 814.59848875179887 2664.641369573772 1327.2515771435574 328.80628144321963 65.7109215836972 10.344943784177302 88.354507280513644 1.8347875010222185 3.1471744216978541 16.468302918598056 3.6264189556241062 5.9108588658273211 11.338297087699173 43.228653114289045 7.8597994931042177 160.46220592968166 31.317686375230551 5.679654521867632 3.2899588644504538 65.351184595376253 4.1421245224773875 1.8865764588117597 2.346602339297533 3.4725390505045644
leaf_count=738 23 35 4273 4176 484 779 6520 23344 11314 2368 1663 104 923 22 68 108 27 44 77 438 91 1540 216 124 22 1510 41 13 37 65
internal_value=-1.39571e-05 -0.00107465 -0.00173081 -0.00218637 -0.00851648 0.00147662 0.0165957 -0.00284842 -0.00351714 -0.0328326 0.0287835 0.0180311 0.0221041 0.00840441 0.0120682 -0.0113978 -0.0257546 0.00717425 0.0334912 0.0144165 -0.0328599 0.0171873 0.01132 -0.0539802 0.0420706 0.0192562 0.0448441 0.0014387 0.052587 0.00458542
internal_weight=7065.53 6673.28 6529.78 6475.47 2373.6 4101.87 912.397 3189.48 1968.81 404.784 143.499 392.257 344.569 77.7877 75.9529 47.6888 37.3439 20.8756 14.9647 248.782 13.7735 235.009 191.78 7.45457 95.7866 68.4984 92.4966 9.74638 54.3091 5.81914
internal_count=61187 57520 54098 53258 18439 34819 7299 27520 15587 2852 3422 3667 3307 1759 1737 360 256 148 104 2321 127 2194 1756 159 986 1578 964 104 840 102
is_linear=0
shrinkage=0.05


Tree=93
num_leaves=31
num_cat=0
split_feature=3 9 7 7 0 13 10 10 9 7 9 6 3 11 7 7 9 5 9 2 15 14 9 5 11 2 10 14 14 7
split_gain=53.1052 54.5582 302.292 97.0711 109.143 92.4478 113.217 77.5276 58.4332 135.643 56.5194 55.3779 37.4095 35.2222 28.1661 28.0788 18.4657 14.5208 13.0228 10.0448 8.85022 8.01748 7.59856 5.26433 4.40728 1.4046 4.57681 0.902149 0.864556 1.14495
threshold=17885777249.226963 2.1919999419003573 0.54363221205676793 0.54663272946120223 1.3676685000000004 0.74723773910913194 2.2378805864157276 35.658576327853787 2.4657295647232109 0.5962169274950242 2.8529610000000001 -20.196775773608099 598208429.8320024 71.370291787604586 0.98948890815735857 0.57748250000000012 -1.2624041547586848 0.12081100000000002 2.4856060517015774 0.050453127429580073 0.11111461997981263 0.0028343131417539881 2.3908220156725934 1.0000000180025095e-35 0.92547896773716409 0.13708867991266457 3.0804481083188295 -0.065108816045255216 0.0014575000000000002 0.65167190129648178
decision_type=2 2 2 2 2 2 2 2 2 2 2 2 2 2 2 2 2 2 2 2 2 2 2 2 2 2 2 2 2 2
left_child=1 3 21 4 12 6 -6 -7 11 18 -11 20 13 -1 28 -13 17 -16 -10 -14 -4 27 23 -23 -18 26 -2 -3 -5 -30
right_child=25 2 8 14 5 7 -8 -9 9 10 -12 15 19 -15 16 -17 24 -19 -20 -21 -22 22 -24 -25 -26 -27 -28 -29 29 -31
leaf_value=-0.016364955721826845 0.025189337243257278 0.058335794487804571 0.068215402089311414 0.056800556262388252 -0.019437300384313072 -0.025855258486706063 0.0082457389624934416 0.021483800195528219 0.024968801714869347 -0.014226161386182257 0.0061047508168068807 -0.010909714243985864 0.044743375221703297 -0.077774609990032897 0.0055643464529890573 -0.039324695617527917 -0.011749380612714883 -0.12363222301017118 0.067296556046544179 -0.061837442487230665 -0.012476509748769953 0.079745398710826726 0.068917265844975484 0.11865663230392601 0.046977796215332962 -0.061598696114713226 -0.064143578375559479 0.068706689234905902 0.097515043444164951 0.063778559762362672
leaf_weight=688.63171823974699 2.0751102678477755 52.951857052743435 21.957172280177478 45.664305404759943 448.18183621950448 524.23182298988104 2099.4553057728335 103.57645084708929 22.846994025632739 425.08983584772795 1745.5199930723757 285.99929501954466 2.291473224759101 24.169302958063781 62.702423235401511 124.91336511913687 3.4555475804954758 2.2529931720346204 88.799485345371068 62.681017362512648 4.0202553234994403 15.531529843807219 36.218066172674298 19.739625670015812 42.324846467003226 33.366776323877275 4.6390975783579051 34.718049476854503 3.1085741892457035 13.169453251175581
leaf_count=4643 12 598 142 784 3541 4645 18461 673 147 2903 15974 2054 13 172 1269 958 66 24 803 576 27 90 322 97 1312 417 50 278 17 119
internal_value=-1.0762e-05 0.000317643 0.00560102 -0.00336814 -0.00497101 -0.00085935 0.00337572 -0.0180452 0.00168076 0.00488768 0.00212317 -0.0150717 -0.0217579 -0.0184472 0.0333273 -0.0195476 0.0182243 0.00108313 0.0586347 -0.0580785 0.0557276 0.0725765 0.0850038 0.101522 0.042545 -0.0574 -0.0365341 0.0624428 0.0603274 0.0702211
internal_weight=7044.28 7004.2 2878.31 4125.9 3953.22 3175.45 2547.64 627.808 2719.15 2282.26 2170.61 436.89 777.774 712.801 172.678 410.913 110.736 64.9554 111.646 64.9725 25.9774 159.159 71.4892 35.2712 45.7804 40.081 6.71421 87.6699 61.9423 16.278
internal_count=61187 60708 24393 36315 32724 27320 22002 5318 23008 19827 18877 3181 5404 4815 3591 3012 2671 1293 950 589 169 1385 509 187 1378 479 62 876 920 136
is_linear=0
shrinkage=0.05


Tree=94
num_leaves=31
num_cat=0
split_feature=16 15 15 16 16 3 15 4 13 3 10 3 13 3 9 8 3 1 4 4 4 5 9 3 3 4 6 9 4 13
split_gain=50.1647 121.85 112.104 73.7135 108.167 54.7211 56.7895 98.2129 48.205 43.4109 58.8334 55.3453 48.6007 69.7024 43.0611 42.8771 36.6168 51.2722 44.0583 44.2234 35.4454 35.1553 35.144 31.4538 32.1133 29.8923 41.0824 32.3323 29.8111 26.3894
threshold=0.16940850000000002 0.60546523182206957 -0.15547933117248722 0.11336008305615382 0.11364250000000002 403403147.64895016 -6.303489300135948 0.84947225114345171 1.4288555000000003 2867818415.9630742 3.8530750769973525 -306787686.60867286 0.74723773910913194 105476379.545 1.7385661677502706 0.84257345917128679 286415675.21383256 1.1819542968997492 9.575854623125343 6.428812619860957 1.7139915000000003 0.28150650000000005 3.9613330422728401 263888019.39500001 166305387.51500002 6.3299980000000007 5.2033459752417643 1.5679085000000004 6.3008315811964453 0.29860845236892969
decision_type=2 2 2 2 2 2 2 2 2 2 2 2 2 2 2 2 2 2 2 2 2 2 2 2 2 2 2 2 2 2
left_child=1 2 5 25 -5 6 20 -8 14 10 22 15 21 -14 -7 -12 23 -18 19 -19 -1 -13 29 24 -3 26 -4 -27 -11 -2
right_child=9 16 3 4 -6 8 7 -9 -10 28 11 12 13 -15 -16 -17 17 18 -20 -21 -22 -23 -24 -25 -26 27 -28 -29 -30 -31
leaf_value=-0.031263202874851084 0.004429590007968531 0.034823700538251852 -0.008190035382957957 -0.058402697833530762 -0.0054797270069410244 -0.017097009350650533 0.047716016774727109 0.0053609212386733513 -0.06525769670376029 -0.0001471084015638506 -0.026301491409130691 0.025051972639363859 0.031445480402339167 -0.015071739528361983 0.0066505862996648294 0.013419048981222351 -0.038416186906365647 0.019015647003342913 -0.042475296765999336 0.10004203802650283 0.026928186496043966 0.0047404484716964514 0.018115094445782201 0.08852334607718565 -0.033592186296444511 -0.020275267097425068 -0.032814046402440421 0.024042725811418267 -0.034715377536102737 -0.012274707650072316
leaf_weight=124.42499892786145 375.55193586833775 182.93011942692101 664.13741190172732 228.06644788151607 167.42492372915149 413.53994981013238 169.84357562847435 704.91033857874572 36.096876045688987 141.34086471237242 154.96445481292903 915.01353182923049 117.75653962045908 254.74077374115586 354.55403555557132 120.98531887214631 49.821342546492815 111.44137490727007 23.956176158040762 19.83754824846983 33.138240925967693 277.68216582108289 176.04591886419803 24.388928610831499 18.926403863355517 64.573903560638428 227.37833224050701 113.473463954404 111.62272313609719 638.26895556412637
leaf_count=1131 2958 1265 5927 6722 1477 3730 1877 4665 284 886 1028 6753 1027 1841 2572 1678 333 681 188 107 239 1944 1992 119 128 649 1979 889 1196 4922
internal_value=-8.90473e-06 -0.00397421 -0.00723928 -0.0175548 -0.0359986 0.000989788 0.00860749 0.0135847 -0.00878884 0.00449843 0.00615918 0.0117593 0.0153992 -0.00036638 -0.00613506 -0.00888672 0.0210195 0.00571661 0.0198806 0.0312595 -0.0190246 0.0203231 -0.00250611 0.0348892 0.0284089 -0.0107348 -0.0144703 0.00796955 -0.0154007 -0.0060869
internal_weight=7016.84 3732.86 3301.56 1465.05 395.491 1836.51 1032.32 874.754 804.191 3283.97 3031.01 1841.14 1565.19 372.497 768.094 275.95 431.302 205.056 155.235 131.279 157.563 1192.7 1189.87 226.245 201.857 1069.56 891.516 178.047 252.964 1013.82
internal_count=61187 34962 32141 17643 8199 14498 7912 6542 6586 26225 24143 14271 11565 2868 6302 2706 2821 1309 976 788 1370 8697 9872 1512 1393 9444 7906 1538 2082 7880
is_linear=0
shrinkage=0.05


Tree=95
num_leaves=31
num_cat=0
split_feature=11 11 13 5 10 12 8 11 10 16 5 15 3 15 0 10 13 11 3 0 11 3 0 14 15 10 10 8 3 4
split_gain=54.5167 109.489 74.1026 64.7896 56.1692 62.9527 83.8711 46.7873 48.9445 46.3994 40.1896 49.5211 51.7066 51.1364 46.1501 46.7193 44.0403 37.8781 33.1724 32.8641 34.4853 33.073 31.3329 27.1704 25.4977 24.6651 23.2647 20.0042 19.9035 16.0337
threshold=4.129261500000001 4.1176966072146834 0.38857950000000002 -0.37794187917898775 2.3747575000000007 1.2443674274186258 0.22951700000000003 0.59432750000000012 299.67924213263797 1.7395388719184928 0.27665228203760228 -0.17012549999999996 1806963983.7350004 0.23275000000000004 1.3864300000000001 10.861488500000002 0.34550685032785705 2.2448165000000002 929559197.38500011 6.070539000000001 0.12594786088780099 1500898206.5587661 1.0128163509300618 1.9017314254329161 1.0640335000000003 21.999563000000006 8.7031680595156562 0.091273500000000021 47217117.335022926 0.18789849276423889
decision_type=2 2 2 2 2 2 2 2 2 2 2 2 2 2 2 2 2 2 2 2 2 2 2 2 2 2 2 2 2 2
left_child=1 2 7 18 22 6 -6 19 23 10 11 12 -5 -13 16 -16 -12 -7 27 20 -1 -21 -4 -9 -11 -20 -26 -2 -24 -3
right_child=3 29 4 9 5 17 -8 8 -10 24 14 13 -14 -15 15 -17 -18 -19 25 21 -22 -23 28 -25 26 -27 -28 -29 -30 -31
leaf_value=-0.067034580473706473 -0.053717277615487335 -0.11750024627241572 -0.1225468103245583 0.015904515822948613 -0.040228343890937247 -0.072223646344197798 0.0038548736664534254 0.0052305313508745925 0.067251451447573898 0.03530018814044926 -0.061160282872199351 -0.0096543210213244305 -0.024092526986094626 0.0098500485549390393 -0.014836995110240376 0.01546094449833655 -0.013729447338882067 -0.020184124301457749 -0.069586190055309374 -0.079679259931611512 -0.012343191899582015 0.069134571120729196 0.034435609867813681 0.049869707509179129 -0.03439787715341406 0.047902856349068428 0.028469988593628912 0.042852574439814071 -0.035834197372387987 -0.049739016751262771
leaf_weight=32.662808585911989 5.5428639557212582 9.6713158693164569 10.009350709617136 949.47656591795385 122.40630412008613 39.747064836323261 910.20165888313204 1371.8823416614905 33.771009039133787 159.52756077796221 67.597317887470126 845.77230706624687 88.319894168525934 557.6065616030246 267.29609742853791 242.82192178163677 177.32154137920588 290.7745745331049 12.868068921379747 4.5867241993546513 245.16542839817703 20.073234047740698 10.713091015815733 34.956780809909105 29.65630030632019 6.8424671888351432 29.209748691879213 164.91395248752087 169.72387049440295 89.690160823054612
leaf_count=186 39 69 66 7172 1585 366 7932 10979 232 1860 445 8888 677 3976 3353 2423 1658 2417 84 31 1614 115 70 270 228 41 223 1595 1526 1090
internal_value=-7.58994e-05 -0.00462173 -0.00306311 0.0042067 -0.0110035 -0.00744991 -0.00137079 0.00401396 0.00776762 0.00262479 0.00110124 0.00421937 0.0125006 -0.00190462 -0.00898024 -0.000414835 -0.0268203 -0.0264422 0.0326111 -0.0138629 -0.018773 0.0414554 -0.0364387 0.00633971 0.0249222 -0.0288001 -0.0032024 0.0397123 -0.0316621 -0.0563345
internal_weight=7000.81 3396.04 3296.67 3604.77 1553.58 1363.13 1032.61 1743.1 1440.61 3414.61 3196.21 2441.18 1037.8 1403.38 755.037 510.118 244.919 330.522 190.167 302.488 277.828 24.66 190.446 1406.84 218.394 19.7105 58.866 170.457 180.437 99.3615
internal_count=61210 28548 27389 32662 13962 12300 9517 13427 11481 30903 28592 20713 7849 12864 7879 5776 2103 2783 1759 1946 1800 146 1662 11249 2311 125 451 1634 1596 1159
is_linear=0
shrinkage=0.05


Tree=96
num_leaves=31
num_cat=0
split_feature=3 12 10 12 3 10 10 3 13 8 16 2 0 0 3 14 13 1 7 4 7 3 14 12 3 2 13 4 12 0
split_gain=49.7562 49.3364 77.002 58.6691 51.6588 48.4548 42.5047 41.2015 40.2524 39.4623 37.7704 37.7681 36.9432 33.539 35.9918 31.9868 28.8498 26.3407 22.4202 21.2073 20.545 17.5639 16.277 14.1653 11.8278 11.4128 10.3927 5.8738 5.13095 2.43275
threshold=17885777249.226963 0.5777232948149601 6.8843614587119211 1.50922545224157 1618979595.3339245 2.4409235000000007 1.0990260000000001 -21432504611.069996 0.14177636335649729 0.11413950000000002 1.5945020518129891 4.5525710000000013 3.0157966421620048 1.0277203899756442 29446292.214853022 -0.11707458416655205 0.045982270249598022 3.6207593983157156 0.53160997702690171 6.3299480000000008 0.86698369409256137 1136271513.4100001 1.2395170985147359 0.52612750000000019 4882846729.8306608 0.0024675605694046252 0.18830570072474653 8.0133331845403735 0.17771185020970134 0.26365172686299193
decision_type=2 2 2 2 2 2 2 2 2 2 2 2 2 2 2 2 2 2 2 2 2 2 2 2 2 2 2 2 2 2
left_child=1 6 3 4 5 -3 8 27 24 17 15 16 -6 20 -15 -9 -11 28 22 -19 -5 -13 -10 -20 25 -1 -12 29 -8 -4
right_child=-2 2 7 13 12 -7 9 10 18 11 26 21 -14 14 -16 -17 -18 19 23 -21 -22 -23 -24 -25 -26 -27 -28 -29 -30 -31
leaf_value=-0.063866699941879532 -0.057391733325506782 -0.017034849570890503 -0.10819491445141281 -0.068142872676486027 -0.038295106531233192 0.0011880849698757015 0.097351743566974708 0.017798817834192196 -0.059848634582386775 -0.027628725642564678 -0.045323155788524444 0.072884047688661122 0.0076997140814565393 0.054688663321431602 -0.024279786816747376 0.00063140530503627416 0.012437852803704826 0.026507919463721708 -0.0044566911683516499 -0.039615389140933606 0.0012484534713055608 -0.0095395921990264823 0.060557353956285587 -0.087415084091376286 -0.093434148061796674 0.015755528184788592 0.029449153344056546 0.00018011965004755977 0.022070680619658219 -0.065706802802369332
leaf_weight=4.7061693388968697 37.656404004432261 471.56096958648413 4.4658291898667875 65.616222731769085 183.9703760445118 1611.0780927166343 4.6619152128696424 313.3086613425985 56.755575846880674 46.474083313718438 4.7817174065858117 36.144378017634153 57.240968217141926 15.447024388238786 218.94105304777622 2025.1803977265954 1350.6642446741462 14.51748328283429 60.06935017183423 73.608853636309505 12.737535985186694 7.8708322867751113 2.952868375927209 5.6278141215443602 2.7127451151609412 103.0054312441498 165.1557883778587 2.926668779924511 4.3993968740105629 13.717358682304619
leaf_count=61 474 3765 28 421 1714 14815 22 3640 387 369 51 255 634 109 1830 17133 11152 108 544 661 150 67 19 34 14 1007 1599 28 22 97
internal_value=-7.26653e-05 0.000238334 -0.00223214 -0.00821126 -0.00547509 -0.00293804 0.00743199 0.00400003 -0.012334 0.0104621 0.00458543 0.0125418 -0.0273802 -0.0285425 -0.0190755 0.00293148 0.0111051 -0.0203758 -0.0317178 -0.0287226 -0.0568623 0.058145 -0.053894 -0.0115632 0.0096797 0.0122766 0.0273452 -0.0655607 0.0608017 -0.076142
internal_weight=6977.96 6940.3 5166.13 2636.59 2323.85 2082.64 1774.17 2529.54 235.83 1538.34 2508.43 1441.15 241.211 312.742 234.388 2338.49 1397.14 97.1876 125.406 88.1263 78.3538 44.0152 59.7084 65.6972 110.424 107.712 169.938 21.1099 9.06131 18.1832
internal_count=61210 60736 46014 23438 20928 18580 14722 22576 2066 12656 22423 11843 2348 2510 1939 20773 11521 813 984 769 571 322 406 578 1082 1068 1650 153 44 125
is_linear=0
shrinkage=0.05


Tree=97
num_leaves=31
num_cat=0
split_feature=15 15 4 16 16 3 4 3 6 10 12 3 0 9 10 0 6 8 15 4 15 4 9 3 3 6 10 13 13 7
split_gain=47.431 113.039 192.697 91.9966 125.699 62.4725 47.9701 54.254 45.5377 45.0352 44.9806 44.955 43.4098 66.5264 48.14 43.5749 42.7035 41.8672 39.2653 52.8308 84.0888 38.367 67.9945 38.0807 37.3885 35.2222 31.0879 32.8631 28.8173 27.0834
threshold=-0.15547933117248722 -0.15355049999999998 0.92357990383105271 0.11364250000000002 0.11336008305615382 832347534.31500018 2.3153350000000006 305552480.47000009 5.2033459752417643 35.658576327853787 3.6917230000000005 4549091951.8252401 1.3326110000000002 2.0438510363601146 248.59772398159285 3.0157966421620048 5.2033459752417643 0.40513150000000003 -62.169570151826989 -1.6914267217674499 -4.051491613342086 6.3299980000000007 2.1218534170441909 -8438932815.7649984 -2128508895.617614 5.2039180000000007 1.8019274957807558 0.35645689579062173 1.0253954359416559 1.0089576624809551
decision_type=2 2 2 2 2 2 2 2 2 2 2 2 2 2 2 2 2 2 2 2 2 2 2 2 2 2 2 2 2 2
left_child=5 3 -3 4 23 18 26 -8 -9 16 11 -11 -7 14 15 -14 17 -4 -1 20 -20 24 -23 -2 -21 -18 27 -5 -15 -25
right_child=1 2 9 6 -6 12 7 8 -10 10 -12 -13 13 28 -16 -17 25 -19 19 21 -22 22 -24 29 -26 -27 -28 -29 -30 -31
leaf_value=-0.02788552021744033 -0.094368027204765892 0.055794250267529856 0.02230738148818941 -0.021877509065421737 -0.057710850060164423 -0.044505714179771311 0.031458887519589626 0.018534626305464753 -0.027566850785121052 0.029870070182343451 -0.041837889578583476 -0.042366041253606393 -0.033412625411063095 0.027223405414738319 0.058617971635591404 -0.00073910851431871656 -0.022017833095942661 -0.0017008133937877479 0.0042298873769003398 -0.024523469294392326 0.056508541306419691 0.0054859523207189034 0.04642502144304067 -0.014730029229145687 0.0054805221432572861 -0.0022906180453823193 -0.0052053451742540592 -0.090707709568691439 -0.029971660715584221 0.024260767098325888
leaf_weight=67.932324834167957 14.272377783432601 166.16426502447575 244.72142944391817 107.68448981456459 214.52636829391122 72.181891104206443 180.87905835080892 101.87193129584193 112.96048770658672 255.84764703176916 28.801556019112468 23.518055185675621 222.83899001404643 176.87914615869522 21.312942981719971 188.24532920308411 390.65229745581746 703.93159018456936 157.23274720460176 114.64032560586929 150.58378171827644 290.17831664159894 155.92107564210892 590.23010233975947 1101.0027849460021 537.72216031886637 471.23791612684727 20.670475516468287 25.154953330755234 48.171677313745022
leaf_count=566 124 1961 1641 1070 6692 612 1547 663 716 1645 201 255 1945 1112 127 1735 4034 4659 1363 977 1745 2095 1044 4250 8162 4340 4387 121 200 1221
internal_value=-6.9686e-05 -0.00340103 0.00388739 -0.0126025 -0.0245073 0.00504595 -0.00222982 0.0112821 -0.00570587 -5.96611e-05 0.0176554 0.023789 -0.0077647 -0.00358452 -0.0146519 -0.0184506 -0.00296809 0.00449252 0.00948875 0.0107778 0.0298046 0.00725337 0.019795 -0.0135937 0.00265102 -0.0105917 -0.0111472 -0.032962 0.0201021 -0.0117879
internal_weight=6957.97 4213.86 2351.36 1862.5 867.201 2744.1 995.304 395.711 214.832 2185.19 308.167 279.366 706.613 634.431 432.397 411.084 1877.03 948.653 2037.49 1969.56 307.817 1661.74 446.099 652.674 1215.64 928.374 599.593 128.355 202.034 638.402
internal_count=61210 39527 18736 20791 12287 21683 8504 2926 1379 16775 2101 1900 5731 5119 3807 3680 14674 6300 15952 15386 3108 12278 3139 5595 9139 8374 5578 1191 1312 5471
is_linear=0
shrinkage=0.05


Tree=98
num_leaves=31
num_cat=0
split_feature=11 11 13 5 11 12 16 10 12 3 9 3 9 3 3 9 7 13 3 6 16 10 6 8 4 11 6 3 3 13
split_gain=51.0478 100.405 69.0882 59.0533 46.8516 46.9469 39.9385 38.0366 54.2971 37.3907 35.5046 34.9974 40.4262 32.8161 39.1871 35.4206 32.4246 29.9149 29.324 24.9304 23.3207 20.736 17.8855 17.8525 17.0137 18.3683 16.3501 16.0937 15.6105 14.7735
threshold=4.129261500000001 4.1176966072146834 0.72924000000000011 -0.24436550116236824 1.9232765000000003 1.0947705570466038 1.7395388719184928 37.118476645152903 1.4959327455681539 1315777783.1591022 7.6871483118841581 -823352822.41731453 2.3005042829131224 -2008842466.478658 -2925301406.5930724 2.5952505000000001 0.86698369409256137 1.2074310000000004 929559197.38500011 -91.169420768303269 1.2746126706800756 3.7805607968019297 -3.75761317600807 0.10712786255890959 -9.997287959336921 17.79597172525138 5.2033459752417643 548164193.65990078 463694872.75578517 0.97159941461969279
decision_type=2 2 2 2 2 2 2 2 2 2 2 2 2 2 2 2 2 2 2 2 2 2 2 2 2 2 2 2 2 2
left_child=1 2 4 18 5 9 10 8 -6 -1 13 -4 19 14 -5 -15 -12 -18 23 -13 -14 28 -20 -2 25 -25 -24 -9 -8 -28
right_child=3 -3 11 6 7 -7 21 27 -10 -11 16 12 20 15 -16 -17 17 -19 22 -21 -22 -23 26 24 -26 -27 29 -29 -30 -31
leaf_value=-0.012016681062609526 -0.034499278974553786 -0.054708330281673351 -0.14204657674054225 -0.010282790987016538 0.0048800408062596558 -0.067525797014127517 0.014042181216437678 0.021646738048139595 -0.049884002099540165 0.0056914041073938913 0.05642786234294396 0.06542945861115862 -0.0093080739010588855 -0.0025809037483841644 -0.069445973990921145 0.010226116314930575 0.014124670537803667 -0.10629190459677043 -0.050396037809965391 -0.041563723802350266 0.0552269468678869 0.033512368073987574 0.066393087199682788 0.019058652814142756 0.040435095175435441 -0.076584254514750982 -0.07220945737502478 0.066643695699917502 -0.044914856544250634 0.061363032171786402
leaf_weight=892.67248201835901 9.6839223690330964 96.668150530196726 6.4035176821053019 210.59091477002949 1468.6995865525678 31.848665630444884 40.883957035839558 58.75841036438942 46.700296822935343 447.55469608027488 50.319680461660028 5.6219923347234717 84.829609202221036 1901.4272205866873 32.278525633737445 753.9602546300739 123.06461625732481 5.3833113051950923 18.507359642535448 172.4331086864695 16.7654865141958 147.29605734348297 9.1984302513301373 30.870285155251622 202.53606827929616 5.9948565661907187 6.1990714836865664 30.025779612362385 15.478214489296077 3.1079537197947502
leaf_count=7229 66 1159 41 1903 12891 258 486 670 318 3136 791 32 620 17143 271 5793 1836 34 115 1866 124 1613 67 398 1901 75 43 204 110 17
internal_value=-6.62181e-05 -0.00448965 -0.00300158 0.0040995 -0.000745795 -0.007529 0.00219961 0.00505595 0.00319237 -0.00610325 0.000780327 -0.026472 -0.0238255 -0.000553571 -0.0181459 0.00105547 0.0224061 0.00907796 0.0258856 -0.0381855 0.00134166 0.0236432 -0.0156406 0.0320562 0.0347484 0.0035056 0.0191184 0.0368642 -0.00214864 -0.0276048
internal_weight=6925.76 3358.98 3262.31 3566.78 2976.26 1372.08 3280.68 1604.18 1515.4 1340.23 3077.02 286.054 279.65 2898.26 242.869 2655.39 178.768 128.448 286.098 178.055 101.595 203.658 37.0128 249.085 239.401 36.8651 18.5055 88.7842 56.3622 9.30703
internal_count=61210 28548 27389 32662 24706 10623 29980 14083 13209 10365 27771 2683 2642 25110 2174 22936 2661 1870 2682 1898 744 2209 242 2440 2374 473 127 874 596 60
is_linear=0
shrinkage=0.05


Tree=99
num_leaves=31
num_cat=0
split_feature=0 0 9 7 13 10 13 9 7 15 2 1 12 16 8 13 10 1 8 9 4 10 14 8 4 14 15 14 7 14
split_gain=46.1668 142.041 92.0709 204.392 75.9441 79.6574 71.9512 75.4444 125.344 59.0756 55.6874 52.9561 50.6906 50.581 41.5917 39.3176 43.7654 38.3696 35.2963 45.3928 34.7123 31.2323 53.4414 30.606 29.5718 37.7449 32.7208 28.513 24.7787 23.2119
threshold=1.1632230000000001 0.83146034272590941 1.7745570000000004 0.43555322593329598 0.74723773910913194 3.8530750769973525 0.067083771586489968 2.178325123232935 0.54098804659672284 -0.15355049999999998 0.31034628901411387 0.47264616609996368 1.3135559481084098 1.7395388719184928 0.10712786255890959 0.22508346297139256 1.4898252857228027 1.5711975000000002 0.74299150000000014 3.7024410953455331 2.1770098657558528 9.277035500000002 0.17501950000000002 0.47573950000000004 2.9939391533463353 -0.084114254375927164 -0.55824570603663937 -0.10393980089738279 0.58984468742234875 1.9017314254329161
decision_type=2 2 2 2 2 2 2 2 2 2 2 2 2 2 2 2 2 2 2 2 2 2 2 2 2 2 2 2 2 2
left_child=1 18 4 -4 5 15 -5 17 -9 14 -6 -3 -11 24 -7 -2 -17 -8 19 27 -20 23 -23 -12 25 -13 -26 -1 -22 -29
right_child=2 11 3 6 10 9 7 8 -10 12 21 13 -14 -15 -16 16 -18 -19 20 -21 28 22 -24 -25 26 -27 -28 29 -30 -31
leaf_value=0.015310147225641677 0.0076006118716680079 -0.066729570410426473 0.076429983248289035 -0.049772239301737138 -0.061445186571030513 -0.04401231561125761 -0.010026446830609706 0.074070474632906724 0.012015777659757469 0.014320197726689275 -0.036047174458515428 -0.010033937882371679 0.056751510407861416 0.020853282993017978 0.0023620346865700645 -0.053504010008940651 -0.012881468839477148 0.018210212941983082 0.0048444855771942758 0.054398141087058496 -0.032939256319426319 0.01388329029888527 -0.041601777207644491 0.05628378982108323 0.010646314254162697 -0.039522681558787368 -0.020041939933415426 -0.017464549939478408 0.031728981758896983 0.076009405472591718
leaf_weight=92.471139496192336 201.47115997225046 56.75859884545207 112.73679435718805 54.028172545135021 74.386422920972109 51.839477709494531 553.91548147238791 88.661103877238929 990.28910411009565 474.35035468637943 153.35653262957931 168.62610502354801 82.651676043868065 80.722722463309765 718.13951435685158 75.478876972571015 545.43131841719151 153.69107341207564 602.41613489761949 29.568085580132902 15.872873401269315 155.2117492556572 60.241242181509733 9.5333159975707513 125.15446583367884 304.40184943564236 283.8773729680106 361.33489928301424 221.78857078962028 6.7659216225147238
leaf_count=796 1377 358 871 572 701 517 4511 734 7824 3565 1759 1473 554 883 7386 710 5140 1185 8820 398 104 1086 572 84 789 1794 2367 2169 2078 33
internal_value=-6.27371e-05 -0.0057552 0.00287353 0.0110778 -0.00328523 0.000635081 0.00707498 0.00879413 0.017115 0.0082127 -0.0218971 -0.0197971 0.0206164 -0.0170303 -0.000760157 -0.011592 -0.0178196 -0.00389349 0.00500715 -0.00565569 0.0112283 -0.0141216 -0.00163049 -0.0306434 -0.0204972 -0.0290105 -0.010652 -0.00951107 0.0274099 -0.0157464
internal_weight=6905.17 2349.76 4555.41 1953.32 2602.09 2149.36 1840.58 1786.56 1078.95 1326.98 452.729 1019.54 557.002 962.783 769.979 822.381 620.91 707.607 1330.22 490.14 840.078 378.343 215.453 162.89 882.06 473.028 409.032 460.572 237.661 368.101
internal_count=61210 22062 39148 15697 23451 19249 14826 14254 8558 12022 4202 7664 4119 7306 7903 7227 5850 5696 14398 3396 11002 3501 1658 1843 6423 3267 3156 2998 2182 2202
is_linear=0
shrinkage=0.05


Tree=100
num_leaves=31
num_cat=0
split_feature=16 11 5 3 10 13 0 3 9 13 10 3 3 9 5 1 11 3 0 15 0 3 10 13 8 3 0 3 8 15
split_gain=48.8163 53.8553 66.6198 53.8337 54.546 48.9179 48.1002 103.008 48.8416 38.6645 37.9199 34.9743 34.1292 33.1272 54.5366 40.3193 32.2872 44.8231 31.559 30.2445 27.567 26.7822 26.2524 31.3076 26.7635 24.3709 21.076 20.0572 19.5543 15.3808
threshold=4.1931887143493514 1.9232765000000003 0.0015009840355846081 1618979595.3339245 7.1189557188586958 0.3161627594677569 1.2537020000000003 112635448.15069546 1.2939764618910654 0.51893600000000017 4.015694122933211 4549091951.8252401 -977269316.22793663 1.5385250000000001 0.37690983681956453 0.57384500000000005 0.59432750000000012 1315777783.1591022 1.2978341976051107 -0.78035547134470118 16.335874121212608 700857668.65500009 1.2165560000000002 0.36525193359732383 0.17050456724355226 -729812567.82873023 6.9320375000000007 4198057687.5939326 0.46109516259032968 12.949747232497177
decision_type=2 2 2 2 2 2 2 2 2 2 2 2 2 2 2 2 2 2 2 2 2 2 2 2 2 2 2 2 2 2
left_child=1 5 9 6 27 16 7 -4 -8 22 11 -11 -12 20 15 -15 25 21 -6 -19 -7 -18 23 -3 -24 -1 -27 -5 -16 -2
right_child=29 2 3 4 18 13 8 -9 -10 10 12 -13 -14 14 28 -17 17 19 -20 -21 -22 -23 24 -25 -26 26 -28 -29 -30 -31
leaf_value=-0.079159603416799063 0.02360873168154376 0.00095212742154542832 -0.0015470832788162994 -0.047219585091955528 -0.055776767764117142 -0.043516962271470283 -0.0097093823499140655 -0.038191471004201366 0.0099514175965226392 -0.023922240364915429 -0.058657852861964455 0.062493687039893657 0.010874003793878172 -0.053451619770473129 0.093560870905870508 -0.010454837719262127 0.0022340293023776535 -0.029808780993799217 0.0053004279758788308 0.042879975091351337 0.067348662184362279 -0.036171434297838249 -0.016161829414570249 -0.096951297358294677 0.022188809575738495 -0.017432900957048702 0.043719011356701531 -0.014408244111306487 0.0089564790859156702 -0.019528438551536242
leaf_weight=14.944381240755318 256.28712181467563 69.339686661958694 1346.5269105909392 148.41912301536649 23.760709213092923 166.96073412150145 413.97813167050481 223.62697466183454 1333.0976237216964 175.60632055439055 18.337175553664565 12.544948622584341 469.66487860586494 67.41057075932622 14.778023226186635 285.19599600695074 331.5142482612282 16.715733096003532 192.47268819436431 99.450492665171623 5.801905612461268 52.596254074946046 48.564227946102619 9.2557125054299814 719.18786611501127 200.32136648148298 15.155909873545168 67.87685836199671 12.697978181764482 22.476210227236152
leaf_count=122 2676 632 11859 1609 252 1796 4284 1678 12571 1472 181 68 3728 497 106 2170 2812 114 1639 627 44 390 343 66 6844 1273 94 738 85 164
internal_value=-0.000361712 -0.00123308 0.00100295 -0.00257843 -0.0191695 -0.0104178 -0.000415134 -0.00676611 0.0052927 0.00982351 0.000908968 -0.0181605 0.00826127 -0.0216397 -0.0133879 -0.0186749 -0.00192731 0.0052057 -0.00141101 0.0324204 -0.0397938 -0.00302483 0.0169454 -0.0105774 0.0197629 -0.017414 -0.0131317 -0.0369229 0.0544611 0.0201307
internal_weight=6834.57 6555.8 5272.26 3749.76 432.529 1283.54 3317.23 1570.15 1747.08 1522.5 676.153 188.151 488.002 552.845 380.083 352.607 730.698 500.277 216.233 116.166 172.763 384.111 846.347 78.5954 767.752 230.422 215.477 216.296 27.476 278.763
internal_count=60934 58094 47964 34630 4238 10130 30392 13537 16855 13334 5449 1540 3909 4698 2858 2667 5432 3943 1891 741 1840 3202 7885 698 7187 1489 1367 2347 191 2840
is_linear=0
shrinkage=0.05


Tree=101
num_leaves=31
num_cat=0
split_feature=16 15 15 3 15 4 16 16 3 0 16 12 13 15 9 0 10 3 3 15 12 4 4 2 12 15 5 4 3 15
split_gain=44.5826 43.8316 70.386 77.0334 49.1777 153.491 67.9598 119.615 51.7551 47.9795 44.938 40.3523 62.2211 56.6338 39.7919 39.2179 34.6457 45.431 29.8357 27.4858 17.8054 17.6639 32.3338 16.4055 15.8986 15.1462 14.8156 11.7554 10.9085 8.96094
threshold=4.1931887143493514 1.4664663879511679 -0.15547933117248722 832347534.31500018 -0.15355049999999998 1.0681181044507062 0.11364250000000002 0.11336008305615382 758458295.61039031 1.3245060000000002 0.15438059667733231 0.80566329890074206 0.26522072405043667 -0.96906901059570327 2.0203493920867657 1.2898224963161389 1.9903911748183505 2497179927.9672031 -576495333.18750083 1.5664525000000002 4.3573922946545709 2.5099289275639984 1.0079748951842518 0.17666770349600716 0.043930987505983232 12.949747232497177 -0.6790435605751205 1.2606561092216257 10881424774.977518 -0.15547933117248722
decision_type=2 2 2 2 2 2 2 2 2 2 2 2 2 2 2 2 2 2 2 2 2 2 2 2 2 2 2 2 2 2
left_child=1 2 3 11 6 -6 7 -4 -8 -5 20 13 -13 -1 -11 -7 19 18 -18 -12 21 22 -3 -23 -2 26 -26 -21 29 -28
right_child=24 10 4 9 5 15 8 -9 -10 14 16 12 -14 -15 -16 -17 17 -19 -20 27 -22 23 -24 -25 25 -27 28 -29 -30 -31
leaf_value=0.0049873905441920876 -0.084343922527951476 0.053096227807117008 -0.013011715695015955 -0.054635178355146433 0.056955528045467545 -0.019166513818290928 0.0026102861931952479 -0.056808138735288442 -0.02904261084043417 -0.016142183608509202 0.10165480682965274 -0.03340606289571952 0.0064112388339966145 0.034045010505980605 0.011081434489615223 -1.2069630327828623e-05 -0.040722801542912655 -0.043140135716236358 0.014068177644293049 0.04558676716779296 -0.070015772586170658 0.05753615945006562 -0.023267832886655598 0.026201452636181795 -0.051905663675597624 -0.018453547155863292 0.04701477681849834 -0.048860642626253503 -0.067990413962454088 0.022672399075869279
leaf_weight=369.20996069908142 3.6471377015113822 21.988670870661736 660.45582116022706 58.455780897289515 106.09868096280843 377.36418817006052 681.66885503381491 204.0731454230845 159.32565819099545 409.20533564500511 3.4930468723177901 107.01001277007163 1180.3219066048041 307.21386557724327 199.75046259537339 915.63812997192144 26.421914583072066 42.80772908963263 416.5914061171934 3.5157368648797265 4.6446386985480776 61.103223945945501 37.505443898960948 132.02774183824658 6.2188981380313626 22.593052798882127 47.01547965593636 52.365734867751598 3.0323557723313561 193.01988401263952
leaf_count=3010 27 242 5663 529 1275 2742 6000 6658 948 3702 25 863 8968 2636 1264 8166 183 375 2924 28 32 363 246 762 71 164 565 490 30 1983
internal_value=-0.000345719 -0.00117597 -0.00270723 0.00330931 -0.00780625 -0.000858338 -0.0135059 -0.0233499 -0.00338633 -0.0113658 0.00976904 0.00829688 0.00310141 0.0181846 -0.00721226 -0.00560232 0.00164108 0.00604745 0.0108004 -0.0344132 0.0269935 0.0287771 0.00495587 0.0361152 0.0193562 0.0207473 0.0243001 -0.0429186 0.0262498 0.0274403
internal_weight=6813.78 6538.26 5735.79 2631.17 3104.62 1399.1 1705.52 864.529 840.995 667.412 802.465 1963.76 1287.33 676.424 608.956 1293 545.196 485.821 443.013 59.3745 257.27 252.625 59.4941 193.131 275.527 271.88 249.287 55.8815 243.068 240.035
internal_count=60934 58094 52424 20972 31452 12183 19269 12321 6948 5495 5670 15477 9831 5646 4966 10908 4025 3482 3107 543 1645 1613 488 1125 2840 2813 2649 518 2578 2548
is_linear=0
shrinkage=0.05


Tree=102
num_leaves=31
num_cat=0
split_feature=11 11 13 5 6 6 11 13 7 12 9 0 5 0 14 14 13 9 13 7 11 8 6 5 9 13 13 6 11 13
split_gain=43.9025 81.9577 66.5592 58.9477 58.4737 45.6203 44.1982 42.7566 51.041 41.7127 41.0334 41.8437 72.5546 55.3164 42.4645 44.4229 39.9179 30.1856 29.139 29.013 26.2776 25.6075 25.5776 25.3267 50.8789 22.8009 22.0273 21.2037 20.4332 19.4032
threshold=4.129261500000001 4.1176966072146834 0.74723773910913194 -0.061817710531760418 -1.5295261441321355 5.2033459752417643 1.7704073778535259 0.26799744300656408 0.19369491007209236 0.89796578741171584 7.6871483118841581 1.4058176656348667 0.361763307196935 0.82303159893494071 0.19421300000000002 0.075600500000000015 1.7683989551176691 2.3723995000000007 0.68278797201464114 0.87958436165967369 0.12594786088780099 0.15565350000000003 -64.279283088684807 -0.35251649999999995 2.0203493920867657 0.50874756000229937 0.26522072405043667 47.850285000000007 40.886008679024741 1.4288555000000003
decision_type=2 2 2 2 2 2 2 2 2 2 2 2 2 2 2 2 2 2 2 2 2 2 2 2 2 2 2 2 2 2
left_child=1 2 6 4 16 -6 9 27 -9 20 11 12 13 -5 15 -13 23 22 -11 -12 -1 -7 -4 -2 -25 -16 -14 -8 29 -21
right_child=3 -3 17 10 5 21 7 8 -10 18 19 14 26 -15 25 -17 -18 -19 -20 28 -22 -23 -24 24 -26 -27 -28 -29 -30 -31
leaf_value=-0.046001463889582248 0.029116282448310767 -0.05018237967458436 0.055834877131410887 0.0078413874393802856 0.058988251523276393 -0.039686328673682686 0.015645983719967015 -0.030434510336573396 0.0029681215282289057 -0.055205491633285225 0.052373855858662992 0.0039440049192454628 -0.08316514205619327 -0.01250614729389765 0.0096790340926997606 0.028065621819749059 -0.062758356218104966 -0.0048256909511854469 0.033559175477977175 0.021619675897390261 -0.004449385476844577 0.024779878000874198 -0.045747460547629799 -0.02801289488545429 0.016465822149932294 -0.023305967781288531 -0.032096573026216872 0.065636596138446898 -0.048463985788231453 -0.10693425107112629
leaf_weight=39.40646686591208 113.02921321708709 95.231743768788874 6.4660700485110274 609.88207619078457 116.69455978088081 17.876388785429299 376.15586686693132 126.35061476286501 1205.7512193536386 68.963590166997164 60.031265767291188 685.17180103436112 26.803541831672192 738.44960841489956 76.824097557924688 264.56937567330897 20.318543361499906 87.740723000839353 10.676997823640702 87.501197166740894 1104.3690300080925 111.39434015378356 148.77167947776616 98.088343816809356 186.61680607125163 164.73274270072579 99.494670351035893 22.479259200394154 13.579966418445109 3.0371143482625476
leaf_count=224 1180 1201 34 5507 1226 110 3481 1479 10346 762 988 6877 152 5646 586 2099 140 644 88 1359 8483 787 1677 902 1779 1829 1019 115 200 14
internal_value=-0.000330599 -0.00447352 -0.00311201 0.00357313 0.0169805 0.0363242 -0.001043 0.00409894 -0.000200137 -0.00831718 0.00042736 -0.00106659 -0.00669686 -0.00330248 0.00590276 0.0106636 0.00559951 -0.0282671 -0.0433053 0.0246903 -0.00588098 0.0158651 -0.0415163 0.00909162 0.00114174 -0.0128155 -0.0429346 0.018465 0.00872889 0.0173073
internal_weight=6786.46 3292.36 3197.13 3494.1 664.018 245.965 2954.15 1730.74 1332.1 1223.42 2830.08 2665.93 1474.63 1348.33 1191.3 949.741 418.053 242.978 79.6406 164.15 1143.78 129.271 155.238 397.734 284.705 241.557 126.298 398.635 104.118 90.5383
internal_count=60934 28534 27333 32400 6124 2123 24978 15421 11825 9557 26276 23715 12324 11153 11391 8976 4001 2355 850 2561 8707 897 1711 3861 2681 2415 1171 3596 1573 1373
is_linear=0
shrinkage=0.05


end of trees

feature_importances:
F010601A=445
F011601A=292
F081601B=252
F040202B=246
F011201A=210
F080601A=198
F040502B=189
F081001B=182
F041702B=162
F010101A=161
F010901B=156
F010701B=154
F010801B=150
F041202B=104
F011401A=69
F010201A=68
F010401A=52

parameters:
[boosting: gbdt]
[objective: binary]
[metric: auc]
[tree_learner: serial]
[device_type: cpu]
[data_sample_strategy: bagging]
[data: ]
[valid: ]
[num_iterations: 1000]
[learning_rate: 0.05]
[num_leaves: 31]
[num_threads: 0]
[seed: 42]
[deterministic: 0]
[force_col_wise: 0]
[force_row_wise: 0]
[histogram_pool_size: -1]
[max_depth: 6]
[min_data_in_leaf: 20]
[min_sum_hessian_in_leaf: 0.001]
[bagging_fraction: 0.8]
[pos_bagging_fraction: 1]
[neg_bagging_fraction: 1]
[bagging_freq: 5]
[bagging_seed: 400]
[bagging_by_query: 0]
[feature_fraction: 0.8]
[feature_fraction_bynode: 1]
[feature_fraction_seed: 30056]
[extra_trees: 0]
[extra_seed: 12879]
[early_stopping_round: 0]
[early_stopping_min_delta: 0]
[first_metric_only: 0]
[max_delta_step: 0]
[lambda_l1: 0]
[lambda_l2: 0]
[linear_lambda: 0]
[min_gain_to_split: 0]
[drop_rate: 0.1]
[max_drop: 50]
[skip_drop: 0.5]
[xgboost_dart_mode: 0]
[uniform_drop: 0]
[drop_seed: 17869]
[top_rate: 0.2]
[other_rate: 0.1]
[min_data_per_group: 100]
[max_cat_threshold: 32]
[cat_l2: 10]
[cat_smooth: 10]
[max_cat_to_onehot: 4]
[top_k: 20]
[monotone_constraints: ]
[monotone_constraints_method: basic]
[monotone_penalty: 0]
[feature_contri: ]
[forcedsplits_filename: ]
[refit_decay_rate: 0.9]
[cegb_tradeoff: 1]
[cegb_penalty_split: 0]
[cegb_penalty_feature_lazy: ]
[cegb_penalty_feature_coupled: ]
[path_smooth: 0]
[interaction_constraints: ]
[verbosity: -1]
[saved_feature_importance_type: 0]
[use_quantized_grad: 0]
[num_grad_quant_bins: 4]
[quant_train_renew_leaf: 0]
[stochastic_rounding: 1]
[linear_tree: 0]
[max_bin: 255]
[max_bin_by_feature: ]
[min_data_in_bin: 3]
[bin_construct_sample_cnt: 200000]
[data_random_seed: 175]
[is_enable_sparse: 1]
[enable_bundle: 1]
[use_missing: 1]
[zero_as_missing: 0]
[feature_pre_filter: 1]
[pre_partition: 0]
[two_round: 0]
[header: 0]
[label_column: ]
[weight_column: ]
[group_column: ]
[ignore_column: ]
[categorical_feature: ]
[forcedbins_filename: ]
[precise_float_parser: 0]
[parser_config_file: ]
[objective_seed: 16083]
[num_class: 1]
[is_unbalance: 0]
[scale_pos_weight: 1]
[sigmoid: 1]
[boost_from_average: 1]
[reg_sqrt: 0]
[alpha: 0.9]
[fair_c: 1]
[poisson_max_delta_step: 0.7]
[tweedie_variance_power: 1.5]
[lambdarank_truncation_level: 30]
[lambdarank_norm: 1]
[label_gain: ]
[lambdarank_position_bias_regularization: 0]
[eval_at: ]
[multi_error_top_k: 1]
[auc_mu_weights: ]
[num_machines: 1]
[local_listen_port: 12400]
[time_out: 120]
[machine_list_filename: ]
[machines: ]
[gpu_platform_id: -1]
[gpu_device_id: -1]
[gpu_device_id_list: ]
[gpu_use_dp: 0]
[num_gpu: 1]

end of parameters

pandas_categorical:[]
